2026-01-31 15:35:17,781 [INFO] Activator:176 - 


2026-01-31 15:35:17,793 [INFO] Activator:177 - !SESSION log4j initialized
2026-01-31 15:35:30,561 [INFO] LogOutputStream:77 - [STDOUT_REDIRECT] 
2026-01-31 15:35:36,853 [INFO] ApplicationProperties:184 - Using Application install path: C:\ST\STM32CubeIDE_1.18.0\STM32CubeIDE\plugins\com.st.stm32cube.common.mx_6.14.0.202502271554
2026-01-31 15:35:36,904 [INFO] DbMcusXml:78 - Set database path to: C:\ST\STM32CubeIDE_1.18.0\STM32CubeIDE\plugins\com.st.stm32cube.common.mx_6.14.0.202502271554\\db\/mcu/
2026-01-31 15:35:36,905 [INFO] ApiDb:274 - Set plugin database path to: C:\ST\STM32CubeIDE_1.18.0\STM32CubeIDE\plugins\com.st.stm32cube.common.mx_6.14.0.202502271554\\db\/plugins/boardmanager/
2026-01-31 15:35:36,906 [WARN] ApiDb:259 - Overriding images path with different value:  => C:\ST\STM32CubeIDE_1.18.0\STM32CubeIDE\plugins\com.st.stm32cube.common.mx_6.14.0.202502271554\\db\/plugins/mcufinder/images/
2026-01-31 15:35:36,922 [INFO] ApiDb:250 - Set database path to: C:\Users\lthst\.stmcufinder\plugins\mcufinder//mcu/
2026-01-31 15:35:36,926 [INFO] DbMcusAds:125 - Set database path to: C:\Users\lthst\.stmcufinder\plugins\mcufinder//mcu/
2026-01-31 15:35:36,932 [INFO] CrossReferenceDbSqlite:203 - Set database path to: C:\Users\lthst\.stmcufinder\plugins\mcufinder//mcu/cs/
2026-01-31 15:35:37,372 [INFO] RulesReader:64 - Compatibility file has been processed (301 Rules)
2026-01-31 15:35:37,694 [INFO] DbMcusXml:78 - Set database path to: C:\ST\STM32CubeIDE_1.18.0\STM32CubeIDE\plugins\com.st.stm32cube.common.mx_6.14.0.202502271554\\db\/mcu/
2026-01-31 15:35:37,695 [INFO] ApiDb:274 - Set plugin database path to: C:\ST\STM32CubeIDE_1.18.0\STM32CubeIDE\plugins\com.st.stm32cube.common.mx_6.14.0.202502271554\\db\/plugins/boardmanager/
2026-01-31 15:35:37,695 [INFO] ApiDb:261 - Set plugin images path to: C:\ST\STM32CubeIDE_1.18.0\STM32CubeIDE\plugins\com.st.stm32cube.common.mx_6.14.0.202502271554\\db\/plugins/mcufinder/images/
2026-01-31 15:35:37,697 [WARN] DbFile:41 - Overriding database path with different value: C:\Users\lthst\.stmcufinder\plugins\mcufinder/ => C:\Users\lthst\.stmcufinder\plugins\mcufinder
2026-01-31 15:35:37,697 [INFO] ApiDb:250 - Set database path to: C:\Users\lthst\.stmcufinder\plugins\mcufinder//mcu/
2026-01-31 15:35:37,697 [WARN] DbFile:41 - Overriding database path with different value: C:\Users\lthst\.stmcufinder\plugins\mcufinder/ => C:\Users\lthst\.stmcufinder\plugins\mcufinder
2026-01-31 15:35:37,698 [INFO] DbMcusAds:125 - Set database path to: C:\Users\lthst\.stmcufinder\plugins\mcufinder//mcu/
2026-01-31 15:35:37,698 [WARN] DbFile:41 - Overriding database path with different value: C:\Users\lthst\.stmcufinder\plugins\mcufinder/ => C:\Users\lthst\.stmcufinder\plugins\mcufinder
2026-01-31 15:35:37,698 [WARN] DbFile:41 - Overriding database path with different value: C:\Users\lthst\.stmcufinder\plugins\mcufinder/ => C:\Users\lthst\.stmcufinder\plugins\mcufinder
2026-01-31 15:35:37,698 [INFO] CrossReferenceDbSqlite:203 - Set database path to: C:\Users\lthst\.stmcufinder\plugins\mcufinder//mcu/cs/
2026-01-31 15:35:37,932 [INFO] MainPanel:272 - HeapMemory: 268435456
2026-01-31 15:35:38,186 [INFO] DbMcusXml:78 - Set database path to: C:\ST\STM32CubeIDE_1.18.0\STM32CubeIDE\plugins\com.st.stm32cube.common.mx_6.14.0.202502271554\\db\/mcu/
2026-01-31 15:35:38,186 [INFO] ApiDb:274 - Set plugin database path to: C:\ST\STM32CubeIDE_1.18.0\STM32CubeIDE\plugins\com.st.stm32cube.common.mx_6.14.0.202502271554\\db\/plugins/boardmanager/
2026-01-31 15:35:38,186 [INFO] ApiDb:261 - Set plugin images path to: C:\ST\STM32CubeIDE_1.18.0\STM32CubeIDE\plugins\com.st.stm32cube.common.mx_6.14.0.202502271554\\db\/plugins/mcufinder/images/
2026-01-31 15:35:38,187 [WARN] DbFile:41 - Overriding database path with different value: C:\Users\lthst\.stmcufinder\plugins\mcufinder/ => C:\Users\lthst\.stmcufinder\plugins\mcufinder
2026-01-31 15:35:38,188 [INFO] ApiDb:250 - Set database path to: C:\Users\lthst\.stmcufinder\plugins\mcufinder//mcu/
2026-01-31 15:35:38,188 [WARN] DbFile:41 - Overriding database path with different value: C:\Users\lthst\.stmcufinder\plugins\mcufinder/ => C:\Users\lthst\.stmcufinder\plugins\mcufinder
2026-01-31 15:35:38,188 [INFO] DbMcusAds:125 - Set database path to: C:\Users\lthst\.stmcufinder\plugins\mcufinder//mcu/
2026-01-31 15:35:38,189 [WARN] DbFile:41 - Overriding database path with different value: C:\Users\lthst\.stmcufinder\plugins\mcufinder/ => C:\Users\lthst\.stmcufinder\plugins\mcufinder
2026-01-31 15:35:38,189 [WARN] DbFile:41 - Overriding database path with different value: C:\Users\lthst\.stmcufinder\plugins\mcufinder/ => C:\Users\lthst\.stmcufinder\plugins\mcufinder
2026-01-31 15:35:38,189 [INFO] CrossReferenceDbSqlite:203 - Set database path to: C:\Users\lthst\.stmcufinder\plugins\mcufinder//mcu/cs/
2026-01-31 15:35:38,244 [INFO] ApplicationProperties:184 - Using Application install path: C:\ST\STM32CubeIDE_1.18.0\STM32CubeIDE\plugins\com.st.stm32cube.common.mx_6.14.0.202502271554
2026-01-31 15:35:38,248 [INFO] PluginManage:196 - Search for loadable plugins [exclusion list=, ]
2026-01-31 15:35:38,251 [INFO] PluginManage:310 - Check plugin analytics
2026-01-31 15:35:39,014 [INFO] AnalyticsPlugin:253 - Accepted Software Licenses: 
2026-01-31 15:35:39,015 [INFO] AnalyticsPlugin:255 - Accepted CMSIS Pack Licenses: 
2026-01-31 15:35:39,016 [INFO] AnalyticsPlugin:257 - Accepted Firmware Licenses: FW.F4.1.28.0
2026-01-31 15:35:39,026 [INFO] PluginManage:359 - Loaded plugin analytics (category:tool,tabindex:-1)
2026-01-31 15:35:39,027 [INFO] PluginManage:310 - Check plugin cadmodel
2026-01-31 15:35:39,074 [INFO] CADModel:105 - Init CAD model plugin
2026-01-31 15:35:39,074 [INFO] PluginManage:359 - Loaded plugin cadmodel (category:power,tabindex:5)
2026-01-31 15:35:39,075 [INFO] PluginManage:310 - Check plugin clock
2026-01-31 15:35:39,138 [INFO] PluginManage:359 - Loaded plugin clock (category:base,tabindex:2)
2026-01-31 15:35:39,138 [INFO] PluginManage:310 - Check plugin ddr
2026-01-31 15:35:39,147 [INFO] PluginManage:359 - Loaded plugin ddr (category:tool,tabindex:6)
2026-01-31 15:35:39,147 [INFO] PluginManage:310 - Check plugin filemanager
2026-01-31 15:35:39,511 [INFO] PluginManage:359 - Loaded plugin filemanager (category:base,tabindex:10)
2026-01-31 15:35:39,511 [INFO] PluginManage:310 - Check plugin ipmanager
2026-01-31 15:35:39,531 [INFO] PluginManage:359 - Loaded plugin ipmanager (category:base,tabindex:5)
2026-01-31 15:35:39,532 [INFO] PluginManage:310 - Check plugin lpbam
2026-01-31 15:35:39,605 [INFO] PluginManage:359 - Loaded plugin lpbam (category:base,tabindex:0)
2026-01-31 15:35:39,605 [INFO] PluginManage:310 - Check plugin memorymap
2026-01-31 15:35:39,694 [INFO] PluginManage:359 - Loaded plugin memorymap (category:base,tabindex:4)
2026-01-31 15:35:39,694 [INFO] PluginManage:310 - Check plugin pinoutandconfiguration
2026-01-31 15:35:39,765 [INFO] PluginManage:359 - Loaded plugin pinoutandconfiguration (category:base,tabindex:1)
2026-01-31 15:35:39,766 [INFO] PluginManage:310 - Check plugin pinoutconfig
2026-01-31 15:35:40,073 [WARN] SupportedApi:132 - Cannot load RTOS API schema: s4s-elt-must-match.1: The content of 'definitions' must match (annotation?, (simpleType | complexType)?, (unique | key | keyref)*)). A problem was found starting at: attribute.
2026-01-31 15:35:40,472 [INFO] PluginManage:359 - Loaded plugin pinoutconfig (category:base,tabindex:0)
2026-01-31 15:35:40,473 [INFO] PluginManage:310 - Check plugin power
2026-01-31 15:35:40,545 [INFO] PluginManage:359 - Loaded plugin power (category:power,tabindex:4)
2026-01-31 15:35:40,546 [INFO] PluginManage:310 - Check plugin projectmanager
2026-01-31 15:35:40,613 [INFO] PluginManage:359 - Loaded plugin projectmanager (category:projectmanager,tabindex:4)
2026-01-31 15:35:40,614 [INFO] PluginManage:310 - Check plugin rif
2026-01-31 15:35:40,701 [INFO] PluginManage:359 - Loaded plugin rif (category:base,tabindex:3)
2026-01-31 15:35:40,702 [INFO] PluginManage:310 - Check plugin thirdparty
2026-01-31 15:35:41,695 [INFO] PluginManage:359 - Loaded plugin thirdparty (category:base,tabindex:-1)
2026-01-31 15:35:41,695 [WARN] IntegrityCheckThread:84 - waiting for thirdparty lock release [integrity check]
2026-01-31 15:35:41,696 [INFO] IntegrityCheckThread:86 - entering critical section [integrity check]
2026-01-31 15:35:41,696 [INFO] PluginManage:310 - Check plugin tools
2026-01-31 15:35:41,696 [INFO] ThirdPartyUpdaterWithRetryManager:70 - Updater plugin not ready yet. [1/15]
2026-01-31 15:35:41,867 [INFO] PluginManage:359 - Loaded plugin tools (category:base,tabindex:7)
2026-01-31 15:35:41,868 [INFO] PluginManage:310 - Check plugin tutovideos
2026-01-31 15:35:42,452 [INFO] PluginManage:359 - Loaded plugin tutovideos (category:base,tabindex:-1)
2026-01-31 15:35:42,452 [INFO] PluginManage:310 - Check plugin updater
2026-01-31 15:35:42,495 [INFO] PluginManage:359 - Loaded plugin updater (category:base,tabindex:12)
2026-01-31 15:35:42,496 [INFO] PluginManage:310 - Check plugin userauth
2026-01-31 15:35:42,507 [INFO] UserAuth:118 - Init User Auth plugin
2026-01-31 15:35:42,508 [INFO] PluginManage:359 - Loaded plugin userauth (category:base,tabindex:14)
2026-01-31 15:35:42,509 [INFO] PluginManage:283 - PluginManage : Loaded plugins [18]
2026-01-31 15:35:42,903 [INFO] PinOutPanel:1589 - setPackage(No Configuration,No Configuration)
2026-01-31 15:35:43,058 [INFO] CADModel:165 - CPN selected for project level
2026-01-31 15:35:43,058 [INFO] CADModel:114 - Register for checkConnection events
2026-01-31 15:35:43,110 [INFO] IPUIPlugin:80 - create IPUIPlugin
2026-01-31 15:35:43,111 [INFO] PluginManager:220 - loadIPPluginJar : add adc
2026-01-31 15:35:43,204 [INFO] IPUIPlugin:80 - create IPUIPlugin
2026-01-31 15:35:43,204 [INFO] PluginManager:220 - loadIPPluginJar : add aes
2026-01-31 15:35:43,307 [INFO] IPUIPlugin:80 - create IPUIPlugin
2026-01-31 15:35:43,307 [INFO] PluginManager:220 - loadIPPluginJar : add can
2026-01-31 15:35:43,367 [INFO] IPUIPlugin:80 - create IPUIPlugin
2026-01-31 15:35:43,367 [INFO] PluginManager:220 - loadIPPluginJar : add comp
2026-01-31 15:35:43,448 [INFO] IPUIPlugin:80 - create IPUIPlugin
2026-01-31 15:35:43,448 [INFO] PluginManager:220 - loadIPPluginJar : add cryp
2026-01-31 15:35:43,477 [INFO] IPUIPlugin:80 - create IPUIPlugin
2026-01-31 15:35:43,477 [INFO] PluginManager:220 - loadIPPluginJar : add ddr_ctrl_phy
2026-01-31 15:35:43,547 [INFO] IPUIPlugin:80 - create IPUIPlugin
2026-01-31 15:35:43,547 [INFO] PluginManager:220 - loadIPPluginJar : add dfsdm
2026-01-31 15:35:43,575 [INFO] IPUIPlugin:80 - create IPUIPlugin
2026-01-31 15:35:43,576 [INFO] PluginManager:220 - loadIPPluginJar : add dma
2026-01-31 15:35:43,661 [INFO] IPUIPlugin:80 - create IPUIPlugin
2026-01-31 15:35:43,661 [INFO] PluginManager:220 - loadIPPluginJar : add dma3
2026-01-31 15:35:43,755 [INFO] IPUIPlugin:80 - create IPUIPlugin
2026-01-31 15:35:43,755 [INFO] PluginManager:220 - loadIPPluginJar : add extmemmanager
2026-01-31 15:35:43,799 [INFO] IPUIPlugin:80 - create IPUIPlugin
2026-01-31 15:35:43,799 [INFO] PluginManager:220 - loadIPPluginJar : add fatfs
2026-01-31 15:35:43,892 [INFO] IPUIPlugin:80 - create IPUIPlugin
2026-01-31 15:35:43,892 [INFO] PluginManager:220 - loadIPPluginJar : add fmc
2026-01-31 15:35:43,920 [INFO] IPUIPlugin:80 - create IPUIPlugin
2026-01-31 15:35:43,921 [INFO] PluginManager:220 - loadIPPluginJar : add freertos
2026-01-31 15:35:43,962 [INFO] IPUIPlugin:80 - create IPUIPlugin
2026-01-31 15:35:43,962 [INFO] PluginManager:220 - loadIPPluginJar : add genericplugin
2026-01-31 15:35:44,137 [INFO] IPUIPlugin:80 - create IPUIPlugin
2026-01-31 15:35:44,137 [INFO] PluginManager:220 - loadIPPluginJar : add gfxmmu
2026-01-31 15:35:44,366 [INFO] IPUIPlugin:80 - create IPUIPlugin
2026-01-31 15:35:44,366 [INFO] PluginManager:220 - loadIPPluginJar : add gic
2026-01-31 15:35:44,390 [INFO] IPUIPlugin:80 - create IPUIPlugin
2026-01-31 15:35:44,390 [INFO] PluginManager:220 - loadIPPluginJar : add gpio
2026-01-31 15:35:44,540 [INFO] IPUIPlugin:80 - create IPUIPlugin
2026-01-31 15:35:44,540 [INFO] PluginManager:220 - loadIPPluginJar : add gtzc
2026-01-31 15:35:44,603 [INFO] IPUIPlugin:80 - create IPUIPlugin
2026-01-31 15:35:44,603 [INFO] PluginManager:220 - loadIPPluginJar : add hash
2026-01-31 15:35:44,704 [INFO] ThirdPartyUpdaterWithRetryManager:70 - Updater plugin not ready yet. [2/15]
2026-01-31 15:35:44,713 [INFO] IPUIPlugin:80 - create IPUIPlugin
2026-01-31 15:35:44,713 [INFO] PluginManager:220 - loadIPPluginJar : add i2c
2026-01-31 15:35:44,787 [INFO] IPUIPlugin:80 - create IPUIPlugin
2026-01-31 15:35:44,787 [INFO] PluginManager:220 - loadIPPluginJar : add i2s
2026-01-31 15:35:44,867 [INFO] IPUIPlugin:80 - create IPUIPlugin
2026-01-31 15:35:44,868 [INFO] PluginManager:220 - loadIPPluginJar : add i3c
2026-01-31 15:35:45,040 [INFO] IPUIPlugin:80 - create IPUIPlugin
2026-01-31 15:35:45,040 [INFO] PluginManager:220 - loadIPPluginJar : add ipddr
2026-01-31 15:35:45,194 [INFO] IPUIPlugin:80 - create IPUIPlugin
2026-01-31 15:35:45,194 [INFO] PluginManager:220 - loadIPPluginJar : add linkedlist
2026-01-31 15:35:45,254 [INFO] IPUIPlugin:80 - create IPUIPlugin
2026-01-31 15:35:45,254 [INFO] PluginManager:220 - loadIPPluginJar : add lorawan
2026-01-31 15:35:45,316 [INFO] IPUIPlugin:80 - create IPUIPlugin
2026-01-31 15:35:45,317 [INFO] PluginManager:220 - loadIPPluginJar : add ltdc
2026-01-31 15:35:45,339 [INFO] IPUIPlugin:80 - create IPUIPlugin
2026-01-31 15:35:45,339 [INFO] PluginManager:220 - loadIPPluginJar : add mdma
2026-01-31 15:35:45,359 [INFO] IPUIPlugin:80 - create IPUIPlugin
2026-01-31 15:35:45,359 [INFO] PluginManager:220 - loadIPPluginJar : add nvic
2026-01-31 15:35:45,423 [INFO] IPUIPlugin:80 - create IPUIPlugin
2026-01-31 15:35:45,423 [INFO] PluginManager:220 - loadIPPluginJar : add opamp
2026-01-31 15:35:45,523 [INFO] IPUIPlugin:80 - create IPUIPlugin
2026-01-31 15:35:45,523 [INFO] PluginManager:220 - loadIPPluginJar : add openamp
2026-01-31 15:35:45,592 [INFO] IPUIPlugin:80 - create IPUIPlugin
2026-01-31 15:35:45,592 [INFO] PluginManager:220 - loadIPPluginJar : add pdm2pcm
2026-01-31 15:35:45,620 [INFO] IPUIPlugin:80 - create IPUIPlugin
2026-01-31 15:35:45,624 [INFO] PluginManager:220 - loadIPPluginJar : add plateformsettings
2026-01-31 15:35:45,663 [INFO] IPUIPlugin:80 - create IPUIPlugin
2026-01-31 15:35:45,663 [INFO] PluginManager:220 - loadIPPluginJar : add quadspi
2026-01-31 15:35:45,706 [INFO] IPUIPlugin:80 - create IPUIPlugin
2026-01-31 15:35:45,707 [INFO] PluginManager:220 - loadIPPluginJar : add radio
2026-01-31 15:35:45,729 [INFO] IPUIPlugin:80 - create IPUIPlugin
2026-01-31 15:35:45,729 [INFO] PluginManager:220 - loadIPPluginJar : add resmgrutility
2026-01-31 15:35:45,804 [INFO] IPUIPlugin:80 - create IPUIPlugin
2026-01-31 15:35:45,804 [INFO] PluginManager:220 - loadIPPluginJar : add sai
2026-01-31 15:35:45,863 [INFO] IPUIPlugin:80 - create IPUIPlugin
2026-01-31 15:35:45,863 [INFO] PluginManager:220 - loadIPPluginJar : add spi
2026-01-31 15:35:45,980 [INFO] IPUIPlugin:80 - create IPUIPlugin
2026-01-31 15:35:45,980 [INFO] PluginManager:220 - loadIPPluginJar : add stm32_wpan
2026-01-31 15:35:46,021 [INFO] IPUIPlugin:80 - create IPUIPlugin
2026-01-31 15:35:46,021 [INFO] PluginManager:220 - loadIPPluginJar : add tim
2026-01-31 15:35:46,122 [INFO] IPUIPlugin:80 - create IPUIPlugin
2026-01-31 15:35:46,122 [INFO] PluginManager:220 - loadIPPluginJar : add touchsensing
2026-01-31 15:35:46,159 [INFO] IPUIPlugin:80 - create IPUIPlugin
2026-01-31 15:35:46,159 [INFO] PluginManager:220 - loadIPPluginJar : add tracer_emb
2026-01-31 15:35:46,200 [INFO] IPUIPlugin:80 - create IPUIPlugin
2026-01-31 15:35:46,200 [INFO] PluginManager:220 - loadIPPluginJar : add ts
2026-01-31 15:35:46,237 [INFO] IPUIPlugin:80 - create IPUIPlugin
2026-01-31 15:35:46,238 [INFO] PluginManager:220 - loadIPPluginJar : add tsc
2026-01-31 15:35:46,275 [INFO] IPUIPlugin:80 - create IPUIPlugin
2026-01-31 15:35:46,275 [INFO] PluginManager:220 - loadIPPluginJar : add ucpd
2026-01-31 15:35:46,342 [INFO] IPUIPlugin:80 - create IPUIPlugin
2026-01-31 15:35:46,342 [INFO] PluginManager:220 - loadIPPluginJar : add usart
2026-01-31 15:35:46,410 [INFO] IPUIPlugin:80 - create IPUIPlugin
2026-01-31 15:35:46,410 [INFO] PluginManager:220 - loadIPPluginJar : add usbx
2026-01-31 15:35:46,538 [FATAL] Updater:351 - Updater called before beeing initialized
2026-01-31 15:35:46,571 [INFO] RulesReader:64 - Compatibility file has been processed (301 Rules)
2026-01-31 15:35:46,583 [INFO] RulesReader:64 - Compatibility file has been processed (301 Rules)
2026-01-31 15:35:46,593 [INFO] CADModel:165 - CPN selected for project level
2026-01-31 15:35:46,594 [INFO] CADModel:114 - Register for checkConnection events
2026-01-31 15:35:46,594 [FATAL] Updater:351 - Updater called before beeing initialized
2026-01-31 15:35:46,594 [ERROR] CADModel:125 - Updater not yet initialized, retry later 
2026-01-31 15:35:46,749 [FATAL] Updater:351 - Updater called before beeing initialized
2026-01-31 15:35:46,753 [INFO] CADModel:165 - CPN selected for project level
2026-01-31 15:35:46,753 [INFO] CADModel:114 - Register for checkConnection events
2026-01-31 15:35:46,753 [FATAL] Updater:351 - Updater called before beeing initialized
2026-01-31 15:35:46,753 [ERROR] CADModel:125 - Updater not yet initialized, retry later 
2026-01-31 15:35:46,756 [FATAL] Updater:351 - Updater called before beeing initialized
2026-01-31 15:35:46,884 [FATAL] Updater:351 - Updater called before beeing initialized
2026-01-31 15:35:46,901 [INFO] DbMcusAds:53 - JSON generation date=Fri Jan 09 00:57:51 KST 2026 (1767887871456)
2026-01-31 15:35:46,901 [FATAL] Updater:351 - Updater called before beeing initialized
2026-01-31 15:35:46,949 [WARN] DetailPanel:346 - Failed to get advertising image, set to default
2026-01-31 15:35:47,276 [FATAL] Updater:351 - Updater called before beeing initialized
2026-01-31 15:35:47,278 [FATAL] Updater:351 - Updater called before beeing initialized
2026-01-31 15:35:47,278 [FATAL] Updater:351 - Updater called before beeing initialized
2026-01-31 15:35:47,279 [WARN] DetailPanel:346 - Failed to get advertising image, set to default
2026-01-31 15:35:47,279 [FATAL] Updater:351 - Updater called before beeing initialized
2026-01-31 15:35:47,365 [ERROR] Updater:1198 - MainUpdater not yet initialized. External WinMGr cannot be set.
2026-01-31 15:35:47,383 [INFO] Updater:1134 - Updater Version found : 6.14.0
2026-01-31 15:35:47,405 [INFO] ApplicationProperties:184 - Using Application install path: C:\ST\STM32CubeIDE_1.18.0\STM32CubeIDE\plugins\com.st.stm32cube.common.mx_6.14.0.202502271554
2026-01-31 15:35:47,705 [INFO] ThirdPartyUpdaterWithRetryManager:70 - Updater plugin not ready yet. [3/15]
2026-01-31 15:35:48,185 [INFO] MainUpdater:2872 - connection check result : 10
2026-01-31 15:35:48,186 [INFO] MainUpdater:289 - Updater Check For Update Now.
2026-01-31 15:35:48,186 [INFO] MicroXplorer:498 - Change Database Version : DB.6.0.140
2026-01-31 15:35:48,216 [INFO] McuFinderGlobals:63 - Set McuFinder mode to 2 (CubeIDE integrated)
2026-01-31 15:35:48,229 [INFO] UserAuth:486 - Internet connection configuration mode: 1
2026-01-31 15:35:48,274 [INFO] JxBrowserEngine:152 - Initiate JxBrowser Engine with user profile folder
2026-01-31 15:35:48,461 [INFO] CheckServerUpdateThread:120 - End of CheckServer Thread
2026-01-31 15:35:49,349 [INFO] WebApp:169 - Instantiating new browser for Auth
2026-01-31 15:35:50,769 [INFO] WebApp:463 - Apply proxy settings
2026-01-31 15:35:50,770 [INFO] WebApp:548 - Chromium requires no authentication
2026-01-31 15:35:50,794 [INFO] WebApp:491 - Direct internet connection detected
2026-01-31 15:35:50,853 [INFO] WebApp:894 - Register for checkConnection events
2026-01-31 15:35:50,853 [INFO] WebApp:463 - Apply proxy settings
2026-01-31 15:35:50,853 [INFO] WebApp:548 - Chromium requires no authentication
2026-01-31 15:35:50,854 [INFO] WebApp:491 - Direct internet connection detected
2026-01-31 15:35:51,177 [INFO] WebApp:191 - Connection restablished
2026-01-31 15:35:51,457 [INFO] WebApp:225 - Starting web application
2026-01-31 15:35:51,457 [INFO] WebApp:593 - Web application path used C:\ST\STM32CubeIDE_1.18.0\STM32CubeIDE\plugins\com.st.stm32cube.common.mx_6.14.0.202502271554\db\plugins\mcufinder\reactClient1\index.html
2026-01-31 15:35:51,812 [WARN] PackLoader:240 - Cannot read IP mode file for STMicroelectronics.FP-SNS-MOTENVWB1.1.4.0
2026-01-31 15:35:51,883 [WARN] PackLoader:240 - Cannot read IP mode file for STMicroelectronics.FP-ATR-ASTRA1.2.0.2
2026-01-31 15:35:51,947 [WARN] PackLoader:240 - Cannot read IP mode file for STMicroelectronics.X-CUBE-SMBUS.2.1.0
2026-01-31 15:35:52,009 [WARN] PackLoader:240 - Cannot read IP mode file for STMicroelectronics.X-CUBE-WB05N.1.1.0
2026-01-31 15:35:52,081 [WARN] PackLoader:240 - Cannot read IP mode file for STMicroelectronics.X-CUBE-ST60.1.0.0
2026-01-31 15:35:52,248 [WARN] PackLoader:240 - Cannot read IP mode file for STMicroelectronics.X-CUBE-AZRTOS-F7.1.1.0
2026-01-31 15:35:52,267 [INFO] UserAuth:486 - Internet connection configuration mode: 1
2026-01-31 15:35:52,311 [ERROR] Engine:466 - C:\Users\lthst\.stm32cubemx\thirdparties\pdsc\STMicroelectronics.FP-SNS-MOTENV1.5.1.0.pdsc: PDSC version is not supported
2026-01-31 15:35:52,464 [WARN] PackLoader:240 - Cannot read IP mode file for Infineon.AIROC-Wi-Fi-Bluetooth-STM32.1.7.0
2026-01-31 15:35:52,623 [WARN] PackLoader:240 - Cannot read IP mode file for STMicroelectronics.X-CUBE-AZRTOS-H7.3.4.0
2026-01-31 15:35:52,706 [WARN] PackLoader:240 - Cannot read IP mode file for STMicroelectronics.X-CUBE-DISPLAY.3.0.0
2026-01-31 15:35:52,803 [WARN] PackLoader:240 - Cannot read IP mode file for STMicroelectronics.X-CUBE-NFC10.1.0.0
2026-01-31 15:35:52,903 [WARN] PackLoader:240 - Cannot read IP mode file for STMicroelectronics.X-CUBE-BLEMGR.4.0.0
2026-01-31 15:35:52,981 [WARN] PackLoader:240 - Cannot read IP mode file for STMicroelectronics.X-CUBE-ST60.1.1.0
2026-01-31 15:35:53,049 [WARN] PackLoader:240 - Cannot read IP mode file for emotas.I-CUBE-CANOPEN.1.3.0
2026-01-31 15:35:53,112 [WARN] PackLoader:240 - Cannot read IP mode file for STMicroelectronics.X-CUBE-GNSS1.7.1.0
2026-01-31 15:35:53,168 [WARN] ConditionMgr:438 - getConditionDescription Invalid condition id : Cortex-A Device cause : null
2026-01-31 15:35:53,243 [WARN] ConditionMgr:1044 - genDependencies : Invalid condition id : Cortex-A Device cause : null
2026-01-31 15:35:53,244 [WARN] ConditionMgr:1044 - genDependencies : Invalid condition id : Cortex-A Device cause : null
2026-01-31 15:35:53,244 [WARN] ConditionMgr:1044 - genDependencies : Invalid condition id : Cortex-A Device cause : null
2026-01-31 15:35:53,295 [WARN] PackLoader:240 - Cannot read IP mode file for STMicroelectronics.X-CUBE-AI.10.0.0
2026-01-31 15:35:53,350 [ERROR] Engine:466 - C:\Users\lthst\.stm32cubemx\thirdparties\pdsc\STMicroelectronics.FP-SNS-STBOX1.2.1.0.pdsc: PDSC version is not supported
2026-01-31 15:35:53,417 [WARN] PackLoader:240 - Cannot read IP mode file for STMicroelectronics.FP-SNS-SMARTAG2.1.2.0
2026-01-31 15:35:53,484 [WARN] PackLoader:240 - Cannot read IP mode file for STMicroelectronics.FP-SNS-FLIGHT1.5.1.0
2026-01-31 15:35:53,705 [WARN] PackLoader:240 - Cannot read IP mode file for STMicroelectronics.X-CUBE-MEMS1.11.1.0
2026-01-31 15:35:54,130 [INFO] LogOutputStream:77 - [STDOUT_REDIRECT] 1 : Invalid condition id : UX_CORESTACK_Condition cause : null
2026-01-31 15:35:54,131 [INFO] LogOutputStream:77 - [STDOUT_REDIRECT] 1 : Invalid condition id : UX_CORESTACK_Condition cause : null
2026-01-31 15:35:54,134 [INFO] LogOutputStream:77 - [STDOUT_REDIRECT] 1 : Invalid condition id : UX_CORESTACK_Condition cause : null
2026-01-31 15:35:54,138 [INFO] LogOutputStream:77 - [STDOUT_REDIRECT] 1 : Invalid condition id : UX_CORESTACK_Condition cause : null
2026-01-31 15:35:54,142 [INFO] LogOutputStream:77 - [STDOUT_REDIRECT] 1 : Invalid condition id : UX_CORESTACK_Condition cause : null
2026-01-31 15:35:54,149 [WARN] PackLoader:240 - Cannot read IP mode file for STMicroelectronics.X-CUBE-AZRTOS-WL.2.0.0
2026-01-31 15:35:54,195 [WARN] PackLoader:240 - Cannot read IP mode file for STMicroelectronics.FP-SNS-MOTENV1.5.0.0
2026-01-31 15:35:54,285 [WARN] PackLoader:240 - Cannot read IP mode file for STMicroelectronics.X-CUBE-AZRTOS-H7RS.1.2.0
2026-01-31 15:35:54,350 [WARN] PackLoader:240 - Cannot read IP mode file for WES.I-CUBE-Cesium.1.3.0
2026-01-31 15:35:54,390 [WARN] PackLoader:240 - Cannot read IP mode file for STMicroelectronics.X-CUBE-BLE2.3.3.0
2026-01-31 15:35:54,547 [WARN] PackLoader:240 - Cannot read IP mode file for STMicroelectronics.X-CUBE-NFC9.1.0.0
2026-01-31 15:35:54,598 [WARN] PackLoader:240 - Cannot read IP mode file for STMicroelectronics.X-CUBE-BLE1.7.1.0
2026-01-31 15:35:54,638 [WARN] PackLoader:240 - Cannot read IP mode file for wolfSSL.I-CUBE-wolfMQTT.1.19.2
2026-01-31 15:35:54,669 [ERROR] Engine:466 - C:\Users\lthst\.stm32cubemx\thirdparties\pdsc\STMicroelectronics.X-CUBE-FREERTOS.1.4.0.pdsc: PDSC version is not supported
2026-01-31 15:35:54,714 [WARN] PackLoader:240 - Cannot read IP mode file for STMicroelectronics.X-CUBE-EEPRMA1.5.2.0
2026-01-31 15:35:54,751 [ERROR] Engine:466 - C:\Users\lthst\.stm32cubemx\thirdparties\pdsc\STMicroelectronics.X-CUBE-ST67W61.1.1.0.pdsc: PDSC version is not supported
2026-01-31 15:35:54,783 [WARN] PackLoader:240 - Cannot read IP mode file for STMicroelectronics.X-CUBE-AI.10.1.0
2026-01-31 15:35:54,937 [WARN] PackLoader:240 - Cannot read IP mode file for STMicroelectronics.X-CUBE-MEMS1.12.0.0
2026-01-31 15:35:55,446 [WARN] PackLoader:240 - Cannot read IP mode file for STMicroelectronics.X-CUBE-MEMS1.11.2.0
2026-01-31 15:35:55,861 [WARN] PackLoader:240 - Cannot read IP mode file for STMicroelectronics.X-CUBE-AZRTOS-G0.1.1.0
2026-01-31 15:35:55,920 [WARN] PackLoader:240 - Cannot read IP mode file for STMicroelectronics.X-CUBE-SAFEA1.1.2.2
2026-01-31 15:35:55,977 [WARN] PackLoader:240 - Cannot read IP mode file for STMicroelectronics.X-CUBE-NFC4.3.0.0
2026-01-31 15:35:56,048 [WARN] PackLoader:240 - Cannot read IP mode file for EmbeddedOffice.I-CUBE-FS-RTOS.1.0.1
2026-01-31 15:35:56,101 [WARN] PackLoader:240 - Cannot read IP mode file for STMicroelectronics.X-CUBE-WB05N.2.0.0
2026-01-31 15:35:56,148 [WARN] PackLoader:240 - Cannot read IP mode file for wolfSSL.I-CUBE-wolfTPM.3.8.0
2026-01-31 15:35:56,188 [WARN] PackLoader:240 - Cannot read IP mode file for STMicroelectronics.X-CUBE-TCPP.4.2.0
2026-01-31 15:35:56,238 [WARN] PackLoader:240 - Cannot read IP mode file for RealThread.X-CUBE-RT-Thread_Nano.4.1.1
2026-01-31 15:35:56,285 [WARN] PackLoader:240 - Cannot read IP mode file for STMicroelectronics.FP-ATR-SIGFOX1.3.2.0
2026-01-31 15:35:56,329 [WARN] PackLoader:240 - Cannot read IP mode file for STMicroelectronics.X-CUBE-EEPRMA1.5.1.0
2026-01-31 15:35:56,381 [WARN] PackLoader:240 - Cannot read IP mode file for wolfSSL.I-CUBE-wolfSSL.5.7.6
2026-01-31 15:35:56,432 [WARN] PackLoader:240 - Cannot read IP mode file for ITTIA_DB.I-CUBE-ITTIADB.8.9.0
2026-01-31 15:35:56,472 [WARN] PackLoader:240 - Cannot read IP mode file for STMicroelectronics.X-CUBE-NFC6.3.2.0
2026-01-31 15:35:56,518 [WARN] PackLoader:240 - Cannot read IP mode file for STMicroelectronics.X-CUBE-ST67W61.1.0.0
2026-01-31 15:35:56,552 [WARN] PackLoader:240 - Cannot read IP mode file for STMicroelectronics.X-CUBE-AI.10.2.0
2026-01-31 15:35:56,636 [WARN] PackLoader:240 - Cannot read IP mode file for SEGGER.I-CUBE-embOS.1.3.1
2026-01-31 15:35:56,750 [WARN] PackLoader:240 - Cannot read IP mode file for STMicroelectronics.X-CUBE-ALGOBUILD.1.4.0
2026-01-31 15:35:56,919 [WARN] PackLoader:240 - Cannot read IP mode file for STMicroelectronics.X-CUBE-MEMS1.11.3.0
2026-01-31 15:35:57,239 [WARN] PackLoader:240 - Cannot read IP mode file for STMicroelectronics.X-CUBE-PM33A1.1.0.0
2026-01-31 15:35:57,349 [WARN] PackLoader:240 - Cannot read IP mode file for STMicroelectronics.X-CUBE-AZRTOS-F4.1.1.0
2026-01-31 15:35:57,412 [WARN] PackLoader:240 - Cannot read IP mode file for Avnet-IotConnect.X-CUBE-IoTC-DA16k-PMOD.1.0.0
2026-01-31 15:35:57,461 [WARN] PackLoader:240 - Cannot read IP mode file for STMicroelectronics.X-CUBE-ISPU.2.1.0
2026-01-31 15:35:57,514 [ERROR] Engine:466 - C:\Users\lthst\.stm32cubemx\thirdparties\pdsc\STMicroelectronics.X-CUBE-IPS.3.2.0.pdsc: PDSC version is not supported
2026-01-31 15:35:57,563 [WARN] PackLoader:240 - Cannot read IP mode file for STMicroelectronics.X-CUBE-NFC12.1.0.0
2026-01-31 15:35:57,638 [WARN] PackLoader:240 - Cannot read IP mode file for STMicroelectronics.X-CUBE-AZRTOS-L5.2.0.0
2026-01-31 15:35:57,685 [WARN] PackLoader:240 - Cannot read IP mode file for STMicroelectronics.X-CUBE-NFC6.3.1.0
2026-01-31 15:35:57,734 [WARN] PackLoader:240 - Cannot read IP mode file for STMicroelectronics.X-CUBE-DPower.1.2.0
2026-01-31 15:35:57,771 [WARN] PackLoader:240 - Cannot read IP mode file for STMicroelectronics.X-CUBE-FREERTOS.1.3.1
2026-01-31 15:35:57,801 [WARN] PackLoader:240 - Cannot read IP mode file for STMicroelectronics.X-CUBE-FREERTOS.1.3.0
2026-01-31 15:35:57,837 [WARN] PackLoader:240 - Cannot read IP mode file for STMicroelectronics.X-CUBE-NFC7.1.0.1
2026-01-31 15:35:57,873 [WARN] PackLoader:240 - Cannot read IP mode file for STMicroelectronics.X-CUBE-TOUCHGFX.4.26.0
2026-01-31 15:35:57,910 [WARN] PackLoader:240 - Cannot read IP mode file for STMicroelectronics.FP-SNS-STAIOTCFT.1.0.0
2026-01-31 15:35:57,946 [WARN] PackLoader:240 - Cannot read IP mode file for STMicroelectronics.X-CUBE-DPower.1.3.0
2026-01-31 15:35:58,015 [WARN] ConditionMgr:438 - getConditionDescription Invalid condition id : LAN8742 Phy interface Condition cause : null
2026-01-31 15:35:58,016 [WARN] PackLoader:240 - Cannot read IP mode file for STMicroelectronics.X-CUBE-AZRTOS-L4.2.0.0
2026-01-31 15:35:58,017 [WARN] ConditionMgr:1044 - genDependencies : Invalid condition id : LAN8742 Phy interface Condition cause : null
2026-01-31 15:35:58,018 [WARN] ConditionMgr:1044 - genDependencies : Invalid condition id : LAN8742 Phy interface Condition cause : null
2026-01-31 15:35:58,019 [WARN] ConditionMgr:1044 - genDependencies : Invalid condition id : LAN8742 Phy interface Condition cause : null
2026-01-31 15:35:58,055 [WARN] PackLoader:240 - Cannot read IP mode file for STMicroelectronics.X-CUBE-SFXS2LP1.4.0.0
2026-01-31 15:35:58,093 [ERROR] Engine:466 - C:\Users\lthst\.stm32cubemx\thirdparties\pdsc\STMicroelectronics.X-CUBE-ST67W61.1.2.0.pdsc: PDSC version is not supported
2026-01-31 15:35:58,166 [WARN] PackLoader:240 - Cannot read IP mode file for STMicroelectronics.X-CUBE-AZRTOS-H7.3.3.0
2026-01-31 15:35:58,224 [WARN] PackLoader:240 - Cannot read IP mode file for STMicroelectronics.X-CUBE-BLEMGR.4.1.0
2026-01-31 15:35:58,311 [WARN] ConditionMgr:438 - getConditionDescription Invalid condition id : UX DEVICE CLASS RTOS Condition cause : null
2026-01-31 15:35:58,312 [WARN] ConditionMgr:438 - getConditionDescription Invalid condition id : UX DEVICE CLASS RTOS Condition cause : null
2026-01-31 15:35:58,319 [WARN] PackLoader:240 - Cannot read IP mode file for STMicroelectronics.X-CUBE-AZRTOS-WB.2.0.0
2026-01-31 15:35:58,321 [WARN] ConditionMgr:1044 - genDependencies : Invalid condition id : UX DEVICE CLASS RTOS Condition cause : null
2026-01-31 15:35:58,321 [WARN] ConditionMgr:1044 - genDependencies : Invalid condition id : UX DEVICE CLASS RTOS Condition cause : null
2026-01-31 15:35:58,322 [WARN] ConditionMgr:1044 - genDependencies : Invalid condition id : UX DEVICE CLASS RTOS Condition cause : null
2026-01-31 15:35:58,323 [WARN] ConditionMgr:1044 - genDependencies : Invalid condition id : UX DEVICE CLASS RTOS Condition cause : null
2026-01-31 15:35:58,325 [WARN] ConditionMgr:1044 - genDependencies : Invalid condition id : UX DEVICE CLASS RTOS Condition cause : null
2026-01-31 15:35:58,386 [WARN] PackLoader:240 - Cannot read IP mode file for STMicroelectronics.X-CUBE-GNSS1.7.0.1
2026-01-31 15:35:58,427 [WARN] PackLoader:240 - Cannot read IP mode file for STMicroelectronics.X-CUBE-TOUCHGFX.4.25.0
2026-01-31 15:35:58,474 [WARN] PackLoader:240 - Cannot read IP mode file for STMicroelectronics.FP-SNS-STBOX1.2.0.0
2026-01-31 15:35:58,528 [WARN] PackLoader:240 - Cannot read IP mode file for STMicroelectronics.X-CUBE-STSE01.2.0.0
2026-01-31 15:35:58,583 [WARN] PackLoader:240 - Cannot read IP mode file for STMicroelectronics.X-CUBE-SUBG2.5.0.0
2026-01-31 15:35:58,691 [WARN] PackLoader:240 - Cannot read IP mode file for STMicroelectronics.X-CUBE-AZRTOS-H7RS.1.1.0
2026-01-31 15:35:58,756 [WARN] PackLoader:240 - Cannot read IP mode file for Cesanta.I-CUBE-Mongoose.7.13.0
2026-01-31 15:35:58,844 [WARN] PackLoader:240 - Cannot read IP mode file for STMicroelectronics.X-CUBE-AZRTOS-G4.2.0.0
2026-01-31 15:35:58,885 [WARN] PackLoader:240 - Cannot read IP mode file for wolfSSL.I-CUBE-wolfSSH.1.4.20
2026-01-31 15:35:58,929 [WARN] PackLoader:240 - Cannot read IP mode file for STMicroelectronics.X-CUBE-NFC7.2.0.0
2026-01-31 15:35:58,979 [WARN] PackLoader:240 - Cannot read IP mode file for STMicroelectronics.X-CUBE-IPS.3.1.0
2026-01-31 15:35:59,027 [WARN] PackLoader:240 - Cannot read IP mode file for STMicroelectronics.X-CUBE-ALS.1.0.2
2026-01-31 15:35:59,069 [WARN] PackLoader:240 - Cannot read IP mode file for STMicroelectronics.X-CUBE-STSE01.1.0.0
2026-01-31 15:35:59,104 [WARN] PackLoader:240 - Cannot read IP mode file for portGmbH.I-Cube-SoM-uGOAL.1.1.0
2026-01-31 15:35:59,152 [WARN] PackLoader:240 - Cannot read IP mode file for STMicroelectronics.X-CUBE-TOF1.3.4.2
2026-01-31 15:35:59,215 [WARN] PackLoader:240 - Cannot read IP mode file for STMicroelectronics.X-CUBE-TOF1.3.4.3
2026-01-31 15:35:59,231 [INFO] ThirdParty:978 - Integrity check success = true
2026-01-31 15:35:59,231 [INFO] IntegrityCheckThread:100 - exiting critical section [integrity check]
2026-01-31 15:35:59,231 [INFO] IntegrityCheckThread:103 - End integrity checks thread
2026-01-31 16:04:06,440 [INFO] WebApp:194 - Connection lost
2026-01-31 16:04:06,608 [INFO] WebApp:191 - Connection restablished
2026-01-31 16:34:33,942 [INFO] WebApp:194 - Connection lost
2026-01-31 16:34:34,163 [INFO] WebApp:191 - Connection restablished
2026-01-31 16:58:34,684 [INFO] McuFinderGlobals:63 - Set McuFinder mode to 2 (CubeIDE integrated)
2026-01-31 16:58:34,722 [INFO] MainUpdater:2872 - connection check result : 10
2026-01-31 16:58:34,731 [INFO] MainUpdater:2872 - connection check result : 10
2026-01-31 16:58:34,949 [INFO] MicroXplorer:468 - Change Database Path : 
2026-01-31 16:58:34,949 [INFO] MicroXplorer:498 - Change Database Version : DB.6.0.140
2026-01-31 16:58:34,955 [WARN] ThirdParty:871 - waiting for thirdparty lock release [close project]
2026-01-31 16:58:34,956 [INFO] ThirdParty:873 - entering critical section [close project]
2026-01-31 16:58:34,956 [INFO] ThirdParty:883 - exiting critical section [close project]
2026-01-31 16:58:34,958 [INFO] PinOutPanel:1589 - setPackage(No Configuration,No Configuration)
2026-01-31 16:58:34,963 [INFO] UtilMem:75 - Begin LoadConfig() Used Memory: 543558800 Bytes (1073741824)
2026-01-31 16:58:34,965 [INFO] MicroXplorer:468 - Change Database Path : 
2026-01-31 16:58:34,965 [INFO] MicroXplorer:498 - Change Database Version : DB.6.0.140
2026-01-31 16:58:34,965 [INFO] OpenFileManager:354 - Change cursor
2026-01-31 16:58:35,025 [INFO] Mcu:2011 - Initializing MCU STM32F446R(C-E)Tx STM32F446RETx STM32F446RET6
2026-01-31 16:58:37,051 [INFO] Context:756 - Trying to add GPIOservice into a context  which must be forbidden
2026-01-31 16:58:37,535 [INFO] ImportTextPane:218 - (OptionalMessage_ERROR) Pin10 (VP_RIF_VS_RIF1) cannot be retrieved for this MCU
2026-01-31 16:58:37,614 [INFO] RtosManager:558 - Registered RTOS mode: class=CMSIS, group=RTOS, mode=CMSIS_V1, owner=FREERTOS
2026-01-31 16:58:37,615 [INFO] RtosManager:558 - Registered RTOS mode: class=CMSIS, group=RTOS2, mode=CMSIS_V2, owner=FREERTOS
2026-01-31 16:58:37,615 [INFO] RtosManager:558 - Registered RTOS mode: class=RTOS, group=Core, mode=CMSIS_V1, owner=FREERTOS
2026-01-31 16:58:37,615 [INFO] RtosManager:558 - Registered RTOS mode: class=RTOS, group=Core, mode=CMSIS_V2, owner=FREERTOS
2026-01-31 16:58:37,615 [WARN] ModelIntegratedComponent:184 - Missing modes for component STMicroelectronics:FreeRTOS:0.0.1:STMicroelectronics:RTOS:FreeRTOS:Core:::10.2.0:
2026-01-31 16:58:37,628 [WARN] ModelIntegratedComponent:63 - No mode defined for component null
2026-01-31 16:58:37,628 [WARN] ModelIntegratedComponent:63 - No mode defined for component null
2026-01-31 16:58:37,628 [WARN] ModelIntegratedComponent:63 - No mode defined for component null
2026-01-31 16:58:37,628 [WARN] ModelIntegratedComponent:63 - No mode defined for component null
2026-01-31 16:58:37,628 [WARN] ModelIntegratedComponent:63 - No mode defined for component null
2026-01-31 16:58:37,628 [WARN] ModelIntegratedComponent:63 - No mode defined for component null
2026-01-31 16:58:37,628 [WARN] ModelIntegratedComponent:63 - No mode defined for component null
2026-01-31 16:58:37,629 [WARN] ModelIntegratedComponent:63 - No mode defined for component null
2026-01-31 16:58:37,629 [WARN] ModelIntegratedComponent:63 - No mode defined for component null
2026-01-31 16:58:37,629 [WARN] ModelIntegratedComponent:63 - No mode defined for component null
2026-01-31 16:58:37,629 [WARN] ModelIntegratedComponent:63 - No mode defined for component null
2026-01-31 16:58:37,629 [WARN] ModelIntegratedComponent:63 - No mode defined for component null
2026-01-31 16:58:37,629 [WARN] ModelIntegratedComponent:63 - No mode defined for component null
2026-01-31 16:58:37,629 [WARN] ModelIntegratedComponent:63 - No mode defined for component null
2026-01-31 16:58:37,629 [WARN] ModelIntegratedComponent:63 - No mode defined for component null
2026-01-31 16:58:37,629 [WARN] ModelIntegratedComponent:63 - No mode defined for component null
2026-01-31 16:58:37,629 [WARN] ModelIntegratedComponent:63 - No mode defined for component null
2026-01-31 16:58:37,629 [WARN] ModelIntegratedComponent:63 - No mode defined for component null
2026-01-31 16:58:37,629 [WARN] ModelIntegratedComponent:63 - No mode defined for component null
2026-01-31 16:58:37,629 [WARN] ModelIntegratedComponent:63 - No mode defined for component null
2026-01-31 16:58:37,629 [WARN] ModelIntegratedComponent:63 - No mode defined for component null
2026-01-31 16:58:37,629 [WARN] ModelIntegratedComponent:63 - No mode defined for component null
2026-01-31 16:58:37,629 [WARN] ModelIntegratedComponent:63 - No mode defined for component null
2026-01-31 16:58:37,630 [WARN] ModelIntegratedComponent:63 - No mode defined for component null
2026-01-31 16:58:37,630 [WARN] ModelIntegratedComponent:63 - No mode defined for component null
2026-01-31 16:58:37,630 [WARN] ModelIntegratedComponent:63 - No mode defined for component null
2026-01-31 16:58:37,630 [WARN] ModelIntegratedComponent:63 - No mode defined for component null
2026-01-31 16:58:37,630 [WARN] ModelIntegratedComponent:63 - No mode defined for component null
2026-01-31 16:58:37,630 [WARN] ModelIntegratedComponent:63 - No mode defined for component null
2026-01-31 16:58:37,630 [WARN] ModelIntegratedComponent:63 - No mode defined for component null
2026-01-31 16:58:37,630 [WARN] ModelIntegratedComponent:63 - No mode defined for component null
2026-01-31 16:58:37,630 [WARN] ModelIntegratedComponent:63 - No mode defined for component null
2026-01-31 16:58:37,630 [WARN] ModelIntegratedComponent:63 - No mode defined for component null
2026-01-31 16:58:37,630 [WARN] ModelIntegratedComponent:63 - No mode defined for component null
2026-01-31 16:58:37,630 [WARN] ModelIntegratedComponent:63 - No mode defined for component null
2026-01-31 16:58:37,631 [WARN] ModelPack:524 - Component already loaded: STMicroelectronics:HAL Drivers:0.0.0:STMicroelectronics:Device:STMicro_Driver:XSPI:HAL::0.0.1:HAL_XSPI
2026-01-31 16:58:37,923 [INFO] ThirdPartyModel:298 - Start build external matchings
2026-01-31 16:58:39,004 [INFO] ThirdPartyModel:316 - End build external matchings
2026-01-31 16:58:39,526 [INFO] ApiDb:581 - Connected to CubeFinder SQLite database (C:\Users\lthst\.stmcufinder\plugins\mcufinder\mcu\cube-finder-db.db)
2026-01-31 16:58:39,624 [INFO] ApiDb:668 - CubeFinder database Data Model version=2.1
2026-01-31 16:58:39,624 [INFO] ApiDb:669 - CubeFinder database Configuration version=3.0.39
2026-01-31 16:58:39,625 [INFO] ApiDb:670 - CubeFinder database generation date=2025-12-22 (1766407740)
2026-01-31 16:58:39,625 [INFO] ApiDb:671 - CubeFinder database FW Pack versions=[FP-ATR-ASTRA1_V2.0.0, FP-SNS-FLIGHT1_V5.1.0, FP-SNS-MOTENV1_V5.1.0, FP-SNS-MOTENVWB1_V1.4.0, FP-SNS-SMARTAG2_V1.2.0, FP-SNS-STBOX1_V2.1.0, STM32Cube_FW_C0_V1.4.0, STM32Cube_FW_F4_V1.28.3, STM32Cube_FW_F7_V1.17.4, STM32Cube_FW_G0_V1.6.2, STM32Cube_FW_G4_V1.6.1, STM32Cube_FW_H5_V1.5.1, STM32Cube_FW_H7RS_V1.3.0, STM32Cube_FW_H7_V1.12.1, STM32Cube_FW_L0_V1.12.2, STM32Cube_FW_L4_V1.18.1, STM32Cube_FW_L5_V1.6.0, STM32Cube_FW_N6_V1.3.0, STM32Cube_FW_U0_V1.3.0, STM32Cube_FW_U3_V1.2.1, STM32Cube_FW_U5_V1.8.0, STM32Cube_FW_WB0_V1.4.0, STM32Cube_FW_WBA_V1.8.0, STM32Cube_FW_WB_V1.24.0, STM32Cube_FW_WL3_V1.3.0, STM32Cube_FW_WL_V1.4.0, X-CUBE-ALGOBUILD_V1.4.0, X-CUBE-ALS_V1.0.2, X-CUBE-AZRTOS-F4_V1.1.0, X-CUBE-AZRTOS-F7_V1.1.0, X-CUBE-AZRTOS-G0_V1.1.0, X-CUBE-AZRTOS-G4_V2.0.0, X-CUBE-AZRTOS-H7RS_V1.1.0, X-CUBE-AZRTOS-H7_V3.4.0, X-CUBE-AZRTOS-L4_V2.0.0, X-CUBE-AZRTOS-L5_V2.0.0, X-CUBE-AZRTOS-WB_V2.0.0, X-CUBE-AZRTOS-WL_V2.0.0, X-CUBE-BLE1_V7.1.0, X-CUBE-BLE2_V3.3.0, X-CUBE-BLEMGR_V4.1.0, X-CUBE-EEPRMA1_V5.2.0, X-CUBE-FREERTOS_V1.3.1, X-CUBE-GNSS1_V6.0.0, X-CUBE-MEMS1_V12.0.0, X-CUBE-NFC4_V3.0.0, X-CUBE-NFC7_V2.0.0, X-CUBE-SFXS2LP1_V4.0.0, X-CUBE-ST67W61_V1.1.0, X-CUBE-SUBG2_V5.0.0, X-CUBE-TOF1_V3.4.3]
2026-01-31 16:58:39,751 [INFO] DbBoardsSqlite:226 - include board P-NUCLEO-WB55-NUCLEO as a kit item of type 'Nucleo-64'
2026-01-31 16:58:39,751 [INFO] DbBoardsSqlite:226 - include board P-NUCLEO-WB55-USBDONGLE as a kit item of type 'Nucleo USB Dongle'
2026-01-31 16:58:39,752 [INFO] DbBoardsSqlite:226 - include board STEVAL-IDP005V1 as a kit item of type 'Evaluation Board'
2026-01-31 16:58:39,753 [INFO] DbBoardsSqlite:226 - include board STEVAL-IDP005V2 as a kit item of type 'Evaluation Board'
2026-01-31 16:58:40,133 [INFO] ApiDb:240 - Found 895 in-development CPN: [B-G473E-ZEST1S, B-WB1M-WPAN1, B-WBA5M-WPAN, B-WL5M-SUBG1, NUCLEO-C031C6, NUCLEO-C051C8, NUCLEO-C071RB, NUCLEO-C092RC, NUCLEO-H503RB, NUCLEO-H533RE, NUCLEO-H563ZI, NUCLEO-H7S3L8, NUCLEO-N657X0-Q, NUCLEO-U031R8, NUCLEO-U083RC, NUCLEO-U385RG-Q, NUCLEO-U545RE-Q, NUCLEO-U5A5ZJ-Q, NUCLEO-WB05KZ, NUCLEO-WB07CC, NUCLEO-WB09KE, NUCLEO-WBA52CG, NUCLEO-WBA55CG, NUCLEO-WBA65RI, NUCLEO-WL33CC1, NUCLEO-WL33CC2, STEVAL-PROTEUS1, STEVAL-SMARTAG2, STEVAL-STWINBX1, STM320518-EVAL, STM32C0116-DK, STM32C011D6Y3TR, STM32C011D6Y6TR, STM32C011F4P3, STM32C011F4P6, STM32C011F4U3, STM32C011F4U6TR, STM32C011F6P3, STM32C011F6P6, STM32C011F6U3, STM32C011F6U6TR, STM32C011J4M3, STM32C011J4M6, STM32C011J6M3, STM32C011J6M6, STM32C0316-DK, STM32C031C4T3, STM32C031C4T6, STM32C031C4U3, STM32C031C4U6, STM32C031C6T3, STM32C031C6T6, STM32C031C6U3, STM32C031C6U6, STM32C031F4P3, STM32C031F4P6, STM32C031F6P3, STM32C031F6P6, STM32C031G4U3, STM32C031G4U6, STM32C031G6U3, STM32C031G6U6, STM32C031K4T3, STM32C031K4T6, STM32C031K4U3, STM32C031K4U6, STM32C031K6T3, STM32C031K6T6, STM32C031K6U3, STM32C031K6U6, STM32C051C6T6, STM32C051C6U6, STM32C051C8T6, STM32C051C8U6, STM32C051D8Y6TR, STM32C051F6P6, STM32C051F8P6, STM32C051G6U6, STM32C051G8U6, STM32C051K6T6, STM32C051K6U6, STM32C051K8T6, STM32C071C8T6, STM32C071C8T6N, STM32C071C8U6, STM32C071C8U6N, STM32C071CBT6, STM32C071CBT6N, STM32C071CBU6, STM32C071CBU6N, STM32C071F8P6, STM32C071F8P6N, STM32C071FBP6, STM32C071FBP6N, STM32C071FBY6TR, STM32C071G8U6, STM32C071G8U6N, STM32C071GBU6, STM32C071GBU6N, STM32C071K8T6, STM32C071K8T6N, STM32C071K8U6, STM32C071K8U6N, STM32C071KBT6, STM32C071KBT6N, STM32C071KBU6, STM32C071KBU6N, STM32C071R8T6, STM32C071R8T6N, STM32C071RBI6N, STM32C071RBT6, STM32C071RBT6N, STM32C091CBT6, STM32C091CBU6, STM32C091CCT6, STM32C091CCU6, STM32C091ECY6TR, STM32C091FBP6, STM32C091FCP6, STM32C091GBU6, STM32C091GCU6, STM32C091KBT6, STM32C091KBU6, STM32C091KCT6, STM32C091KCU6, STM32C091RBT6, STM32C091RCI6, STM32C091RCT6, STM32C092CBT6, STM32C092CBU6, STM32C092CCT6, STM32C092CCU6, STM32C092ECY6TR, STM32C092FBP6, STM32C092FCP6, STM32C092GBU6, STM32C092GCU6, STM32C092KBT6, STM32C092KBU6, STM32C092KCT6, STM32C092KCU6, STM32C092RBT6, STM32C092RCI6, STM32C092RCT6, STM32G071K8TXN, STM32G071K8UXN, STM32G081GBU6N, STM32G081KBT6N, STM32G081KBUXN, STM32G0B1CCT6N, STM32G0B1KCT6, STM32G0B1NEY6TR, STM32G0B1RCT6N, STM32G0C1CCT6, STM32G0C1CCT6N, STM32G0C1CCU6N, STM32G0C1CET6N, STM32G0C1CEU6N, STM32G0C1KCT6, STM32G0C1NEY6TR, STM32G0C1RCI6N, STM32G0C1RCT6N, STM32G0C1REI6N, STM32G0C1RET6N, STM32G0C1VCI6, STM32G0C1VEI6, STM32G411C6T3, STM32G411C6T6, STM32G411C6U3, STM32G411C6U6, STM32G411C8T3, STM32G411C8T6, STM32G411C8U3, STM32G411C8U6, STM32G411CBT3, STM32G411CBT6, STM32G411CBU3, STM32G411CBU6, STM32G411CCT3, STM32G411CCT6, STM32G411CCU3, STM32G411CCU6, STM32G411K6T3, STM32G411K6T6, STM32G411K6U3, STM32G411K6U6, STM32G411K8T3, STM32G411K8T6, STM32G411K8U3, STM32G411K8U6, STM32G411KBT3, STM32G411KBT6, STM32G411KBU3, STM32G411KBU6, STM32G411M6T3, STM32G411M6T6, STM32G411M8T3, STM32G411M8T6, STM32G411MBT3, STM32G411MBT6, STM32G411MCT3, STM32G411MCT6, STM32G411R6T3, STM32G411R6T6, STM32G411R8T3, STM32G411R8T6, STM32G411RBT3, STM32G411RBT6, STM32G411RCT3, STM32G411RCT6, STM32G414CBT3, STM32G414CBT6, STM32G414CBU3, STM32G414CBU6, STM32G414CCT3, STM32G414CCT6, STM32G414CCU3, STM32G414CCU6, STM32G414MBT3, STM32G414MBT6, STM32G414MCT3, STM32G414MCT6, STM32G414RBT3, STM32G414RBT6, STM32G414RCT3, STM32G414RCT6, STM32G414VBT3, STM32G414VBT6, STM32G414VCT3, STM32G414VCT6, STM32G431CBT3Z, STM32G431RBT3Z, STM32G471CCT6, STM32G471CCU6, STM32G471CET3, STM32G471CET6, STM32G471CEU3, STM32G471CEU6, STM32G471MCT6, STM32G471MET3, STM32G471MET6, STM32G471MEY6TR, STM32G471QCT6, STM32G471QET3, STM32G471RCT6, STM32G471RET3, STM32G471RET6, STM32G471VCH6, STM32G471VCI6, STM32G471VCT6, STM32G471VEH3, STM32G471VEH6, STM32G471VEI3, STM32G471VEI6, STM32G471VET3, STM32G471VET6, STM32G473QET3Z, STM32G473RET3Z, STM32G474CCT6, STM32G491RET3Z, STM32H503CBT6, STM32H503CBU6, STM32H503EBY6TR, STM32H503KBU6, STM32H503RBT6, STM32H523CCT6, STM32H523CCU6, STM32H523CET6, STM32H523CEU6, STM32H523HEY6TR, STM32H523RCT6, STM32H523RET6, STM32H523VCI6, STM32H523VCT6, STM32H523VEI6, STM32H523VET6, STM32H523ZCJ6, STM32H523ZCT6, STM32H523ZEJ6, STM32H523ZET6, STM32H533CET6, STM32H533CEU6, STM32H533HEY6TR, STM32H533RET6, STM32H533VEI6, STM32H533VET6, STM32H533ZEJ6, STM32H533ZET6, STM32H562AGI6, STM32H562AII6, STM32H562IGK6, STM32H562IGT6, STM32H562IIK6, STM32H562IIT6, STM32H562RGT6, STM32H562RGV6, STM32H562RIT6, STM32H562RIV6, STM32H562VGT6, STM32H562VIT6, STM32H562ZGT6, STM32H562ZIT6, STM32H563AGI6, STM32H563AII3Q, STM32H563AII6, STM32H563IGK6, STM32H563IGT6, STM32H563IIK3Q, STM32H563IIK6, STM32H563IIT3Q, STM32H563IIT6, STM32H563MIY3QTR, STM32H563RGT6, STM32H563RGV6, STM32H563RIT6, STM32H563RIV6, STM32H563VGT6, STM32H563VIT3Q, STM32H563VIT6, STM32H563ZGT6, STM32H563ZIT3Q, STM32H563ZIT6, STM32H573AII3Q, STM32H573AII6, STM32H573I-DK, STM32H573IIK3Q, STM32H573IIK6, STM32H573IIT3Q, STM32H573IIT6, STM32H573MIY3QTR, STM32H573RIT6, STM32H573RIV6, STM32H573VIT3Q, STM32H573VIT6, STM32H573ZIT3Q, STM32H573ZIT6, STM32H7R3A8I6, STM32H7R3I8K6, STM32H7R3I8T6, STM32H7R3L8H6, STM32H7R3L8H6H, STM32H7R3R8V6, STM32H7R3V8H6, STM32H7R3V8T6, STM32H7R3V8Y6TR, STM32H7R3Z8J6, STM32H7R3Z8T6, STM32H7R7A8I6, STM32H7R7I8K6, STM32H7R7I8T6, STM32H7R7L8H6, STM32H7R7L8H6H, STM32H7R7Z8J6, STM32H7S3A8I6, STM32H7S3I8K6, STM32H7S3I8T6, STM32H7S3L8H6, STM32H7S3L8H6H, STM32H7S3R8V6, STM32H7S3V8H6, STM32H7S3V8T6, STM32H7S3V8Y6TR, STM32H7S3Z8J6, STM32H7S3Z8T6, STM32H7S78-DK, STM32H7S7A8I6, STM32H7S7I8K6, STM32H7S7I8T6, STM32H7S7L8H6, STM32H7S7L8H6H, STM32H7S7Z8J6, STM32L4R5QGI6STR, STM32MP131AAE3, STM32MP131AAF3, STM32MP131AAG3, STM32MP131CAE3, STM32MP131CAF3, STM32MP131CAG3, STM32MP131DAE7, STM32MP131DAF7, STM32MP131DAG7, STM32MP131FAE7, STM32MP131FAF7, STM32MP131FAG7, STM32MP133AAE3, STM32MP133AAF3, STM32MP133AAG3, STM32MP133CAE3, STM32MP133CAF3, STM32MP133CAG3, STM32MP133DAE7, STM32MP133DAF7, STM32MP133DAG7, STM32MP133FAE7, STM32MP133FAF7, STM32MP133FAG7, STM32MP135AAE3, STM32MP135AAF3, STM32MP135AAG3, STM32MP135CAE3, STM32MP135CAF3, STM32MP135CAG3, STM32MP135DAE7, STM32MP135DAF7, STM32MP135DAG7, STM32MP135F-DK, STM32MP135FAE7, STM32MP135FAF7, STM32MP135FAF7T, STM32MP135FAF7U, STM32MP135FAG7, STM32MP231AAJ3, STM32MP231AAK3, STM32MP231AAL3, STM32MP231CAJ3, STM32MP231CAK3, STM32MP231CAL3, STM32MP231DAJ3, STM32MP231DAK3, STM32MP231DAL3, STM32MP231FAJ3, STM32MP231FAK3, STM32MP231FAL3, STM32MP233AAJ3, STM32MP233AAK3, STM32MP233AAL3, STM32MP233CAJ3, STM32MP233CAK3, STM32MP233CAL3, STM32MP233DAJ3, STM32MP233DAK3, STM32MP233DAL3, STM32MP233FAJ3, STM32MP233FAK3, STM32MP233FAL3, STM32MP235AAJ3, STM32MP235AAK3, STM32MP235AAL3, STM32MP235CAJ3, STM32MP235CAK3, STM32MP235CAL3, STM32MP235DAJ3, STM32MP235DAK3, STM32MP235DAL3, STM32MP235FAJ3, STM32MP235FAK3, STM32MP235FAL3, STM32MP251AAI3, STM32MP251AAJ3, STM32MP251AAK3, STM32MP251AAL3, STM32MP251CAI3, STM32MP251CAJ3, STM32MP251CAK3, STM32MP251CAL3, STM32MP251DAI3, STM32MP251DAJ3, STM32MP251DAK3, STM32MP251DAL3, STM32MP251FAI3, STM32MP251FAJ3, STM32MP251FAK3, STM32MP251FAL3, STM32MP253AAI3, STM32MP253AAJ3, STM32MP253AAK3, STM32MP253AAL3, STM32MP253CAI3, STM32MP253CAJ3, STM32MP253CAK3, STM32MP253CAL3, STM32MP253DAI3, STM32MP253DAJ3, STM32MP253DAK3, STM32MP253DAL3, STM32MP253FAI3, STM32MP253FAJ3, STM32MP253FAK3, STM32MP253FAL3, STM32MP255AAI3, STM32MP255AAJ3, STM32MP255AAK3, STM32MP255AAL3, STM32MP255CAI3, STM32MP255CAJ3, STM32MP255CAK3, STM32MP255CAL3, STM32MP255DAI3, STM32MP255DAJ3, STM32MP255DAK3, STM32MP255DAL3, STM32MP255FAI3, STM32MP255FAJ3, STM32MP255FAK3, STM32MP255FAL3, STM32MP257AAI3, STM32MP257AAJ3, STM32MP257AAK3, STM32MP257AAL3, STM32MP257CAI3, STM32MP257CAJ3, STM32MP257CAK3, STM32MP257CAL3, STM32MP257DAI3, STM32MP257DAJ3, STM32MP257DAK3, STM32MP257DAL3, STM32MP257F-DK, STM32MP257F-EV1, STM32MP257FAI3, STM32MP257FAJ3, STM32MP257FAK3, STM32MP257FAL3, STM32N645A0H3Q, STM32N645B0H3Q, STM32N645I0H3Q, STM32N645L0H3Q, STM32N645X0H3Q, STM32N645Z0H3Q, STM32N647A0H3Q, STM32N647B0H3Q, STM32N647I0H3Q, STM32N647L0H3Q, STM32N647X0H3Q, STM32N647Z0H3Q, STM32N655A0H3Q, STM32N655B0H3Q, STM32N655I0H3Q, STM32N655L0H3Q, STM32N655X0H3Q, STM32N655Z0H3Q, STM32N6570-DK, STM32N657A0H3Q, STM32N657B0H3Q, STM32N657I0H3Q, STM32N657L0H3Q, STM32N657X0H3Q, STM32N657Z0H3Q, STM32U031C6T6, STM32U031C6U6, STM32U031C8T6, STM32U031C8U6, STM32U031F4P6, STM32U031F6P6, STM32U031F8P6, STM32U031G6Y6TR, STM32U031G8Y6TR, STM32U031K4U6, STM32U031K6U6, STM32U031K8U6, STM32U031R6I6, STM32U031R6T6, STM32U031R8I6, STM32U031R8T6, STM32U073C8T6, STM32U073C8U6, STM32U073CBT6, STM32U073CBU6, STM32U073CCT6, STM32U073CCU6, STM32U073H8Y6TR, STM32U073HBY6TR, STM32U073HCY6TR, STM32U073K8U6, STM32U073KBU6, STM32U073KCU6, STM32U073M8I6, STM32U073M8T6, STM32U073MBI6, STM32U073MBT6, STM32U073MCI6, STM32U073MCT6, STM32U073R8I6, STM32U073R8T6, STM32U073RBI6, STM32U073RBT6, STM32U073RCI6, STM32U073RCT6, STM32U083C-DK, STM32U083CCT6, STM32U083CCU6, STM32U083HCY6TR, STM32U083KCU6, STM32U083MCI6, STM32U083MCT6, STM32U083RCI6, STM32U083RCT6, STM32U375CET6, STM32U375CET6Q, STM32U375CEU6, STM32U375CEU6Q, STM32U375CEY6QTR, STM32U375CGT6, STM32U375CGT6Q, STM32U375CGU6, STM32U375CGU6Q, STM32U375CGY6QTR, STM32U375KEU6, STM32U375KGU6, STM32U375REI6, STM32U375REI6Q, STM32U375RET6, STM32U375RET6Q, STM32U375REY6GTR, STM32U375REY6QTR, STM32U375RGI6, STM32U375RGI6Q, STM32U375RGT6, STM32U375RGT6Q, STM32U375RGY6GTR, STM32U375RGY6QTR, STM32U375VEI6, STM32U375VEI6Q, STM32U375VET6, STM32U375VET6Q, STM32U375VGI6, STM32U375VGI6Q, STM32U375VGT6, STM32U375VGT6Q, STM32U385CGT6, STM32U385CGT6Q, STM32U385CGU6, STM32U385CGU6Q, STM32U385CGY6QTR, STM32U385KGU6, STM32U385RGI6, STM32U385RGI6Q, STM32U385RGT6, STM32U385RGT6Q, STM32U385RGY6GTR, STM32U385RGY6QTR, STM32U385VGI6, STM32U385VGI6Q, STM32U385VGT6, STM32U385VGT6Q, STM32U535CBT6, STM32U535CBT6Q, STM32U535CBU6, STM32U535CBU6Q, STM32U535CCT6, STM32U535CCT6Q, STM32U535CCU6, STM32U535CCU6Q, STM32U535CET6, STM32U535CET6Q, STM32U535CEU6, STM32U535CEU6Q, STM32U535JEY6QTR, STM32U535NCY6QTR, STM32U535NEY6QTR, STM32U535RBI6, STM32U535RBI6Q, STM32U535RBT6, STM32U535RBT6Q, STM32U535RCI6, STM32U535RCI6Q, STM32U535RCT6, STM32U535RCT6Q, STM32U535REI6, STM32U535REI6Q, STM32U535RET6, STM32U535RET6Q, STM32U535VCI6, STM32U535VCI6Q, STM32U535VCT6, STM32U535VCT6Q, STM32U535VEI6, STM32U535VEI6Q, STM32U535VET6, STM32U535VET6Q, STM32U545CET6, STM32U545CET6Q, STM32U545CEU6, STM32U545CEU6Q, STM32U545JEY6QTR, STM32U545NEY6QTR, STM32U545REI6, STM32U545REI6Q, STM32U545RET6, STM32U545RET6Q, STM32U545VEI6, STM32U545VEI6Q, STM32U545VET6, STM32U545VET6Q, STM32U595AIH6, STM32U595AIH6Q, STM32U595AJH6, STM32U595AJH6Q, STM32U595QII6, STM32U595QII6Q, STM32U595QJI6, STM32U595QJI6Q, STM32U595RIT6, STM32U595RIT6Q, STM32U595RJT6, STM32U595RJT6Q, STM32U595VIT6, STM32U595VIT6Q, STM32U595VJT6, STM32U595VJT6Q, STM32U595ZIT6, STM32U595ZIT6Q, STM32U595ZIY6QTR, STM32U595ZJT6, STM32U595ZJT6Q, STM32U595ZJY6QTR, STM32U599BJY6QTR, STM32U599NIH6Q, STM32U599NJH6Q, STM32U599VIT6Q, STM32U599VJT6, STM32U599VJT6Q, STM32U599ZIT6Q, STM32U599ZIY6QTR, STM32U599ZJT6Q, STM32U599ZJY6QTR, STM32U5A5AJH6, STM32U5A5AJH6Q, STM32U5A5QII3Q , STM32U5A5QJI6, STM32U5A5QJI6Q, STM32U5A5RJT6, STM32U5A5RJT6Q, STM32U5A5VJT6, STM32U5A5VJT6Q, STM32U5A5ZJT6, STM32U5A5ZJT6Q, STM32U5A5ZJY6QTR, STM32U5A9BJY6QTR, STM32U5A9J-DK, STM32U5A9NJH6Q, STM32U5A9VJT6Q, STM32U5A9ZJT6Q, STM32U5A9ZJY6QTR, STM32U5F7VIT6, STM32U5F7VIT6Q, STM32U5F7VJT6, STM32U5F7VJT6Q, STM32U5F9BJY6QTR, STM32U5F9NJH6Q, STM32U5F9VIT6Q, STM32U5F9VJT6Q, STM32U5F9ZIJ6QTR, STM32U5F9ZIT6Q, STM32U5F9ZJJ6QTR, STM32U5F9ZJT6Q, STM32U5G7VJT6, STM32U5G7VJT6Q, STM32U5G9BJY6QTR, STM32U5G9J-DK1, STM32U5G9J-DK2, STM32U5G9NJH6Q, STM32U5G9VJT6Q, STM32U5G9ZJJ6QTR, STM32U5G9ZJT6Q, STM32WB05KZV6TR, STM32WB05KZV7TR, STM32WB05TZF6TR, STM32WB05TZF7TR, STM32WB06CCF6TR, STM32WB06CCF7TR, STM32WB06CCV6TR, STM32WB06CCV7TR, STM32WB06KCV6TR, STM32WB06KCV7TR, STM32WB07CCF6TR, STM32WB07CCF7TR, STM32WB07CCV6TR, STM32WB07CCV7TR, STM32WB07KCV6TR, STM32WB07KCV7TR, STM32WB09KEV6TR, STM32WB09KEV7TR, STM32WB09TEF6TR, STM32WB09TEF7TR, STM32WB1MMCH6, STM32WBA50KGU6, STM32WBA50KGU6TR, STM32WBA52CEU6, STM32WBA52CEU6TR, STM32WBA52CEU7, STM32WBA52CEU7TR, STM32WBA52CGU6, STM32WBA52CGU6TR, STM32WBA52CGU6U, STM32WBA52CGU7, STM32WBA52CGU7TR, STM32WBA52KEU6, STM32WBA52KEU6TR, STM32WBA52KGU6, STM32WBA52KGU6TR, STM32WBA54CEU6, STM32WBA54CEU6TR, STM32WBA54CEU7, STM32WBA54CEU7TR, STM32WBA54CGU6, STM32WBA54CGU6TR, STM32WBA54CGU7, STM32WBA54CGU7TR, STM32WBA54KEU6, STM32WBA54KEU6TR, STM32WBA54KEU7, STM32WBA54KEU7TR, STM32WBA54KGU6, STM32WBA54KGU6TR, STM32WBA54KGU7, STM32WBA54KGU7TR, STM32WBA55CEU6, STM32WBA55CEU6TR, STM32WBA55CEU7, STM32WBA55CEU7TR, STM32WBA55CGU6, STM32WBA55CGU6TR, STM32WBA55CGU6U, STM32WBA55CGU7, STM32WBA55CGU7TR, STM32WBA55G-DK1, STM32WBA55HEF6, STM32WBA55HEF7, STM32WBA55HGF6, STM32WBA55HGF7, STM32WBA55UEI6, STM32WBA55UEI6TR, STM32WBA55UEI7, STM32WBA55UEI7TR, STM32WBA55UGI6, STM32WBA55UGI6TR, STM32WBA55UGI7, STM32WBA55UGI7TR, STM32WBA5MJGH6TR, STM32WBA62CGU6, STM32WBA62CIU6, STM32WBA62MGF6, STM32WBA62MIF6, STM32WBA62PGI6, STM32WBA62PII6, STM32WBA63CGU6, STM32WBA63CGU7, STM32WBA63CIU6, STM32WBA63CIU7, STM32WBA64CGU6, STM32WBA64CGU7, STM32WBA64CIU6, STM32WBA64CIU7, STM32WBA65CGU6, STM32WBA65CGU7, STM32WBA65CIU6, STM32WBA65CIU7, STM32WBA65I-DK1, STM32WBA65MGF6, STM32WBA65MGF7, STM32WBA65MIF6, STM32WBA65MIF7, STM32WBA65PGI6, STM32WBA65PGI7, STM32WBA65PII6, STM32WBA65PII7, STM32WBA65RGV6, STM32WBA65RGV7, STM32WBA65RIV6, STM32WBA65RIV7, STM32WL30K8V6, STM32WL30KBV6, STM32WL31C8V6, STM32WL31CBV6, STM32WL31K8V6, STM32WL31KBV6, STM32WL33C8V6, STM32WL33C8V6TR, STM32WL33C8V7, STM32WL33C8V7TR, STM32WL33CBV6, STM32WL33CBV6TR, STM32WL33CBV7, STM32WL33CBV7TR, STM32WL33CCV6, STM32WL33CCV6TR, STM32WL33CCV7, STM32WL33CCV7A, STM32WL33CCV7ATR, STM32WL33CCV7TR, STM32WL33K8V6, STM32WL33K8V6TR, STM32WL33K8V7, STM32WL33K8V7TR, STM32WL33KBV6, STM32WL33KBV6TR, STM32WL33KBV7, STM32WL33KBV7TR, STM32WL33KCV6, STM32WL33KCV6TR, STM32WL33KCV7, STM32WL33KCV7TR, STM32WL5MOCH6, STM32WL5MOCH6TR]
2026-01-31 16:58:40,136 [INFO] ApiDb:668 - CubeFinder database Data Model version=2.1
2026-01-31 16:58:40,137 [INFO] ApiDb:669 - CubeFinder database Configuration version=3.0.39
2026-01-31 16:58:40,137 [INFO] ApiDb:670 - CubeFinder database generation date=2025-12-22 (1766407740)
2026-01-31 16:58:40,137 [INFO] ApiDb:671 - CubeFinder database FW Pack versions=[FP-ATR-ASTRA1_V2.0.0, FP-SNS-FLIGHT1_V5.1.0, FP-SNS-MOTENV1_V5.1.0, FP-SNS-MOTENVWB1_V1.4.0, FP-SNS-SMARTAG2_V1.2.0, FP-SNS-STBOX1_V2.1.0, STM32Cube_FW_C0_V1.4.0, STM32Cube_FW_F4_V1.28.3, STM32Cube_FW_F7_V1.17.4, STM32Cube_FW_G0_V1.6.2, STM32Cube_FW_G4_V1.6.1, STM32Cube_FW_H5_V1.5.1, STM32Cube_FW_H7RS_V1.3.0, STM32Cube_FW_H7_V1.12.1, STM32Cube_FW_L0_V1.12.2, STM32Cube_FW_L4_V1.18.1, STM32Cube_FW_L5_V1.6.0, STM32Cube_FW_N6_V1.3.0, STM32Cube_FW_U0_V1.3.0, STM32Cube_FW_U3_V1.2.1, STM32Cube_FW_U5_V1.8.0, STM32Cube_FW_WB0_V1.4.0, STM32Cube_FW_WBA_V1.8.0, STM32Cube_FW_WB_V1.24.0, STM32Cube_FW_WL3_V1.3.0, STM32Cube_FW_WL_V1.4.0, X-CUBE-ALGOBUILD_V1.4.0, X-CUBE-ALS_V1.0.2, X-CUBE-AZRTOS-F4_V1.1.0, X-CUBE-AZRTOS-F7_V1.1.0, X-CUBE-AZRTOS-G0_V1.1.0, X-CUBE-AZRTOS-G4_V2.0.0, X-CUBE-AZRTOS-H7RS_V1.1.0, X-CUBE-AZRTOS-H7_V3.4.0, X-CUBE-AZRTOS-L4_V2.0.0, X-CUBE-AZRTOS-L5_V2.0.0, X-CUBE-AZRTOS-WB_V2.0.0, X-CUBE-AZRTOS-WL_V2.0.0, X-CUBE-BLE1_V7.1.0, X-CUBE-BLE2_V3.3.0, X-CUBE-BLEMGR_V4.1.0, X-CUBE-EEPRMA1_V5.2.0, X-CUBE-FREERTOS_V1.3.1, X-CUBE-GNSS1_V6.0.0, X-CUBE-MEMS1_V12.0.0, X-CUBE-NFC4_V3.0.0, X-CUBE-NFC7_V2.0.0, X-CUBE-SFXS2LP1_V4.0.0, X-CUBE-ST67W61_V1.1.0, X-CUBE-SUBG2_V5.0.0, X-CUBE-TOF1_V3.4.3]
2026-01-31 16:58:42,308 [INFO] ApiDb:240 - Found 895 in-development CPN: [B-G473E-ZEST1S, B-WB1M-WPAN1, B-WBA5M-WPAN, B-WL5M-SUBG1, NUCLEO-C031C6, NUCLEO-C051C8, NUCLEO-C071RB, NUCLEO-C092RC, NUCLEO-H503RB, NUCLEO-H533RE, NUCLEO-H563ZI, NUCLEO-H7S3L8, NUCLEO-N657X0-Q, NUCLEO-U031R8, NUCLEO-U083RC, NUCLEO-U385RG-Q, NUCLEO-U545RE-Q, NUCLEO-U5A5ZJ-Q, NUCLEO-WB05KZ, NUCLEO-WB07CC, NUCLEO-WB09KE, NUCLEO-WBA52CG, NUCLEO-WBA55CG, NUCLEO-WBA65RI, NUCLEO-WL33CC1, NUCLEO-WL33CC2, STEVAL-PROTEUS1, STEVAL-SMARTAG2, STEVAL-STWINBX1, STM320518-EVAL, STM32C0116-DK, STM32C011D6Y3TR, STM32C011D6Y6TR, STM32C011F4P3, STM32C011F4P6, STM32C011F4U3, STM32C011F4U6TR, STM32C011F6P3, STM32C011F6P6, STM32C011F6U3, STM32C011F6U6TR, STM32C011J4M3, STM32C011J4M6, STM32C011J6M3, STM32C011J6M6, STM32C0316-DK, STM32C031C4T3, STM32C031C4T6, STM32C031C4U3, STM32C031C4U6, STM32C031C6T3, STM32C031C6T6, STM32C031C6U3, STM32C031C6U6, STM32C031F4P3, STM32C031F4P6, STM32C031F6P3, STM32C031F6P6, STM32C031G4U3, STM32C031G4U6, STM32C031G6U3, STM32C031G6U6, STM32C031K4T3, STM32C031K4T6, STM32C031K4U3, STM32C031K4U6, STM32C031K6T3, STM32C031K6T6, STM32C031K6U3, STM32C031K6U6, STM32C051C6T6, STM32C051C6U6, STM32C051C8T6, STM32C051C8U6, STM32C051D8Y6TR, STM32C051F6P6, STM32C051F8P6, STM32C051G6U6, STM32C051G8U6, STM32C051K6T6, STM32C051K6U6, STM32C051K8T6, STM32C071C8T6, STM32C071C8T6N, STM32C071C8U6, STM32C071C8U6N, STM32C071CBT6, STM32C071CBT6N, STM32C071CBU6, STM32C071CBU6N, STM32C071F8P6, STM32C071F8P6N, STM32C071FBP6, STM32C071FBP6N, STM32C071FBY6TR, STM32C071G8U6, STM32C071G8U6N, STM32C071GBU6, STM32C071GBU6N, STM32C071K8T6, STM32C071K8T6N, STM32C071K8U6, STM32C071K8U6N, STM32C071KBT6, STM32C071KBT6N, STM32C071KBU6, STM32C071KBU6N, STM32C071R8T6, STM32C071R8T6N, STM32C071RBI6N, STM32C071RBT6, STM32C071RBT6N, STM32C091CBT6, STM32C091CBU6, STM32C091CCT6, STM32C091CCU6, STM32C091ECY6TR, STM32C091FBP6, STM32C091FCP6, STM32C091GBU6, STM32C091GCU6, STM32C091KBT6, STM32C091KBU6, STM32C091KCT6, STM32C091KCU6, STM32C091RBT6, STM32C091RCI6, STM32C091RCT6, STM32C092CBT6, STM32C092CBU6, STM32C092CCT6, STM32C092CCU6, STM32C092ECY6TR, STM32C092FBP6, STM32C092FCP6, STM32C092GBU6, STM32C092GCU6, STM32C092KBT6, STM32C092KBU6, STM32C092KCT6, STM32C092KCU6, STM32C092RBT6, STM32C092RCI6, STM32C092RCT6, STM32G071K8TXN, STM32G071K8UXN, STM32G081GBU6N, STM32G081KBT6N, STM32G081KBUXN, STM32G0B1CCT6N, STM32G0B1KCT6, STM32G0B1NEY6TR, STM32G0B1RCT6N, STM32G0C1CCT6, STM32G0C1CCT6N, STM32G0C1CCU6N, STM32G0C1CET6N, STM32G0C1CEU6N, STM32G0C1KCT6, STM32G0C1NEY6TR, STM32G0C1RCI6N, STM32G0C1RCT6N, STM32G0C1REI6N, STM32G0C1RET6N, STM32G0C1VCI6, STM32G0C1VEI6, STM32G411C6T3, STM32G411C6T6, STM32G411C6U3, STM32G411C6U6, STM32G411C8T3, STM32G411C8T6, STM32G411C8U3, STM32G411C8U6, STM32G411CBT3, STM32G411CBT6, STM32G411CBU3, STM32G411CBU6, STM32G411CCT3, STM32G411CCT6, STM32G411CCU3, STM32G411CCU6, STM32G411K6T3, STM32G411K6T6, STM32G411K6U3, STM32G411K6U6, STM32G411K8T3, STM32G411K8T6, STM32G411K8U3, STM32G411K8U6, STM32G411KBT3, STM32G411KBT6, STM32G411KBU3, STM32G411KBU6, STM32G411M6T3, STM32G411M6T6, STM32G411M8T3, STM32G411M8T6, STM32G411MBT3, STM32G411MBT6, STM32G411MCT3, STM32G411MCT6, STM32G411R6T3, STM32G411R6T6, STM32G411R8T3, STM32G411R8T6, STM32G411RBT3, STM32G411RBT6, STM32G411RCT3, STM32G411RCT6, STM32G414CBT3, STM32G414CBT6, STM32G414CBU3, STM32G414CBU6, STM32G414CCT3, STM32G414CCT6, STM32G414CCU3, STM32G414CCU6, STM32G414MBT3, STM32G414MBT6, STM32G414MCT3, STM32G414MCT6, STM32G414RBT3, STM32G414RBT6, STM32G414RCT3, STM32G414RCT6, STM32G414VBT3, STM32G414VBT6, STM32G414VCT3, STM32G414VCT6, STM32G431CBT3Z, STM32G431RBT3Z, STM32G471CCT6, STM32G471CCU6, STM32G471CET3, STM32G471CET6, STM32G471CEU3, STM32G471CEU6, STM32G471MCT6, STM32G471MET3, STM32G471MET6, STM32G471MEY6TR, STM32G471QCT6, STM32G471QET3, STM32G471RCT6, STM32G471RET3, STM32G471RET6, STM32G471VCH6, STM32G471VCI6, STM32G471VCT6, STM32G471VEH3, STM32G471VEH6, STM32G471VEI3, STM32G471VEI6, STM32G471VET3, STM32G471VET6, STM32G473QET3Z, STM32G473RET3Z, STM32G474CCT6, STM32G491RET3Z, STM32H503CBT6, STM32H503CBU6, STM32H503EBY6TR, STM32H503KBU6, STM32H503RBT6, STM32H523CCT6, STM32H523CCU6, STM32H523CET6, STM32H523CEU6, STM32H523HEY6TR, STM32H523RCT6, STM32H523RET6, STM32H523VCI6, STM32H523VCT6, STM32H523VEI6, STM32H523VET6, STM32H523ZCJ6, STM32H523ZCT6, STM32H523ZEJ6, STM32H523ZET6, STM32H533CET6, STM32H533CEU6, STM32H533HEY6TR, STM32H533RET6, STM32H533VEI6, STM32H533VET6, STM32H533ZEJ6, STM32H533ZET6, STM32H562AGI6, STM32H562AII6, STM32H562IGK6, STM32H562IGT6, STM32H562IIK6, STM32H562IIT6, STM32H562RGT6, STM32H562RGV6, STM32H562RIT6, STM32H562RIV6, STM32H562VGT6, STM32H562VIT6, STM32H562ZGT6, STM32H562ZIT6, STM32H563AGI6, STM32H563AII3Q, STM32H563AII6, STM32H563IGK6, STM32H563IGT6, STM32H563IIK3Q, STM32H563IIK6, STM32H563IIT3Q, STM32H563IIT6, STM32H563MIY3QTR, STM32H563RGT6, STM32H563RGV6, STM32H563RIT6, STM32H563RIV6, STM32H563VGT6, STM32H563VIT3Q, STM32H563VIT6, STM32H563ZGT6, STM32H563ZIT3Q, STM32H563ZIT6, STM32H573AII3Q, STM32H573AII6, STM32H573I-DK, STM32H573IIK3Q, STM32H573IIK6, STM32H573IIT3Q, STM32H573IIT6, STM32H573MIY3QTR, STM32H573RIT6, STM32H573RIV6, STM32H573VIT3Q, STM32H573VIT6, STM32H573ZIT3Q, STM32H573ZIT6, STM32H7R3A8I6, STM32H7R3I8K6, STM32H7R3I8T6, STM32H7R3L8H6, STM32H7R3L8H6H, STM32H7R3R8V6, STM32H7R3V8H6, STM32H7R3V8T6, STM32H7R3V8Y6TR, STM32H7R3Z8J6, STM32H7R3Z8T6, STM32H7R7A8I6, STM32H7R7I8K6, STM32H7R7I8T6, STM32H7R7L8H6, STM32H7R7L8H6H, STM32H7R7Z8J6, STM32H7S3A8I6, STM32H7S3I8K6, STM32H7S3I8T6, STM32H7S3L8H6, STM32H7S3L8H6H, STM32H7S3R8V6, STM32H7S3V8H6, STM32H7S3V8T6, STM32H7S3V8Y6TR, STM32H7S3Z8J6, STM32H7S3Z8T6, STM32H7S78-DK, STM32H7S7A8I6, STM32H7S7I8K6, STM32H7S7I8T6, STM32H7S7L8H6, STM32H7S7L8H6H, STM32H7S7Z8J6, STM32L4R5QGI6STR, STM32MP131AAE3, STM32MP131AAF3, STM32MP131AAG3, STM32MP131CAE3, STM32MP131CAF3, STM32MP131CAG3, STM32MP131DAE7, STM32MP131DAF7, STM32MP131DAG7, STM32MP131FAE7, STM32MP131FAF7, STM32MP131FAG7, STM32MP133AAE3, STM32MP133AAF3, STM32MP133AAG3, STM32MP133CAE3, STM32MP133CAF3, STM32MP133CAG3, STM32MP133DAE7, STM32MP133DAF7, STM32MP133DAG7, STM32MP133FAE7, STM32MP133FAF7, STM32MP133FAG7, STM32MP135AAE3, STM32MP135AAF3, STM32MP135AAG3, STM32MP135CAE3, STM32MP135CAF3, STM32MP135CAG3, STM32MP135DAE7, STM32MP135DAF7, STM32MP135DAG7, STM32MP135F-DK, STM32MP135FAE7, STM32MP135FAF7, STM32MP135FAF7T, STM32MP135FAF7U, STM32MP135FAG7, STM32MP231AAJ3, STM32MP231AAK3, STM32MP231AAL3, STM32MP231CAJ3, STM32MP231CAK3, STM32MP231CAL3, STM32MP231DAJ3, STM32MP231DAK3, STM32MP231DAL3, STM32MP231FAJ3, STM32MP231FAK3, STM32MP231FAL3, STM32MP233AAJ3, STM32MP233AAK3, STM32MP233AAL3, STM32MP233CAJ3, STM32MP233CAK3, STM32MP233CAL3, STM32MP233DAJ3, STM32MP233DAK3, STM32MP233DAL3, STM32MP233FAJ3, STM32MP233FAK3, STM32MP233FAL3, STM32MP235AAJ3, STM32MP235AAK3, STM32MP235AAL3, STM32MP235CAJ3, STM32MP235CAK3, STM32MP235CAL3, STM32MP235DAJ3, STM32MP235DAK3, STM32MP235DAL3, STM32MP235FAJ3, STM32MP235FAK3, STM32MP235FAL3, STM32MP251AAI3, STM32MP251AAJ3, STM32MP251AAK3, STM32MP251AAL3, STM32MP251CAI3, STM32MP251CAJ3, STM32MP251CAK3, STM32MP251CAL3, STM32MP251DAI3, STM32MP251DAJ3, STM32MP251DAK3, STM32MP251DAL3, STM32MP251FAI3, STM32MP251FAJ3, STM32MP251FAK3, STM32MP251FAL3, STM32MP253AAI3, STM32MP253AAJ3, STM32MP253AAK3, STM32MP253AAL3, STM32MP253CAI3, STM32MP253CAJ3, STM32MP253CAK3, STM32MP253CAL3, STM32MP253DAI3, STM32MP253DAJ3, STM32MP253DAK3, STM32MP253DAL3, STM32MP253FAI3, STM32MP253FAJ3, STM32MP253FAK3, STM32MP253FAL3, STM32MP255AAI3, STM32MP255AAJ3, STM32MP255AAK3, STM32MP255AAL3, STM32MP255CAI3, STM32MP255CAJ3, STM32MP255CAK3, STM32MP255CAL3, STM32MP255DAI3, STM32MP255DAJ3, STM32MP255DAK3, STM32MP255DAL3, STM32MP255FAI3, STM32MP255FAJ3, STM32MP255FAK3, STM32MP255FAL3, STM32MP257AAI3, STM32MP257AAJ3, STM32MP257AAK3, STM32MP257AAL3, STM32MP257CAI3, STM32MP257CAJ3, STM32MP257CAK3, STM32MP257CAL3, STM32MP257DAI3, STM32MP257DAJ3, STM32MP257DAK3, STM32MP257DAL3, STM32MP257F-DK, STM32MP257F-EV1, STM32MP257FAI3, STM32MP257FAJ3, STM32MP257FAK3, STM32MP257FAL3, STM32N645A0H3Q, STM32N645B0H3Q, STM32N645I0H3Q, STM32N645L0H3Q, STM32N645X0H3Q, STM32N645Z0H3Q, STM32N647A0H3Q, STM32N647B0H3Q, STM32N647I0H3Q, STM32N647L0H3Q, STM32N647X0H3Q, STM32N647Z0H3Q, STM32N655A0H3Q, STM32N655B0H3Q, STM32N655I0H3Q, STM32N655L0H3Q, STM32N655X0H3Q, STM32N655Z0H3Q, STM32N6570-DK, STM32N657A0H3Q, STM32N657B0H3Q, STM32N657I0H3Q, STM32N657L0H3Q, STM32N657X0H3Q, STM32N657Z0H3Q, STM32U031C6T6, STM32U031C6U6, STM32U031C8T6, STM32U031C8U6, STM32U031F4P6, STM32U031F6P6, STM32U031F8P6, STM32U031G6Y6TR, STM32U031G8Y6TR, STM32U031K4U6, STM32U031K6U6, STM32U031K8U6, STM32U031R6I6, STM32U031R6T6, STM32U031R8I6, STM32U031R8T6, STM32U073C8T6, STM32U073C8U6, STM32U073CBT6, STM32U073CBU6, STM32U073CCT6, STM32U073CCU6, STM32U073H8Y6TR, STM32U073HBY6TR, STM32U073HCY6TR, STM32U073K8U6, STM32U073KBU6, STM32U073KCU6, STM32U073M8I6, STM32U073M8T6, STM32U073MBI6, STM32U073MBT6, STM32U073MCI6, STM32U073MCT6, STM32U073R8I6, STM32U073R8T6, STM32U073RBI6, STM32U073RBT6, STM32U073RCI6, STM32U073RCT6, STM32U083C-DK, STM32U083CCT6, STM32U083CCU6, STM32U083HCY6TR, STM32U083KCU6, STM32U083MCI6, STM32U083MCT6, STM32U083RCI6, STM32U083RCT6, STM32U375CET6, STM32U375CET6Q, STM32U375CEU6, STM32U375CEU6Q, STM32U375CEY6QTR, STM32U375CGT6, STM32U375CGT6Q, STM32U375CGU6, STM32U375CGU6Q, STM32U375CGY6QTR, STM32U375KEU6, STM32U375KGU6, STM32U375REI6, STM32U375REI6Q, STM32U375RET6, STM32U375RET6Q, STM32U375REY6GTR, STM32U375REY6QTR, STM32U375RGI6, STM32U375RGI6Q, STM32U375RGT6, STM32U375RGT6Q, STM32U375RGY6GTR, STM32U375RGY6QTR, STM32U375VEI6, STM32U375VEI6Q, STM32U375VET6, STM32U375VET6Q, STM32U375VGI6, STM32U375VGI6Q, STM32U375VGT6, STM32U375VGT6Q, STM32U385CGT6, STM32U385CGT6Q, STM32U385CGU6, STM32U385CGU6Q, STM32U385CGY6QTR, STM32U385KGU6, STM32U385RGI6, STM32U385RGI6Q, STM32U385RGT6, STM32U385RGT6Q, STM32U385RGY6GTR, STM32U385RGY6QTR, STM32U385VGI6, STM32U385VGI6Q, STM32U385VGT6, STM32U385VGT6Q, STM32U535CBT6, STM32U535CBT6Q, STM32U535CBU6, STM32U535CBU6Q, STM32U535CCT6, STM32U535CCT6Q, STM32U535CCU6, STM32U535CCU6Q, STM32U535CET6, STM32U535CET6Q, STM32U535CEU6, STM32U535CEU6Q, STM32U535JEY6QTR, STM32U535NCY6QTR, STM32U535NEY6QTR, STM32U535RBI6, STM32U535RBI6Q, STM32U535RBT6, STM32U535RBT6Q, STM32U535RCI6, STM32U535RCI6Q, STM32U535RCT6, STM32U535RCT6Q, STM32U535REI6, STM32U535REI6Q, STM32U535RET6, STM32U535RET6Q, STM32U535VCI6, STM32U535VCI6Q, STM32U535VCT6, STM32U535VCT6Q, STM32U535VEI6, STM32U535VEI6Q, STM32U535VET6, STM32U535VET6Q, STM32U545CET6, STM32U545CET6Q, STM32U545CEU6, STM32U545CEU6Q, STM32U545JEY6QTR, STM32U545NEY6QTR, STM32U545REI6, STM32U545REI6Q, STM32U545RET6, STM32U545RET6Q, STM32U545VEI6, STM32U545VEI6Q, STM32U545VET6, STM32U545VET6Q, STM32U595AIH6, STM32U595AIH6Q, STM32U595AJH6, STM32U595AJH6Q, STM32U595QII6, STM32U595QII6Q, STM32U595QJI6, STM32U595QJI6Q, STM32U595RIT6, STM32U595RIT6Q, STM32U595RJT6, STM32U595RJT6Q, STM32U595VIT6, STM32U595VIT6Q, STM32U595VJT6, STM32U595VJT6Q, STM32U595ZIT6, STM32U595ZIT6Q, STM32U595ZIY6QTR, STM32U595ZJT6, STM32U595ZJT6Q, STM32U595ZJY6QTR, STM32U599BJY6QTR, STM32U599NIH6Q, STM32U599NJH6Q, STM32U599VIT6Q, STM32U599VJT6, STM32U599VJT6Q, STM32U599ZIT6Q, STM32U599ZIY6QTR, STM32U599ZJT6Q, STM32U599ZJY6QTR, STM32U5A5AJH6, STM32U5A5AJH6Q, STM32U5A5QII3Q , STM32U5A5QJI6, STM32U5A5QJI6Q, STM32U5A5RJT6, STM32U5A5RJT6Q, STM32U5A5VJT6, STM32U5A5VJT6Q, STM32U5A5ZJT6, STM32U5A5ZJT6Q, STM32U5A5ZJY6QTR, STM32U5A9BJY6QTR, STM32U5A9J-DK, STM32U5A9NJH6Q, STM32U5A9VJT6Q, STM32U5A9ZJT6Q, STM32U5A9ZJY6QTR, STM32U5F7VIT6, STM32U5F7VIT6Q, STM32U5F7VJT6, STM32U5F7VJT6Q, STM32U5F9BJY6QTR, STM32U5F9NJH6Q, STM32U5F9VIT6Q, STM32U5F9VJT6Q, STM32U5F9ZIJ6QTR, STM32U5F9ZIT6Q, STM32U5F9ZJJ6QTR, STM32U5F9ZJT6Q, STM32U5G7VJT6, STM32U5G7VJT6Q, STM32U5G9BJY6QTR, STM32U5G9J-DK1, STM32U5G9J-DK2, STM32U5G9NJH6Q, STM32U5G9VJT6Q, STM32U5G9ZJJ6QTR, STM32U5G9ZJT6Q, STM32WB05KZV6TR, STM32WB05KZV7TR, STM32WB05TZF6TR, STM32WB05TZF7TR, STM32WB06CCF6TR, STM32WB06CCF7TR, STM32WB06CCV6TR, STM32WB06CCV7TR, STM32WB06KCV6TR, STM32WB06KCV7TR, STM32WB07CCF6TR, STM32WB07CCF7TR, STM32WB07CCV6TR, STM32WB07CCV7TR, STM32WB07KCV6TR, STM32WB07KCV7TR, STM32WB09KEV6TR, STM32WB09KEV7TR, STM32WB09TEF6TR, STM32WB09TEF7TR, STM32WB1MMCH6, STM32WBA50KGU6, STM32WBA50KGU6TR, STM32WBA52CEU6, STM32WBA52CEU6TR, STM32WBA52CEU7, STM32WBA52CEU7TR, STM32WBA52CGU6, STM32WBA52CGU6TR, STM32WBA52CGU6U, STM32WBA52CGU7, STM32WBA52CGU7TR, STM32WBA52KEU6, STM32WBA52KEU6TR, STM32WBA52KGU6, STM32WBA52KGU6TR, STM32WBA54CEU6, STM32WBA54CEU6TR, STM32WBA54CEU7, STM32WBA54CEU7TR, STM32WBA54CGU6, STM32WBA54CGU6TR, STM32WBA54CGU7, STM32WBA54CGU7TR, STM32WBA54KEU6, STM32WBA54KEU6TR, STM32WBA54KEU7, STM32WBA54KEU7TR, STM32WBA54KGU6, STM32WBA54KGU6TR, STM32WBA54KGU7, STM32WBA54KGU7TR, STM32WBA55CEU6, STM32WBA55CEU6TR, STM32WBA55CEU7, STM32WBA55CEU7TR, STM32WBA55CGU6, STM32WBA55CGU6TR, STM32WBA55CGU6U, STM32WBA55CGU7, STM32WBA55CGU7TR, STM32WBA55G-DK1, STM32WBA55HEF6, STM32WBA55HEF7, STM32WBA55HGF6, STM32WBA55HGF7, STM32WBA55UEI6, STM32WBA55UEI6TR, STM32WBA55UEI7, STM32WBA55UEI7TR, STM32WBA55UGI6, STM32WBA55UGI6TR, STM32WBA55UGI7, STM32WBA55UGI7TR, STM32WBA5MJGH6TR, STM32WBA62CGU6, STM32WBA62CIU6, STM32WBA62MGF6, STM32WBA62MIF6, STM32WBA62PGI6, STM32WBA62PII6, STM32WBA63CGU6, STM32WBA63CGU7, STM32WBA63CIU6, STM32WBA63CIU7, STM32WBA64CGU6, STM32WBA64CGU7, STM32WBA64CIU6, STM32WBA64CIU7, STM32WBA65CGU6, STM32WBA65CGU7, STM32WBA65CIU6, STM32WBA65CIU7, STM32WBA65I-DK1, STM32WBA65MGF6, STM32WBA65MGF7, STM32WBA65MIF6, STM32WBA65MIF7, STM32WBA65PGI6, STM32WBA65PGI7, STM32WBA65PII6, STM32WBA65PII7, STM32WBA65RGV6, STM32WBA65RGV7, STM32WBA65RIV6, STM32WBA65RIV7, STM32WL30K8V6, STM32WL30KBV6, STM32WL31C8V6, STM32WL31CBV6, STM32WL31K8V6, STM32WL31KBV6, STM32WL33C8V6, STM32WL33C8V6TR, STM32WL33C8V7, STM32WL33C8V7TR, STM32WL33CBV6, STM32WL33CBV6TR, STM32WL33CBV7, STM32WL33CBV7TR, STM32WL33CCV6, STM32WL33CCV6TR, STM32WL33CCV7, STM32WL33CCV7A, STM32WL33CCV7ATR, STM32WL33CCV7TR, STM32WL33K8V6, STM32WL33K8V6TR, STM32WL33K8V7, STM32WL33K8V7TR, STM32WL33KBV6, STM32WL33KBV6TR, STM32WL33KBV7, STM32WL33KBV7TR, STM32WL33KCV6, STM32WL33KCV6TR, STM32WL33KCV7, STM32WL33KCV7TR, STM32WL5MOCH6, STM32WL5MOCH6TR]
2026-01-31 16:58:42,318 [INFO] DbMcus:218 - Found 4822 MCUs, 4822 are supported
2026-01-31 16:58:42,318 [INFO] ApiDb:423 - Load user favorites file C:\Users\lthst/.stm32cubeide/favorites.mcus.txt: 0 item(s)
2026-01-31 16:58:42,319 [INFO] ApiDb:427 - User favorites MCUs=[]
2026-01-31 16:58:42,319 [INFO] DbMcus:224 - Set 0 / 0 favorites MCUs
2026-01-31 16:58:42,998 [INFO] BoardInfo:889 - No configuration file found for board P-NUCLEO-WB55
2026-01-31 16:58:43,000 [INFO] DbBoards:161 - Kit is not supported: P-NUCLEO-WB55
2026-01-31 16:58:43,010 [INFO] BoardInfo:889 - No configuration file found for board STEVAL-BFA001V1B
2026-01-31 16:58:43,012 [INFO] DbBoards:161 - Kit is not supported: STEVAL-BFA001V1B
2026-01-31 16:58:43,013 [INFO] BoardInfo:889 - No configuration file found for board STEVAL-BFA001V2B
2026-01-31 16:58:43,014 [INFO] DbBoards:161 - Kit is not supported: STEVAL-BFA001V2B
2026-01-31 16:58:43,286 [INFO] DbBoards:168 - Found 211 boards, 208 are supported
2026-01-31 16:58:43,286 [INFO] DbBoards:169 - Found 211 boards, 43 of them is supported for  Bsp
2026-01-31 16:58:43,290 [INFO] ApiDb:423 - Load user favorites file C:\Users\lthst/.stm32cubeide/favorites.boards.txt: 0 item(s)
2026-01-31 16:58:43,290 [INFO] ApiDb:427 - User favorites Boards=[]
2026-01-31 16:58:43,290 [INFO] DbBoards:198 - Set 0 / 0 favorites Boards
2026-01-31 16:58:43,355 [INFO] UtilMem:75 - End LoadConfig() Used Memory: 660717848 Bytes (1073741824)
2026-01-31 16:58:43,531 [WARN] ThirdParty:833 - waiting for thirdparty lock release [change project]
2026-01-31 16:58:43,532 [INFO] ThirdParty:835 - entering critical section [change project]
2026-01-31 16:58:43,532 [INFO] ThirdParty:1030 - CMSIS Pack Vendor :STMicroelectronics X-CUBE-PM33A1 1.0.0
2026-01-31 16:58:43,532 [INFO] ThirdParty:1030 - CMSIS Pack Vendor :STMicroelectronics USBPD 4.1
2026-01-31 16:58:43,532 [INFO] ThirdParty:1030 - CMSIS Pack Vendor :STMicroelectronics USB_HOST 2.0.0
2026-01-31 16:58:43,532 [INFO] ThirdParty:1030 - CMSIS Pack Vendor :STMicroelectronics FP-SNS-MOTENVWB1 1.4.0
2026-01-31 16:58:43,532 [INFO] ThirdParty:1030 - CMSIS Pack Vendor :STMicroelectronics X-CUBE-AZRTOS-F4 1.1.0
2026-01-31 16:58:43,533 [INFO] ThirdParty:1030 - CMSIS Pack Vendor :STMicroelectronics LIBJPEG 8.0.0
2026-01-31 16:58:43,533 [INFO] ThirdParty:1030 - CMSIS Pack Vendor :STMicroelectronics FP-ATR-ASTRA1 2.0.2
2026-01-31 16:58:43,533 [INFO] ThirdParty:1030 - CMSIS Pack Vendor :Avnet-IotConnect X-CUBE-IoTC-DA16k-PMOD 1.0.0
2026-01-31 16:58:43,533 [INFO] ThirdParty:1030 - CMSIS Pack Vendor :STMicroelectronics X-CUBE-SMBUS 2.1.0
2026-01-31 16:58:43,533 [INFO] ThirdParty:1030 - CMSIS Pack Vendor :STMicroelectronics X-CUBE-WB05N 1.1.0
2026-01-31 16:58:43,533 [INFO] ThirdParty:1030 - CMSIS Pack Vendor :STMicroelectronics X-CUBE-ISPU 2.1.0
2026-01-31 16:58:43,533 [INFO] ThirdParty:1030 - CMSIS Pack Vendor :STMicroelectronics X-CUBE-ST60 1.0.0
2026-01-31 16:58:43,533 [INFO] ThirdParty:1030 - CMSIS Pack Vendor :STMicroelectronics X-CUBE-NFC12 1.0.0
2026-01-31 16:58:43,533 [INFO] ThirdParty:1030 - CMSIS Pack Vendor :STMicroelectronics X-CUBE-AZRTOS-F7 1.1.0
2026-01-31 16:58:43,533 [INFO] ThirdParty:1030 - CMSIS Pack Vendor :STMicroelectronics X-CUBE-AZRTOS-L5 2.0.0
2026-01-31 16:58:43,533 [INFO] ThirdParty:1030 - CMSIS Pack Vendor :STMicroelectronics USB_DEVICE 2.0.0
2026-01-31 16:58:43,533 [INFO] ThirdParty:1030 - CMSIS Pack Vendor :STMicroelectronics X-CUBE-NFC6 3.1.0
2026-01-31 16:58:43,533 [INFO] ThirdParty:1030 - CMSIS Pack Vendor :STMicroelectronics FreeRTOS 0.0.1
2026-01-31 16:58:43,533 [INFO] ThirdParty:1030 - CMSIS Pack Vendor :STMicroelectronics X-CUBE-DPower 1.2.0
2026-01-31 16:58:43,533 [INFO] ThirdParty:1030 - CMSIS Pack Vendor :Infineon AIROC-Wi-Fi-Bluetooth-STM32 1.7.0
2026-01-31 16:58:43,533 [INFO] ThirdParty:1030 - CMSIS Pack Vendor :STMicroelectronics PDM2PCM 3.3.0
2026-01-31 16:58:43,533 [INFO] ThirdParty:1030 - CMSIS Pack Vendor :STMicroelectronics X-CUBE-AZRTOS-H7 3.4.0
2026-01-31 16:58:43,533 [INFO] ThirdParty:1030 - CMSIS Pack Vendor :STMicroelectronics X-CUBE-DISPLAY 3.0.0
2026-01-31 16:58:43,533 [INFO] ThirdParty:1030 - CMSIS Pack Vendor :STMicroelectronics X-CUBE-NFC10 1.0.0
2026-01-31 16:58:43,533 [INFO] ThirdParty:1030 - CMSIS Pack Vendor :STMicroelectronics X-CUBE-BLEMGR 4.0.0
2026-01-31 16:58:43,534 [INFO] ThirdParty:1030 - CMSIS Pack Vendor :STMicroelectronics X-CUBE-FREERTOS 1.3.1
2026-01-31 16:58:43,534 [INFO] ThirdParty:1030 - CMSIS Pack Vendor :STMicroelectronics HAL Drivers 0.0.0
2026-01-31 16:58:43,534 [INFO] ThirdParty:1030 - CMSIS Pack Vendor :STMicroelectronics X-CUBE-ST60 1.1.0
2026-01-31 16:58:43,534 [INFO] ThirdParty:1030 - CMSIS Pack Vendor :emotas I-CUBE-CANOPEN 1.3.0
2026-01-31 16:58:43,534 [INFO] ThirdParty:1030 - CMSIS Pack Vendor :STMicroelectronics X-CUBE-FREERTOS 1.3.0
2026-01-31 16:58:43,534 [INFO] ThirdParty:1030 - CMSIS Pack Vendor :STMicroelectronics X-CUBE-NFC7 1.0.1
2026-01-31 16:58:43,534 [INFO] ThirdParty:1030 - CMSIS Pack Vendor :STMicroelectronics MBEDTLS 2.14.1
2026-01-31 16:58:43,534 [INFO] ThirdParty:1030 - CMSIS Pack Vendor :STMicroelectronics X-CUBE-GNSS1 7.1.0
2026-01-31 16:58:43,534 [INFO] ThirdParty:1030 - CMSIS Pack Vendor :STMicroelectronics X-CUBE-TOUCHGFX 4.26.0
2026-01-31 16:58:43,534 [INFO] ThirdParty:1030 - CMSIS Pack Vendor :quantropi X-CUBE-qispace-sdk-base 2.0.0
2026-01-31 16:58:43,534 [INFO] ThirdParty:1030 - CMSIS Pack Vendor :STMicroelectronics X-CUBE-AI 10.0.0
2026-01-31 16:58:43,534 [INFO] ThirdParty:1030 - CMSIS Pack Vendor :STMicroelectronics FP-SNS-STAIOTCFT 1.0.0
2026-01-31 16:58:43,534 [INFO] ThirdParty:1030 - CMSIS Pack Vendor :STMicroelectronics FP-SNS-SMARTAG2 1.2.0
2026-01-31 16:58:43,534 [INFO] ThirdParty:1030 - CMSIS Pack Vendor :STMicroelectronics FP-SNS-FLIGHT1 5.1.0
2026-01-31 16:58:43,534 [INFO] ThirdParty:1030 - CMSIS Pack Vendor :STMicroelectronics X-CUBE-MEMS1 11.1.0
2026-01-31 16:58:43,534 [INFO] ThirdParty:1030 - CMSIS Pack Vendor :STMicroelectronics X-CUBE-AZRTOS-WL 2.0.0
2026-01-31 16:58:43,534 [INFO] ThirdParty:1030 - CMSIS Pack Vendor :STMicroelectronics X-CUBE-DPower 1.3.0
2026-01-31 16:58:43,534 [INFO] ThirdParty:1030 - CMSIS Pack Vendor :STMicroelectronics FP-SNS-MOTENV1 5.0.0
2026-01-31 16:58:43,534 [INFO] ThirdParty:1030 - CMSIS Pack Vendor :STMicroelectronics USB_DEVICE 1.0.0
2026-01-31 16:58:43,534 [INFO] ThirdParty:1030 - CMSIS Pack Vendor :STMicroelectronics X-CUBE-AZRTOS-H7RS 1.2.0
2026-01-31 16:58:43,534 [INFO] ThirdParty:1030 - CMSIS Pack Vendor :STMicroelectronics X-CUBE-AZRTOS-L4 2.0.0
2026-01-31 16:58:43,535 [INFO] ThirdParty:1030 - CMSIS Pack Vendor :STMicroelectronics ThreadX 0.0.2
2026-01-31 16:58:43,535 [INFO] ThirdParty:1030 - CMSIS Pack Vendor :WES I-CUBE-Cesium 1.3.0
2026-01-31 16:58:43,535 [INFO] ThirdParty:1030 - CMSIS Pack Vendor :STMicroelectronics lwIP 2.1.2
2026-01-31 16:58:43,535 [INFO] ThirdParty:1030 - CMSIS Pack Vendor :STMicroelectronics X-CUBE-SFXS2LP1 4.0.0
2026-01-31 16:58:43,535 [INFO] ThirdParty:1030 - CMSIS Pack Vendor :STMicroelectronics X-CUBE-BLE2 3.3.0
2026-01-31 16:58:43,535 [INFO] ThirdParty:1030 - CMSIS Pack Vendor :Avnet-IOTCONNECT X-CUBE-iotc-st67-sdk 1.0.0
2026-01-31 16:58:43,535 [INFO] ThirdParty:1030 - CMSIS Pack Vendor :STMicroelectronics PDM2PCM 3.2.0
2026-01-31 16:58:43,535 [INFO] ThirdParty:1030 - CMSIS Pack Vendor :STMicroelectronics X-CUBE-AZRTOS-H7 3.3.0
2026-01-31 16:58:43,535 [INFO] ThirdParty:1030 - CMSIS Pack Vendor :STMicroelectronics X-CUBE-NFC9 1.0.0
2026-01-31 16:58:43,535 [INFO] ThirdParty:1030 - CMSIS Pack Vendor :STMicroelectronics X-CUBE-BLE1 7.1.0
2026-01-31 16:58:43,535 [INFO] ThirdParty:1030 - CMSIS Pack Vendor :wolfSSL I-CUBE-wolfMQTT 1.19.2
2026-01-31 16:58:43,535 [INFO] ThirdParty:1030 - CMSIS Pack Vendor :STMicroelectronics USB_DEVICE 3.0.0
2026-01-31 16:58:43,535 [INFO] ThirdParty:1030 - CMSIS Pack Vendor :STMicroelectronics X-CUBE-EEPRMA1 5.2.0
2026-01-31 16:58:43,535 [INFO] ThirdParty:1030 - CMSIS Pack Vendor :STMicroelectronics X-CUBE-BLEMGR 4.1.0
2026-01-31 16:58:43,535 [INFO] ThirdParty:1030 - CMSIS Pack Vendor :STMicroelectronics X-CUBE-AZRTOS-WB 2.0.0
2026-01-31 16:58:43,535 [INFO] ThirdParty:1030 - CMSIS Pack Vendor :STMicroelectronics X-CUBE-GNSS1 7.0.1
2026-01-31 16:58:43,535 [INFO] ThirdParty:1030 - CMSIS Pack Vendor :STMicroelectronics X-CUBE-TOUCHGFX 4.25.0
2026-01-31 16:58:43,535 [INFO] ThirdParty:1030 - CMSIS Pack Vendor :STMicroelectronics X-CUBE-AI 10.1.0
2026-01-31 16:58:43,535 [INFO] ThirdParty:1030 - CMSIS Pack Vendor :STMicroelectronics FP-SNS-STBOX1 2.0.0
2026-01-31 16:58:43,535 [INFO] ThirdParty:1030 - CMSIS Pack Vendor :STMicroelectronics X-CUBE-MEMS1 12.0.0
2026-01-31 16:58:43,535 [INFO] ThirdParty:1030 - CMSIS Pack Vendor :STMicroelectronics X-CUBE-STSE01 2.0.0
2026-01-31 16:58:43,535 [INFO] ThirdParty:1030 - CMSIS Pack Vendor :STMicroelectronics X-CUBE-MEMS1 11.2.0
2026-01-31 16:58:43,535 [INFO] ThirdParty:1030 - CMSIS Pack Vendor :STMicroelectronics X-CUBE-AZRTOS-G0 1.1.0
2026-01-31 16:58:43,535 [INFO] ThirdParty:1030 - CMSIS Pack Vendor :STMicroelectronics X-CUBE-SAFEA1 1.2.2
2026-01-31 16:58:43,536 [INFO] ThirdParty:1030 - CMSIS Pack Vendor :STMicroelectronics X-CUBE-NFC4 3.0.0
2026-01-31 16:58:43,536 [INFO] ThirdParty:1030 - CMSIS Pack Vendor :STMicroelectronics X-CUBE-SUBG2 5.0.0
2026-01-31 16:58:43,536 [INFO] ThirdParty:1030 - CMSIS Pack Vendor :STMicroelectronics X-CUBE-AZRTOS-H7RS 1.1.0
2026-01-31 16:58:43,536 [INFO] ThirdParty:1030 - CMSIS Pack Vendor :STMicroelectronics STM32_WPAN 1.0.0
2026-01-31 16:58:43,536 [INFO] ThirdParty:1030 - CMSIS Pack Vendor :EmbeddedOffice I-CUBE-FS-RTOS 1.0.1
2026-01-31 16:58:43,536 [INFO] ThirdParty:1030 - CMSIS Pack Vendor :STMicroelectronics lwIP 2.0.3
2026-01-31 16:58:43,536 [INFO] ThirdParty:1030 - CMSIS Pack Vendor :Cesanta I-CUBE-Mongoose 7.13.0
2026-01-31 16:58:43,536 [INFO] ThirdParty:1030 - CMSIS Pack Vendor :STMicroelectronics USB_HOST 1.0.0
2026-01-31 16:58:43,536 [INFO] ThirdParty:1030 - CMSIS Pack Vendor :STMicroelectronics X-CUBE-AZRTOS-G4 2.0.0
2026-01-31 16:58:43,536 [INFO] ThirdParty:1030 - CMSIS Pack Vendor :STMicroelectronics X-CUBE-WB05N 2.0.0
2026-01-31 16:58:43,536 [INFO] ThirdParty:1030 - CMSIS Pack Vendor :STMicroelectronics PDM2PCM 3.1.0
2026-01-31 16:58:43,536 [INFO] ThirdParty:1030 - CMSIS Pack Vendor :wolfSSL I-CUBE-wolfTPM 3.8.0
2026-01-31 16:58:43,536 [INFO] ThirdParty:1030 - CMSIS Pack Vendor :wolfSSL I-CUBE-wolfSSH 1.4.20
2026-01-31 16:58:43,536 [INFO] ThirdParty:1030 - CMSIS Pack Vendor :STMicroelectronics X-CUBE-NFC7 2.0.0
2026-01-31 16:58:43,536 [INFO] ThirdParty:1030 - CMSIS Pack Vendor :STMicroelectronics X-CUBE-TCPP 4.2.0
2026-01-31 16:58:43,536 [INFO] ThirdParty:1030 - CMSIS Pack Vendor :RealThread X-CUBE-RT-Thread_Nano 4.1.1
2026-01-31 16:58:43,536 [INFO] ThirdParty:1030 - CMSIS Pack Vendor :STMicroelectronics FP-ATR-SIGFOX1 3.2.0
2026-01-31 16:58:43,536 [INFO] ThirdParty:1030 - CMSIS Pack Vendor :STMicroelectronics X-CUBE-EEPRMA1 5.1.0
2026-01-31 16:58:43,536 [INFO] ThirdParty:1030 - CMSIS Pack Vendor :STMicroelectronics MBEDTLS 2.16.2
2026-01-31 16:58:43,536 [INFO] ThirdParty:1030 - CMSIS Pack Vendor :STMicroelectronics X-CUBE-IPS 3.1.0
2026-01-31 16:58:43,537 [INFO] ThirdParty:1030 - CMSIS Pack Vendor :STMicroelectronics X-CUBE-ALS 1.0.2
2026-01-31 16:58:43,537 [INFO] ThirdParty:1030 - CMSIS Pack Vendor :wolfSSL I-CUBE-wolfSSL 5.7.6
2026-01-31 16:58:43,537 [INFO] ThirdParty:1030 - CMSIS Pack Vendor :ITTIA_DB I-CUBE-ITTIADB 8.9.0
2026-01-31 16:58:43,537 [INFO] ThirdParty:1030 - CMSIS Pack Vendor :STMicroelectronics X-CUBE-STSE01 1.0.0
2026-01-31 16:58:43,537 [INFO] ThirdParty:1030 - CMSIS Pack Vendor :portGmbH I-Cube-SoM-uGOAL 1.1.0
2026-01-31 16:58:43,537 [INFO] ThirdParty:1030 - CMSIS Pack Vendor :STMicroelectronics X-CUBE-NFC6 3.2.0
2026-01-31 16:58:43,537 [INFO] ThirdParty:1030 - CMSIS Pack Vendor :STMicroelectronics X-CUBE-ST67W61 1.0.0
2026-01-31 16:58:43,537 [INFO] ThirdParty:1030 - CMSIS Pack Vendor :STMicroelectronics X-CUBE-AI 10.2.0
2026-01-31 16:58:43,537 [INFO] ThirdParty:1030 - CMSIS Pack Vendor :STMicroelectronics ThreadX 1.0.0
2026-01-31 16:58:43,538 [INFO] ThirdParty:1030 - CMSIS Pack Vendor :SEGGER I-CUBE-embOS 1.3.1
2026-01-31 16:58:43,538 [INFO] ThirdParty:1030 - CMSIS Pack Vendor :STMicroelectronics X-CUBE-ALGOBUILD 1.4.0
2026-01-31 16:58:43,538 [INFO] ThirdParty:1030 - CMSIS Pack Vendor :STMicroelectronics X-CUBE-MEMS1 11.3.0
2026-01-31 16:58:43,538 [INFO] ThirdParty:1030 - CMSIS Pack Vendor :STMicroelectronics X-CUBE-TOF1 3.4.2
2026-01-31 16:58:43,538 [INFO] ThirdParty:1030 - CMSIS Pack Vendor :STMicroelectronics X-CUBE-TOF1 3.4.3
2026-01-31 16:58:43,538 [INFO] ThirdParty:841 - exiting critical section [change project]
2026-01-31 16:58:44,024 [INFO] PinOutPanel:1589 - setPackage(No Configuration,No Configuration)
2026-01-31 16:58:44,026 [INFO] PinOutPanel:1589 - setPackage(STM32F446RETx,LQFP64)
2026-01-31 16:58:44,589 [INFO] UtilMem:75 - Before build in PCC Used Memory: 888737088 Bytes (1073741824)
2026-01-31 16:58:47,206 [INFO] UtilMem:75 - After build in PCC Used Memory: 967380288 Bytes (1073741824)
2026-01-31 16:58:47,570 [INFO] IPUIPlugin:80 - create IPUIPlugin
2026-01-31 16:58:47,571 [INFO] IPUIPlugin:80 - create IPUIPlugin
2026-01-31 16:58:47,572 [INFO] IPUIPlugin:80 - create IPUIPlugin
2026-01-31 16:58:47,573 [INFO] IPUIPlugin:80 - create IPUIPlugin
2026-01-31 16:58:47,574 [INFO] IPUIPlugin:80 - create IPUIPlugin
2026-01-31 16:58:47,578 [INFO] IPUIPlugin:80 - create IPUIPlugin
2026-01-31 16:58:47,579 [INFO] IPUIPlugin:80 - create IPUIPlugin
2026-01-31 16:58:47,580 [INFO] IPUIPlugin:80 - create IPUIPlugin
2026-01-31 16:58:47,580 [INFO] IPUIPlugin:80 - create IPUIPlugin
2026-01-31 16:58:47,581 [INFO] IPUIPlugin:80 - create IPUIPlugin
2026-01-31 16:58:47,582 [INFO] IPUIPlugin:80 - create IPUIPlugin
2026-01-31 16:58:47,584 [INFO] IPUIPlugin:80 - create IPUIPlugin
2026-01-31 16:58:47,586 [INFO] IPUIPlugin:80 - create IPUIPlugin
2026-01-31 16:58:47,587 [INFO] IPUIPlugin:80 - create IPUIPlugin
2026-01-31 16:58:47,588 [INFO] IPUIPlugin:80 - create IPUIPlugin
2026-01-31 16:58:47,589 [INFO] IPUIPlugin:80 - create IPUIPlugin
2026-01-31 16:58:47,589 [INFO] IPUIPlugin:80 - create IPUIPlugin
2026-01-31 16:58:47,590 [INFO] IPUIPlugin:80 - create IPUIPlugin
2026-01-31 16:58:47,591 [INFO] IPUIPlugin:80 - create IPUIPlugin
2026-01-31 16:58:47,592 [INFO] IPUIPlugin:80 - create IPUIPlugin
2026-01-31 16:58:47,594 [INFO] IPUIPlugin:80 - create IPUIPlugin
2026-01-31 16:58:47,596 [INFO] IPUIPlugin:80 - create IPUIPlugin
2026-01-31 16:58:47,597 [INFO] IPUIPlugin:80 - create IPUIPlugin
2026-01-31 16:58:47,598 [INFO] IPUIPlugin:80 - create IPUIPlugin
2026-01-31 16:58:47,601 [INFO] IPUIPlugin:80 - create IPUIPlugin
2026-01-31 16:58:47,603 [INFO] IPUIPlugin:80 - create IPUIPlugin
2026-01-31 16:58:47,604 [INFO] IPUIPlugin:80 - create IPUIPlugin
2026-01-31 16:58:47,605 [INFO] IPUIPlugin:80 - create IPUIPlugin
2026-01-31 16:58:47,606 [INFO] IPUIPlugin:80 - create IPUIPlugin
2026-01-31 16:58:47,607 [INFO] IPUIPlugin:80 - create IPUIPlugin
2026-01-31 16:58:47,608 [INFO] IPUIPlugin:80 - create IPUIPlugin
2026-01-31 16:58:47,609 [INFO] IPUIPlugin:80 - create IPUIPlugin
2026-01-31 16:58:47,610 [INFO] IPUIPlugin:80 - create IPUIPlugin
2026-01-31 16:58:47,611 [INFO] IPUIPlugin:80 - create IPUIPlugin
2026-01-31 16:58:47,613 [INFO] IPUIPlugin:80 - create IPUIPlugin
2026-01-31 16:58:47,614 [INFO] IPUIPlugin:80 - create IPUIPlugin
2026-01-31 16:58:47,616 [INFO] IPUIPlugin:80 - create IPUIPlugin
2026-01-31 16:58:47,619 [INFO] IPUIPlugin:80 - create IPUIPlugin
2026-01-31 16:58:47,620 [INFO] IPUIPlugin:80 - create IPUIPlugin
2026-01-31 16:58:47,621 [INFO] IPUIPlugin:80 - create IPUIPlugin
2026-01-31 16:58:47,622 [INFO] IPUIPlugin:80 - create IPUIPlugin
2026-01-31 16:58:47,624 [INFO] IPUIPlugin:80 - create IPUIPlugin
2026-01-31 16:58:47,625 [INFO] IPUIPlugin:80 - create IPUIPlugin
2026-01-31 16:58:47,627 [INFO] IPUIPlugin:80 - create IPUIPlugin
2026-01-31 16:58:47,628 [INFO] IPUIPlugin:80 - create IPUIPlugin
2026-01-31 16:58:47,629 [INFO] IPUIPlugin:80 - create IPUIPlugin
2026-01-31 16:58:47,631 [INFO] IPUIPlugin:80 - create IPUIPlugin
2026-01-31 16:58:47,634 [INFO] IPUIPlugin:80 - create IPUIPlugin
2026-01-31 16:58:47,636 [INFO] IPUIPlugin:80 - create IPUIPlugin
2026-01-31 16:58:47,637 [INFO] IPUIPlugin:80 - create IPUIPlugin
2026-01-31 16:58:47,640 [INFO] IPUIPlugin:80 - create IPUIPlugin
2026-01-31 16:58:47,641 [INFO] IPUIPlugin:80 - create IPUIPlugin
2026-01-31 16:58:47,643 [INFO] IPUIPlugin:80 - create IPUIPlugin
2026-01-31 16:58:47,646 [INFO] IPUIPlugin:80 - create IPUIPlugin
2026-01-31 16:58:47,648 [INFO] IPUIPlugin:80 - create IPUIPlugin
2026-01-31 16:58:47,651 [INFO] IPUIPlugin:80 - create IPUIPlugin
2026-01-31 16:58:47,653 [INFO] IPUIPlugin:80 - create IPUIPlugin
2026-01-31 16:58:47,655 [INFO] IPUIPlugin:80 - create IPUIPlugin
2026-01-31 16:58:47,657 [INFO] IPUIPlugin:80 - create IPUIPlugin
2026-01-31 16:58:47,658 [INFO] IPUIPlugin:80 - create IPUIPlugin
2026-01-31 16:58:48,062 [INFO] ApiDbMcu:508 - Load IP Config File for PDM2PCM
2026-01-31 16:58:49,023 [INFO] CADModel:165 - CPN selected for project levelSTM32F446RET6
2026-01-31 16:58:49,023 [INFO] CADModel:114 - Register for checkConnection events
2026-01-31 16:58:49,075 [INFO] OpenFileManager:385 - Restore cursor
2026-01-31 17:05:08,490 [INFO] WebApp:194 - Connection lost
2026-01-31 17:05:08,712 [INFO] WebApp:191 - Connection restablished
2026-01-31 17:35:14,485 [INFO] WebApp:194 - Connection lost
2026-01-31 17:35:14,729 [INFO] WebApp:191 - Connection restablished
2026-01-31 18:05:46,405 [INFO] WebApp:194 - Connection lost
2026-01-31 18:05:46,615 [INFO] WebApp:191 - Connection restablished
2026-01-31 18:35:56,445 [INFO] WebApp:194 - Connection lost
2026-01-31 18:35:56,624 [INFO] WebApp:191 - Connection restablished
2026-01-31 18:36:46,040 [INFO] NvicIntPanel:101 - NVIC parent = com.st.microxplorer.plugins.ip.nvic.MultiNvicIntPanel[,0,0,0x0,invalid,layout=javax.swing.BoxLayout,alignmentX=0.0,alignmentY=0.0,border=,flags=9,maximumSize=,minimumSize=,preferredSize=]
2026-01-31 18:36:48,869 [INFO] NvicIntPanel:101 - NVIC parent = com.st.microxplorer.plugins.ip.nvic.MultiNvicIntPanel[,0,0,0x0,invalid,layout=javax.swing.BoxLayout,alignmentX=0.0,alignmentY=0.0,border=,flags=9,maximumSize=,minimumSize=,preferredSize=]
2026-01-31 18:56:08,336 [INFO] UtilMem:75 - End SaveConfig() Used Memory: 933352808 Bytes (1073741824)
2026-01-31 18:56:09,742 [INFO] UtilMem:75 - End SaveConfig() Used Memory: 957761032 Bytes (1073741824)
2026-01-31 18:56:09,918 [INFO] UtilMem:75 - End SaveConfig() Used Memory: 987121160 Bytes (1073741824)
2026-01-31 18:56:10,523 [INFO] BlockDiagram:2775 - set Specific Code input for plugin: TIM1_8
2026-01-31 18:56:10,523 [INFO] BlockDiagram:2775 - set Specific Code input for plugin: TIM1_8
2026-01-31 18:56:10,524 [INFO] BlockDiagram:2775 - set Specific Code input for plugin: SYS
2026-01-31 18:56:10,524 [INFO] BlockDiagram:2775 - set Specific Code input for plugin: RCC
2026-01-31 18:56:10,524 [INFO] BlockDiagram:2775 - set Specific Code input for plugin: NVIC
2026-01-31 18:56:10,524 [INFO] BlockDiagram:2775 - set Specific Code input for plugin: GPIO
2026-01-31 18:56:10,526 [INFO] CodeGenerator:882 - code generatio: config db path: C:\ST\STM32CubeIDE_1.18.0\STM32CubeIDE\plugins\com.st.stm32cube.common.mx_6.14.0.202502271554\\db\
2026-01-31 18:56:10,796 [INFO] CodeEngine:263 - oldGeneratedFile, C:\Users\lthst\Desktop\aquaponics\Automated-Aquaponics-System\sec_convey\sec_convey_cart\MXTmpFiles\license.tmp_save
2026-01-31 18:56:11,246 [INFO] CodeEngine:287 - Generated code: C:\Users\lthst\Desktop\aquaponics\Automated-Aquaponics-System\sec_convey\sec_convey_cart\MXTmpFiles\license.tmp
2026-01-31 18:56:11,381 [INFO] CodeEngine:263 - oldGeneratedFile, C:\Users\lthst\Desktop\aquaponics\Automated-Aquaponics-System\sec_convey\sec_convey_cart\MXTmpFiles\gpio.tmp_save
2026-01-31 18:56:11,532 [INFO] CodeEngine:287 - Generated code: C:\Users\lthst\Desktop\aquaponics\Automated-Aquaponics-System\sec_convey\sec_convey_cart\MXTmpFiles\gpio.tmp
2026-01-31 18:56:11,724 [INFO] CodeEngine:263 - oldGeneratedFile, C:\Users\lthst\Desktop\aquaponics\Automated-Aquaponics-System\sec_convey\sec_convey_cart\Core\Src\stm32f4xx_it.c_save
2026-01-31 18:56:11,866 [INFO] CodeEngine:287 - Generated code: C:\Users\lthst\Desktop\aquaponics\Automated-Aquaponics-System\sec_convey\sec_convey_cart\Core\Src\stm32f4xx_it.c
2026-01-31 18:56:11,895 [INFO] CodeEngine:263 - oldGeneratedFile, C:\Users\lthst\Desktop\aquaponics\Automated-Aquaponics-System\sec_convey\sec_convey_cart\Core\Inc\stm32f4xx_it.h_save
2026-01-31 18:56:11,987 [INFO] CodeEngine:287 - Generated code: C:\Users\lthst\Desktop\aquaponics\Automated-Aquaponics-System\sec_convey\sec_convey_cart\Core\Inc\stm32f4xx_it.h
2026-01-31 18:56:12,031 [INFO] CodeEngine:263 - oldGeneratedFile, C:\Users\lthst\Desktop\aquaponics\Automated-Aquaponics-System\sec_convey\sec_convey_cart\Core\Src\stm32f4xx_hal_msp.c_save
2026-01-31 18:56:12,169 [INFO] CodeEngine:287 - Generated code: C:\Users\lthst\Desktop\aquaponics\Automated-Aquaponics-System\sec_convey\sec_convey_cart\Core\Src\stm32f4xx_hal_msp.c
2026-01-31 18:56:12,182 [INFO] CodeEngine:263 - oldGeneratedFile, C:\Users\lthst\Desktop\aquaponics\Automated-Aquaponics-System\sec_convey\sec_convey_cart\MXTmpFiles\system.tmp_save
2026-01-31 18:56:12,247 [INFO] CodeEngine:287 - Generated code: C:\Users\lthst\Desktop\aquaponics\Automated-Aquaponics-System\sec_convey\sec_convey_cart\MXTmpFiles\system.tmp
2026-01-31 18:56:12,281 [INFO] CodeEngine:319 - oldGeneratedFile, C:\Users\lthst\Desktop\aquaponics\Automated-Aquaponics-System\sec_convey\sec_convey_cart\Core\Inc\stm32f4xx_hal_conf.h_save
2026-01-31 18:56:12,391 [INFO] CodeEngine:343 - Generated code: C:\Users\lthst\Desktop\aquaponics\Automated-Aquaponics-System\sec_convey\sec_convey_cart\Core\Inc\stm32f4xx_hal_conf.h
2026-01-31 18:56:12,435 [WARN] IPConfigManager:3174 - Warning: the RefConfig PLL2P_FOR_MCO is not available in your config.xml file
2026-01-31 18:56:12,451 [INFO] ApiDbMcu:508 - Load IP Config File for TIM3
2026-01-31 18:56:12,462 [INFO] ApiDbMcu:508 - Load IP Config File for TIM5
2026-01-31 18:56:12,466 [INFO] ApiDbMcu:508 - Load IP Config File for RCC
2026-01-31 18:56:12,471 [WARN] IPConfigManager:3747 - IP not found : TIM
2026-01-31 18:56:12,472 [WARN] CodeGenerator:4198 - IP not found : null
2026-01-31 18:56:12,517 [INFO] CodeEngine:263 - oldGeneratedFile, C:\Users\lthst\Desktop\aquaponics\Automated-Aquaponics-System\sec_convey\sec_convey_cart\Core\Inc\main.h_save
2026-01-31 18:56:12,663 [INFO] CodeEngine:287 - Generated code: C:\Users\lthst\Desktop\aquaponics\Automated-Aquaponics-System\sec_convey\sec_convey_cart\Core\Inc\main.h
2026-01-31 18:56:12,703 [INFO] CodeEngine:263 - oldGeneratedFile, C:\Users\lthst\Desktop\aquaponics\Automated-Aquaponics-System\sec_convey\sec_convey_cart\Core\Src\main.c_save
2026-01-31 18:56:13,079 [INFO] CodeEngine:287 - Generated code: C:\Users\lthst\Desktop\aquaponics\Automated-Aquaponics-System\sec_convey\sec_convey_cart\Core\Src\main.c
2026-01-31 18:56:13,898 [INFO] ProjectBuilder:3324 - Time for Copy HAL[1] : 469mS.
2026-01-31 18:56:13,912 [INFO] ProjectBuilder:4912 - Project Generator version: 4.6.0-B36
2026-01-31 18:56:14,196 [INFO] ConfigFileManager:1590 - The Die is : DIE421
2026-01-31 18:56:14,264 [INFO] ApiDbMcu:508 - Load IP Config File for FATFS
2026-01-31 18:56:14,315 [INFO] ApiDbMcu:508 - Load IP Config File for FREERTOS
2026-01-31 18:56:14,357 [INFO] ApiDbMcu:508 - Load IP Config File for LIBJPEG
2026-01-31 18:56:14,433 [INFO] ApiDbMcu:508 - Load IP Config File for MBEDTLS
2026-01-31 18:56:14,494 [INFO] ApiDbMcu:508 - Load IP Config File for USB_DEVICE
2026-01-31 18:56:14,542 [INFO] ApiDbMcu:508 - Load IP Config File for USB_HOST
2026-01-31 18:56:17,087 [INFO] LogOutputStream:77 - [STDOUT_REDIRECT] 
2026-01-31 18:56:19,581 [ERROR] ConfigurationRetriever:142 - IOException on connection: sw-center.st.com
2026-01-31 18:56:19,582 [ERROR] ConfigurationRetriever:142 - IOException on connection: sw-center.st.com
2026-01-31 18:56:19,583 [ERROR] ConfigurationRetriever:142 - IOException on connection: sw-center.st.com
2026-01-31 18:56:20,278 [ERROR] AdobePublisher:162 - Exception while opening the connection: java.net.UnknownHostException: stmicroelectronics.d3.sc.omtrdc.net
2026-01-31 18:56:20,279 [ERROR] AdobePublisher:162 - Exception while opening the connection: java.net.UnknownHostException: stmicroelectronics.d3.sc.omtrdc.net
2026-01-31 18:56:20,280 [ERROR] AdobePublisher:162 - Exception while opening the connection: java.net.UnknownHostException: stmicroelectronics.d3.sc.omtrdc.net
2026-01-31 18:56:20,281 [ERROR] AdobePublisher:162 - Exception while opening the connection: java.net.UnknownHostException: stmicroelectronics.d3.sc.omtrdc.net
2026-01-31 18:56:20,281 [ERROR] AdobePublisher:162 - Exception while opening the connection: java.net.UnknownHostException: stmicroelectronics.d3.sc.omtrdc.net
2026-01-31 18:56:23,437 [INFO] ProjectBuilder:5191 - Time for Generating toolchain IDE Files: 9523mS.
2026-01-31 18:56:23,441 [INFO] ProjectBuilder:3181 - Time for Copy CMSIS : 3mS.
2026-01-31 18:56:23,453 [INFO] ProjectBuilder:3181 - Time for Copy CMSIS : 1mS.
2026-01-31 18:56:25,038 [INFO] WebApp:194 - Connection lost
2026-01-31 18:56:30,831 [INFO] WebApp:191 - Connection restablished
2026-01-31 18:57:33,897 [INFO] WebApp:194 - Connection lost
2026-01-31 18:57:34,133 [INFO] WebApp:191 - Connection restablished
2026-01-31 18:57:38,900 [INFO] WebApp:194 - Connection lost
2026-01-31 18:57:39,088 [INFO] WebApp:191 - Connection restablished
2026-01-31 18:58:02,979 [INFO] WebApp:194 - Connection lost
2026-01-31 18:58:03,209 [INFO] WebApp:191 - Connection restablished
2026-01-31 19:06:33,433 [INFO] WebApp:194 - Connection lost
2026-01-31 19:06:33,620 [INFO] WebApp:191 - Connection restablished
2026-01-31 19:06:38,890 [INFO] WebApp:194 - Connection lost
2026-01-31 19:06:39,056 [INFO] WebApp:191 - Connection restablished
2026-01-31 19:08:47,408 [INFO] WebApp:194 - Connection lost
2026-01-31 19:08:47,582 [INFO] WebApp:191 - Connection restablished
2026-01-31 19:09:52,406 [INFO] WebApp:194 - Connection lost
2026-01-31 19:09:52,594 [INFO] WebApp:191 - Connection restablished
2026-01-31 19:09:57,421 [INFO] WebApp:194 - Connection lost
2026-01-31 19:09:57,594 [INFO] WebApp:191 - Connection restablished
2026-01-31 19:13:31,421 [INFO] WebApp:194 - Connection lost
2026-01-31 19:13:31,587 [INFO] WebApp:191 - Connection restablished
2026-01-31 19:14:15,273 [INFO] Gpio:277 - dependency for GPIO [SYS, TIM3, TIM5]
2026-01-31 19:14:35,544 [INFO] UtilMem:75 - End SaveConfig() Used Memory: 931546112 Bytes (1073741824)
2026-01-31 19:14:36,625 [INFO] UtilMem:75 - End SaveConfig() Used Memory: 988147256 Bytes (1073741824)
2026-01-31 19:14:36,816 [INFO] BlockDiagram:2775 - set Specific Code input for plugin: TIM1_8
2026-01-31 19:14:36,816 [INFO] BlockDiagram:2775 - set Specific Code input for plugin: TIM1_8
2026-01-31 19:14:36,816 [INFO] BlockDiagram:2775 - set Specific Code input for plugin: SYS
2026-01-31 19:14:36,816 [INFO] BlockDiagram:2775 - set Specific Code input for plugin: RCC
2026-01-31 19:14:36,816 [INFO] BlockDiagram:2775 - set Specific Code input for plugin: NVIC
2026-01-31 19:14:36,816 [INFO] BlockDiagram:2775 - set Specific Code input for plugin: GPIO
2026-01-31 19:14:36,819 [INFO] CodeGenerator:882 - code generatio: config db path: C:\ST\STM32CubeIDE_1.18.0\STM32CubeIDE\plugins\com.st.stm32cube.common.mx_6.14.0.202502271554\\db\
2026-01-31 19:14:36,894 [INFO] CodeEngine:263 - oldGeneratedFile, C:\Users\lthst\Desktop\aquaponics\Automated-Aquaponics-System\sec_convey\sec_convey_cart\MXTmpFiles\license.tmp_save
2026-01-31 19:14:37,136 [INFO] CodeEngine:287 - Generated code: C:\Users\lthst\Desktop\aquaponics\Automated-Aquaponics-System\sec_convey\sec_convey_cart\MXTmpFiles\license.tmp
2026-01-31 19:14:37,172 [INFO] CodeEngine:263 - oldGeneratedFile, C:\Users\lthst\Desktop\aquaponics\Automated-Aquaponics-System\sec_convey\sec_convey_cart\MXTmpFiles\gpio.tmp_save
2026-01-31 19:14:37,356 [INFO] CodeEngine:287 - Generated code: C:\Users\lthst\Desktop\aquaponics\Automated-Aquaponics-System\sec_convey\sec_convey_cart\MXTmpFiles\gpio.tmp
2026-01-31 19:14:37,551 [INFO] CodeEngine:263 - oldGeneratedFile, C:\Users\lthst\Desktop\aquaponics\Automated-Aquaponics-System\sec_convey\sec_convey_cart\Core\Src\stm32f4xx_it.c_save
2026-01-31 19:14:37,732 [INFO] CodeEngine:287 - Generated code: C:\Users\lthst\Desktop\aquaponics\Automated-Aquaponics-System\sec_convey\sec_convey_cart\Core\Src\stm32f4xx_it.c
2026-01-31 19:14:37,739 [INFO] CodeEngine:263 - oldGeneratedFile, C:\Users\lthst\Desktop\aquaponics\Automated-Aquaponics-System\sec_convey\sec_convey_cart\Core\Inc\stm32f4xx_it.h_save
2026-01-31 19:14:37,816 [INFO] CodeEngine:287 - Generated code: C:\Users\lthst\Desktop\aquaponics\Automated-Aquaponics-System\sec_convey\sec_convey_cart\Core\Inc\stm32f4xx_it.h
2026-01-31 19:14:37,855 [INFO] CodeEngine:263 - oldGeneratedFile, C:\Users\lthst\Desktop\aquaponics\Automated-Aquaponics-System\sec_convey\sec_convey_cart\Core\Src\stm32f4xx_hal_msp.c_save
2026-01-31 19:14:38,012 [INFO] CodeEngine:287 - Generated code: C:\Users\lthst\Desktop\aquaponics\Automated-Aquaponics-System\sec_convey\sec_convey_cart\Core\Src\stm32f4xx_hal_msp.c
2026-01-31 19:14:38,016 [INFO] CodeEngine:263 - oldGeneratedFile, C:\Users\lthst\Desktop\aquaponics\Automated-Aquaponics-System\sec_convey\sec_convey_cart\MXTmpFiles\system.tmp_save
2026-01-31 19:14:38,085 [INFO] CodeEngine:287 - Generated code: C:\Users\lthst\Desktop\aquaponics\Automated-Aquaponics-System\sec_convey\sec_convey_cart\MXTmpFiles\system.tmp
2026-01-31 19:14:38,115 [INFO] CodeEngine:319 - oldGeneratedFile, C:\Users\lthst\Desktop\aquaponics\Automated-Aquaponics-System\sec_convey\sec_convey_cart\Core\Inc\stm32f4xx_hal_conf.h_save
2026-01-31 19:14:38,225 [INFO] CodeEngine:343 - Generated code: C:\Users\lthst\Desktop\aquaponics\Automated-Aquaponics-System\sec_convey\sec_convey_cart\Core\Inc\stm32f4xx_hal_conf.h
2026-01-31 19:14:38,259 [WARN] IPConfigManager:3174 - Warning: the RefConfig PLL2P_FOR_MCO is not available in your config.xml file
2026-01-31 19:14:38,262 [WARN] IPConfigManager:3747 - IP not found : TIM
2026-01-31 19:14:38,263 [WARN] CodeGenerator:4198 - IP not found : null
2026-01-31 19:14:38,289 [INFO] CodeEngine:263 - oldGeneratedFile, C:\Users\lthst\Desktop\aquaponics\Automated-Aquaponics-System\sec_convey\sec_convey_cart\Core\Inc\main.h_save
2026-01-31 19:14:38,433 [INFO] CodeEngine:287 - Generated code: C:\Users\lthst\Desktop\aquaponics\Automated-Aquaponics-System\sec_convey\sec_convey_cart\Core\Inc\main.h
2026-01-31 19:14:38,455 [INFO] CodeEngine:263 - oldGeneratedFile, C:\Users\lthst\Desktop\aquaponics\Automated-Aquaponics-System\sec_convey\sec_convey_cart\Core\Src\main.c_save
2026-01-31 19:14:38,642 [INFO] CodeEngine:287 - Generated code: C:\Users\lthst\Desktop\aquaponics\Automated-Aquaponics-System\sec_convey\sec_convey_cart\Core\Src\main.c
2026-01-31 19:14:39,121 [INFO] ProjectBuilder:3324 - Time for Copy HAL[1] : 274mS.
2026-01-31 19:14:39,127 [INFO] ProjectBuilder:4912 - Project Generator version: 4.6.0-B36
2026-01-31 19:14:39,321 [INFO] ConfigFileManager:1590 - The Die is : DIE421
2026-01-31 19:14:42,463 [INFO] ProjectBuilder:5191 - Time for Generating toolchain IDE Files: 3336mS.
2026-01-31 19:14:42,467 [INFO] ProjectBuilder:3181 - Time for Copy CMSIS : 2mS.
2026-01-31 19:14:42,484 [INFO] ProjectBuilder:3181 - Time for Copy CMSIS : 0mS.
2026-01-31 19:20:11,425 [INFO] WebApp:194 - Connection lost
2026-01-31 19:20:12,618 [INFO] WebApp:191 - Connection restablished
2026-01-31 19:20:15,923 [INFO] WebApp:194 - Connection lost
2026-01-31 19:20:16,087 [INFO] WebApp:191 - Connection restablished
2026-01-31 19:25:02,447 [INFO] Gpio:277 - dependency for GPIO [SYS, TIM3, TIM5]
2026-01-31 19:25:03,205 [INFO] NvicIntPanel:101 - NVIC parent = com.st.microxplorer.plugins.ip.nvic.MultiNvicIntPanel[,0,0,0x0,invalid,layout=javax.swing.BoxLayout,alignmentX=0.0,alignmentY=0.0,border=,flags=9,maximumSize=,minimumSize=,preferredSize=]
2026-01-31 19:25:25,674 [INFO] NvicIntPanel:101 - NVIC parent = com.st.microxplorer.plugins.ip.nvic.MultiNvicIntPanel[,0,0,0x0,invalid,layout=javax.swing.BoxLayout,alignmentX=0.0,alignmentY=0.0,border=,flags=9,maximumSize=,minimumSize=,preferredSize=]
2026-01-31 19:25:26,861 [INFO] NvicIntPanel:101 - NVIC parent = com.st.microxplorer.plugins.ip.nvic.MultiNvicIntPanel[,0,0,0x0,invalid,layout=javax.swing.BoxLayout,alignmentX=0.0,alignmentY=0.0,border=,flags=9,maximumSize=,minimumSize=,preferredSize=]
2026-01-31 19:25:31,566 [INFO] NvicIntPanel:101 - NVIC parent = com.st.microxplorer.plugins.ip.nvic.MultiNvicIntPanel[,0,0,0x0,invalid,layout=javax.swing.BoxLayout,alignmentX=0.0,alignmentY=0.0,border=,flags=9,maximumSize=,minimumSize=,preferredSize=]
2026-01-31 19:25:42,685 [INFO] UtilMem:75 - End SaveConfig() Used Memory: 797693288 Bytes (1073741824)
2026-01-31 19:25:44,342 [INFO] UtilMem:75 - End SaveConfig() Used Memory: 883578952 Bytes (1073741824)
2026-01-31 19:25:45,039 [INFO] BlockDiagram:2775 - set Specific Code input for plugin: TIM1_8
2026-01-31 19:25:45,041 [INFO] BlockDiagram:2775 - set Specific Code input for plugin: TIM1_8
2026-01-31 19:25:45,041 [INFO] BlockDiagram:2775 - set Specific Code input for plugin: SYS
2026-01-31 19:25:45,041 [INFO] BlockDiagram:2775 - set Specific Code input for plugin: RCC
2026-01-31 19:25:45,041 [INFO] BlockDiagram:2775 - set Specific Code input for plugin: NVIC
2026-01-31 19:25:45,042 [INFO] BlockDiagram:2775 - set Specific Code input for plugin: GPIO
2026-01-31 19:25:45,047 [INFO] CodeGenerator:882 - code generatio: config db path: C:\ST\STM32CubeIDE_1.18.0\STM32CubeIDE\plugins\com.st.stm32cube.common.mx_6.14.0.202502271554\\db\
2026-01-31 19:25:45,623 [INFO] CodeEngine:263 - oldGeneratedFile, C:\Users\lthst\Desktop\aquaponics\Automated-Aquaponics-System\sec_convey\sec_convey_cart\MXTmpFiles\license.tmp_save
2026-01-31 19:25:46,613 [INFO] CodeEngine:287 - Generated code: C:\Users\lthst\Desktop\aquaponics\Automated-Aquaponics-System\sec_convey\sec_convey_cart\MXTmpFiles\license.tmp
2026-01-31 19:25:46,800 [INFO] CodeEngine:263 - oldGeneratedFile, C:\Users\lthst\Desktop\aquaponics\Automated-Aquaponics-System\sec_convey\sec_convey_cart\MXTmpFiles\gpio.tmp_save
2026-01-31 19:25:47,454 [INFO] CodeEngine:287 - Generated code: C:\Users\lthst\Desktop\aquaponics\Automated-Aquaponics-System\sec_convey\sec_convey_cart\MXTmpFiles\gpio.tmp
2026-01-31 19:25:48,321 [INFO] CodeEngine:263 - oldGeneratedFile, C:\Users\lthst\Desktop\aquaponics\Automated-Aquaponics-System\sec_convey\sec_convey_cart\Core\Src\stm32f4xx_it.c_save
2026-01-31 19:25:49,479 [INFO] CodeEngine:287 - Generated code: C:\Users\lthst\Desktop\aquaponics\Automated-Aquaponics-System\sec_convey\sec_convey_cart\Core\Src\stm32f4xx_it.c
2026-01-31 19:25:49,550 [INFO] CodeEngine:263 - oldGeneratedFile, C:\Users\lthst\Desktop\aquaponics\Automated-Aquaponics-System\sec_convey\sec_convey_cart\Core\Inc\stm32f4xx_it.h_save
2026-01-31 19:25:49,887 [INFO] CodeEngine:287 - Generated code: C:\Users\lthst\Desktop\aquaponics\Automated-Aquaponics-System\sec_convey\sec_convey_cart\Core\Inc\stm32f4xx_it.h
2026-01-31 19:25:50,063 [INFO] CodeEngine:263 - oldGeneratedFile, C:\Users\lthst\Desktop\aquaponics\Automated-Aquaponics-System\sec_convey\sec_convey_cart\Core\Src\stm32f4xx_hal_msp.c_save
2026-01-31 19:25:50,583 [INFO] CodeEngine:287 - Generated code: C:\Users\lthst\Desktop\aquaponics\Automated-Aquaponics-System\sec_convey\sec_convey_cart\Core\Src\stm32f4xx_hal_msp.c
2026-01-31 19:25:50,606 [INFO] CodeEngine:263 - oldGeneratedFile, C:\Users\lthst\Desktop\aquaponics\Automated-Aquaponics-System\sec_convey\sec_convey_cart\MXTmpFiles\system.tmp_save
2026-01-31 19:25:50,905 [INFO] CodeEngine:287 - Generated code: C:\Users\lthst\Desktop\aquaponics\Automated-Aquaponics-System\sec_convey\sec_convey_cart\MXTmpFiles\system.tmp
2026-01-31 19:25:51,034 [INFO] CodeEngine:319 - oldGeneratedFile, C:\Users\lthst\Desktop\aquaponics\Automated-Aquaponics-System\sec_convey\sec_convey_cart\Core\Inc\stm32f4xx_hal_conf.h_save
2026-01-31 19:25:51,452 [INFO] CodeEngine:343 - Generated code: C:\Users\lthst\Desktop\aquaponics\Automated-Aquaponics-System\sec_convey\sec_convey_cart\Core\Inc\stm32f4xx_hal_conf.h
2026-01-31 19:25:51,606 [WARN] IPConfigManager:3174 - Warning: the RefConfig PLL2P_FOR_MCO is not available in your config.xml file
2026-01-31 19:25:51,616 [WARN] IPConfigManager:3747 - IP not found : TIM
2026-01-31 19:25:51,619 [WARN] CodeGenerator:4198 - IP not found : null
2026-01-31 19:25:51,732 [INFO] CodeEngine:263 - oldGeneratedFile, C:\Users\lthst\Desktop\aquaponics\Automated-Aquaponics-System\sec_convey\sec_convey_cart\Core\Inc\main.h_save
2026-01-31 19:25:52,123 [INFO] CodeEngine:287 - Generated code: C:\Users\lthst\Desktop\aquaponics\Automated-Aquaponics-System\sec_convey\sec_convey_cart\Core\Inc\main.h
2026-01-31 19:25:52,206 [INFO] CodeEngine:263 - oldGeneratedFile, C:\Users\lthst\Desktop\aquaponics\Automated-Aquaponics-System\sec_convey\sec_convey_cart\Core\Src\main.c_save
2026-01-31 19:25:52,726 [INFO] CodeEngine:287 - Generated code: C:\Users\lthst\Desktop\aquaponics\Automated-Aquaponics-System\sec_convey\sec_convey_cart\Core\Src\main.c
2026-01-31 19:25:54,189 [INFO] ProjectBuilder:3324 - Time for Copy HAL[1] : 665mS.
2026-01-31 19:25:54,204 [INFO] ProjectBuilder:4912 - Project Generator version: 4.6.0-B36
2026-01-31 19:25:54,710 [INFO] ConfigFileManager:1590 - The Die is : DIE421
2026-01-31 19:25:57,616 [INFO] ProjectBuilder:5191 - Time for Generating toolchain IDE Files: 3412mS.
2026-01-31 19:25:57,618 [INFO] ProjectBuilder:3181 - Time for Copy CMSIS : 1mS.
2026-01-31 19:25:57,629 [INFO] ProjectBuilder:3181 - Time for Copy CMSIS : 0mS.
2026-01-31 19:28:58,995 [INFO] Gpio:277 - dependency for GPIO [SYS, TIM3, TIM5]
2026-01-31 19:29:14,409 [INFO] UtilMem:75 - End SaveConfig() Used Memory: 732669136 Bytes (1073741824)
2026-01-31 19:29:15,396 [INFO] UtilMem:75 - End SaveConfig() Used Memory: 788243664 Bytes (1073741824)
2026-01-31 19:29:15,544 [INFO] BlockDiagram:2775 - set Specific Code input for plugin: TIM1_8
2026-01-31 19:29:15,544 [INFO] BlockDiagram:2775 - set Specific Code input for plugin: TIM1_8
2026-01-31 19:29:15,544 [INFO] BlockDiagram:2775 - set Specific Code input for plugin: SYS
2026-01-31 19:29:15,544 [INFO] BlockDiagram:2775 - set Specific Code input for plugin: RCC
2026-01-31 19:29:15,545 [INFO] BlockDiagram:2775 - set Specific Code input for plugin: NVIC
2026-01-31 19:29:15,545 [INFO] BlockDiagram:2775 - set Specific Code input for plugin: GPIO
2026-01-31 19:29:15,546 [INFO] CodeGenerator:882 - code generatio: config db path: C:\ST\STM32CubeIDE_1.18.0\STM32CubeIDE\plugins\com.st.stm32cube.common.mx_6.14.0.202502271554\\db\
2026-01-31 19:29:15,613 [INFO] CodeEngine:263 - oldGeneratedFile, C:\Users\lthst\Desktop\aquaponics\Automated-Aquaponics-System\sec_convey\sec_convey_cart\MXTmpFiles\license.tmp_save
2026-01-31 19:29:15,688 [INFO] CodeEngine:287 - Generated code: C:\Users\lthst\Desktop\aquaponics\Automated-Aquaponics-System\sec_convey\sec_convey_cart\MXTmpFiles\license.tmp
2026-01-31 19:29:15,706 [INFO] CodeEngine:263 - oldGeneratedFile, C:\Users\lthst\Desktop\aquaponics\Automated-Aquaponics-System\sec_convey\sec_convey_cart\MXTmpFiles\gpio.tmp_save
2026-01-31 19:29:15,798 [INFO] CodeEngine:287 - Generated code: C:\Users\lthst\Desktop\aquaponics\Automated-Aquaponics-System\sec_convey\sec_convey_cart\MXTmpFiles\gpio.tmp
2026-01-31 19:29:15,875 [INFO] CodeEngine:263 - oldGeneratedFile, C:\Users\lthst\Desktop\aquaponics\Automated-Aquaponics-System\sec_convey\sec_convey_cart\Core\Src\stm32f4xx_it.c_save
2026-01-31 19:29:15,952 [INFO] CodeEngine:287 - Generated code: C:\Users\lthst\Desktop\aquaponics\Automated-Aquaponics-System\sec_convey\sec_convey_cart\Core\Src\stm32f4xx_it.c
2026-01-31 19:29:15,960 [INFO] CodeEngine:263 - oldGeneratedFile, C:\Users\lthst\Desktop\aquaponics\Automated-Aquaponics-System\sec_convey\sec_convey_cart\Core\Inc\stm32f4xx_it.h_save
2026-01-31 19:29:16,027 [INFO] CodeEngine:287 - Generated code: C:\Users\lthst\Desktop\aquaponics\Automated-Aquaponics-System\sec_convey\sec_convey_cart\Core\Inc\stm32f4xx_it.h
2026-01-31 19:29:16,060 [INFO] CodeEngine:263 - oldGeneratedFile, C:\Users\lthst\Desktop\aquaponics\Automated-Aquaponics-System\sec_convey\sec_convey_cart\Core\Src\stm32f4xx_hal_msp.c_save
2026-01-31 19:29:16,184 [INFO] CodeEngine:287 - Generated code: C:\Users\lthst\Desktop\aquaponics\Automated-Aquaponics-System\sec_convey\sec_convey_cart\Core\Src\stm32f4xx_hal_msp.c
2026-01-31 19:29:16,193 [INFO] CodeEngine:263 - oldGeneratedFile, C:\Users\lthst\Desktop\aquaponics\Automated-Aquaponics-System\sec_convey\sec_convey_cart\MXTmpFiles\system.tmp_save
2026-01-31 19:29:16,280 [INFO] CodeEngine:287 - Generated code: C:\Users\lthst\Desktop\aquaponics\Automated-Aquaponics-System\sec_convey\sec_convey_cart\MXTmpFiles\system.tmp
2026-01-31 19:29:16,308 [INFO] CodeEngine:319 - oldGeneratedFile, C:\Users\lthst\Desktop\aquaponics\Automated-Aquaponics-System\sec_convey\sec_convey_cart\Core\Inc\stm32f4xx_hal_conf.h_save
2026-01-31 19:29:16,453 [INFO] CodeEngine:343 - Generated code: C:\Users\lthst\Desktop\aquaponics\Automated-Aquaponics-System\sec_convey\sec_convey_cart\Core\Inc\stm32f4xx_hal_conf.h
2026-01-31 19:29:16,525 [WARN] IPConfigManager:3174 - Warning: the RefConfig PLL2P_FOR_MCO is not available in your config.xml file
2026-01-31 19:29:16,531 [WARN] IPConfigManager:3747 - IP not found : TIM
2026-01-31 19:29:16,531 [WARN] CodeGenerator:4198 - IP not found : null
2026-01-31 19:29:16,569 [INFO] CodeEngine:263 - oldGeneratedFile, C:\Users\lthst\Desktop\aquaponics\Automated-Aquaponics-System\sec_convey\sec_convey_cart\Core\Inc\main.h_save
2026-01-31 19:29:16,658 [INFO] CodeEngine:287 - Generated code: C:\Users\lthst\Desktop\aquaponics\Automated-Aquaponics-System\sec_convey\sec_convey_cart\Core\Inc\main.h
2026-01-31 19:29:16,679 [INFO] CodeEngine:263 - oldGeneratedFile, C:\Users\lthst\Desktop\aquaponics\Automated-Aquaponics-System\sec_convey\sec_convey_cart\Core\Src\main.c_save
2026-01-31 19:29:16,871 [INFO] CodeEngine:287 - Generated code: C:\Users\lthst\Desktop\aquaponics\Automated-Aquaponics-System\sec_convey\sec_convey_cart\Core\Src\main.c
2026-01-31 19:29:17,385 [INFO] ProjectBuilder:3324 - Time for Copy HAL[1] : 276mS.
2026-01-31 19:29:17,401 [INFO] ProjectBuilder:4912 - Project Generator version: 4.6.0-B36
2026-01-31 19:29:17,575 [INFO] ConfigFileManager:1590 - The Die is : DIE421
2026-01-31 19:29:18,828 [INFO] ProjectBuilder:5191 - Time for Generating toolchain IDE Files: 1427mS.
2026-01-31 19:29:18,830 [INFO] ProjectBuilder:3181 - Time for Copy CMSIS : 2mS.
2026-01-31 19:29:18,838 [INFO] ProjectBuilder:3181 - Time for Copy CMSIS : 0mS.
2026-01-31 19:32:53,391 [INFO] WebApp:194 - Connection lost
2026-01-31 19:32:53,572 [INFO] WebApp:191 - Connection restablished
2026-01-31 19:35:29,255 [INFO] WebApp:194 - Connection lost
2026-01-31 19:35:37,905 [ERROR] ConfigurationRetriever:142 - IOException on connection: sw-center.st.com
2026-01-31 19:35:37,907 [ERROR] ConfigurationRetriever:142 - IOException on connection: sw-center.st.com
2026-01-31 19:35:37,908 [ERROR] ConfigurationRetriever:142 - IOException on connection: sw-center.st.com
2026-01-31 19:35:38,193 [ERROR] ConfigurationRetriever:142 - IOException on connection: sw-center.st.com
2026-01-31 19:35:38,194 [ERROR] ConfigurationRetriever:142 - IOException on connection: sw-center.st.com
2026-01-31 19:35:38,195 [ERROR] ConfigurationRetriever:142 - IOException on connection: sw-center.st.com
2026-01-31 19:36:16,371 [ERROR] ConfigurationRetriever:142 - IOException on connection: sw-center.st.com
2026-01-31 19:36:16,372 [ERROR] ConfigurationRetriever:142 - IOException on connection: sw-center.st.com
2026-01-31 19:36:16,373 [ERROR] ConfigurationRetriever:142 - IOException on connection: sw-center.st.com
2026-01-31 19:36:16,487 [ERROR] ConfigurationRetriever:142 - IOException on connection: sw-center.st.com
2026-01-31 19:36:16,487 [ERROR] ConfigurationRetriever:142 - IOException on connection: sw-center.st.com
2026-01-31 19:36:16,488 [ERROR] ConfigurationRetriever:142 - IOException on connection: sw-center.st.com
2026-01-31 19:37:21,888 [ERROR] ConfigurationRetriever:142 - IOException on connection: sw-center.st.com
2026-01-31 19:37:21,888 [ERROR] ConfigurationRetriever:142 - IOException on connection: sw-center.st.com
2026-01-31 19:37:21,889 [ERROR] ConfigurationRetriever:142 - IOException on connection: sw-center.st.com
2026-01-31 19:37:22,003 [ERROR] ConfigurationRetriever:142 - IOException on connection: sw-center.st.com
2026-01-31 19:37:22,003 [ERROR] ConfigurationRetriever:142 - IOException on connection: sw-center.st.com
2026-01-31 19:37:22,003 [ERROR] ConfigurationRetriever:142 - IOException on connection: sw-center.st.com
2026-01-31 19:37:45,601 [INFO] WebApp:191 - Connection restablished
2026-01-31 19:38:30,420 [INFO] WebApp:194 - Connection lost
2026-01-31 19:38:30,631 [INFO] WebApp:191 - Connection restablished
2026-01-31 19:38:35,414 [INFO] WebApp:194 - Connection lost
2026-01-31 19:38:35,571 [INFO] WebApp:191 - Connection restablished
2026-01-31 19:48:56,430 [INFO] WebApp:194 - Connection lost
2026-01-31 19:48:56,804 [INFO] WebApp:191 - Connection restablished
2026-01-31 19:49:01,399 [INFO] WebApp:194 - Connection lost
2026-01-31 19:49:01,568 [INFO] WebApp:191 - Connection restablished
2026-01-31 20:17:23,907 [INFO] NvicIntPanel:101 - NVIC parent = com.st.microxplorer.plugins.ip.nvic.MultiNvicIntPanel[,0,0,486x265,layout=javax.swing.BoxLayout,alignmentX=0.0,alignmentY=0.0,border=,flags=9,maximumSize=,minimumSize=,preferredSize=]
2026-01-31 20:17:25,530 [INFO] NvicIntPanel:101 - NVIC parent = com.st.microxplorer.plugins.ip.nvic.MultiNvicIntPanel[,0,0,0x0,invalid,layout=javax.swing.BoxLayout,alignmentX=0.0,alignmentY=0.0,border=,flags=9,maximumSize=,minimumSize=,preferredSize=]
2026-01-31 20:17:50,700 [INFO] UtilMem:75 - End SaveConfig() Used Memory: 963987200 Bytes (1073741824)
2026-01-31 20:17:53,128 [INFO] UtilMem:75 - End SaveConfig() Used Memory: 888217112 Bytes (1073741824)
2026-01-31 20:17:53,386 [INFO] BlockDiagram:2775 - set Specific Code input for plugin: TIM1_8
2026-01-31 20:17:53,386 [INFO] BlockDiagram:2775 - set Specific Code input for plugin: TIM1_8
2026-01-31 20:17:53,386 [INFO] BlockDiagram:2775 - set Specific Code input for plugin: SYS
2026-01-31 20:17:53,386 [INFO] BlockDiagram:2775 - set Specific Code input for plugin: RCC
2026-01-31 20:17:53,386 [INFO] BlockDiagram:2775 - set Specific Code input for plugin: NVIC
2026-01-31 20:17:53,386 [INFO] BlockDiagram:2775 - set Specific Code input for plugin: GPIO
2026-01-31 20:17:53,387 [INFO] CodeGenerator:882 - code generatio: config db path: C:\ST\STM32CubeIDE_1.18.0\STM32CubeIDE\plugins\com.st.stm32cube.common.mx_6.14.0.202502271554\\db\
2026-01-31 20:17:53,453 [INFO] CodeEngine:263 - oldGeneratedFile, C:\Users\lthst\Desktop\aquaponics\Automated-Aquaponics-System\sec_convey\sec_convey_cart\MXTmpFiles\license.tmp_save
2026-01-31 20:17:53,689 [INFO] CodeEngine:287 - Generated code: C:\Users\lthst\Desktop\aquaponics\Automated-Aquaponics-System\sec_convey\sec_convey_cart\MXTmpFiles\license.tmp
2026-01-31 20:17:53,720 [INFO] CodeEngine:263 - oldGeneratedFile, C:\Users\lthst\Desktop\aquaponics\Automated-Aquaponics-System\sec_convey\sec_convey_cart\MXTmpFiles\gpio.tmp_save
2026-01-31 20:17:53,883 [INFO] CodeEngine:287 - Generated code: C:\Users\lthst\Desktop\aquaponics\Automated-Aquaponics-System\sec_convey\sec_convey_cart\MXTmpFiles\gpio.tmp
2026-01-31 20:17:54,040 [INFO] CodeEngine:263 - oldGeneratedFile, C:\Users\lthst\Desktop\aquaponics\Automated-Aquaponics-System\sec_convey\sec_convey_cart\Core\Src\stm32f4xx_it.c_save
2026-01-31 20:17:54,295 [INFO] CodeEngine:287 - Generated code: C:\Users\lthst\Desktop\aquaponics\Automated-Aquaponics-System\sec_convey\sec_convey_cart\Core\Src\stm32f4xx_it.c
2026-01-31 20:17:54,301 [INFO] CodeEngine:263 - oldGeneratedFile, C:\Users\lthst\Desktop\aquaponics\Automated-Aquaponics-System\sec_convey\sec_convey_cart\Core\Inc\stm32f4xx_it.h_save
2026-01-31 20:17:54,428 [INFO] CodeEngine:287 - Generated code: C:\Users\lthst\Desktop\aquaponics\Automated-Aquaponics-System\sec_convey\sec_convey_cart\Core\Inc\stm32f4xx_it.h
2026-01-31 20:17:54,475 [INFO] CodeEngine:263 - oldGeneratedFile, C:\Users\lthst\Desktop\aquaponics\Automated-Aquaponics-System\sec_convey\sec_convey_cart\Core\Src\stm32f4xx_hal_msp.c_save
2026-01-31 20:17:54,744 [INFO] CodeEngine:287 - Generated code: C:\Users\lthst\Desktop\aquaponics\Automated-Aquaponics-System\sec_convey\sec_convey_cart\Core\Src\stm32f4xx_hal_msp.c
2026-01-31 20:17:54,756 [INFO] CodeEngine:263 - oldGeneratedFile, C:\Users\lthst\Desktop\aquaponics\Automated-Aquaponics-System\sec_convey\sec_convey_cart\MXTmpFiles\system.tmp_save
2026-01-31 20:17:54,942 [INFO] CodeEngine:287 - Generated code: C:\Users\lthst\Desktop\aquaponics\Automated-Aquaponics-System\sec_convey\sec_convey_cart\MXTmpFiles\system.tmp
2026-01-31 20:17:55,014 [INFO] CodeEngine:319 - oldGeneratedFile, C:\Users\lthst\Desktop\aquaponics\Automated-Aquaponics-System\sec_convey\sec_convey_cart\Core\Inc\stm32f4xx_hal_conf.h_save
2026-01-31 20:17:55,440 [INFO] CodeEngine:343 - Generated code: C:\Users\lthst\Desktop\aquaponics\Automated-Aquaponics-System\sec_convey\sec_convey_cart\Core\Inc\stm32f4xx_hal_conf.h
2026-01-31 20:17:55,547 [WARN] IPConfigManager:3174 - Warning: the RefConfig PLL2P_FOR_MCO is not available in your config.xml file
2026-01-31 20:17:55,556 [WARN] IPConfigManager:3747 - IP not found : TIM
2026-01-31 20:17:55,560 [WARN] CodeGenerator:4198 - IP not found : null
2026-01-31 20:17:55,635 [INFO] CodeEngine:263 - oldGeneratedFile, C:\Users\lthst\Desktop\aquaponics\Automated-Aquaponics-System\sec_convey\sec_convey_cart\Core\Inc\main.h_save
2026-01-31 20:17:56,009 [INFO] CodeEngine:287 - Generated code: C:\Users\lthst\Desktop\aquaponics\Automated-Aquaponics-System\sec_convey\sec_convey_cart\Core\Inc\main.h
2026-01-31 20:17:56,090 [INFO] CodeEngine:263 - oldGeneratedFile, C:\Users\lthst\Desktop\aquaponics\Automated-Aquaponics-System\sec_convey\sec_convey_cart\Core\Src\main.c_save
2026-01-31 20:17:56,775 [INFO] CodeEngine:287 - Generated code: C:\Users\lthst\Desktop\aquaponics\Automated-Aquaponics-System\sec_convey\sec_convey_cart\Core\Src\main.c
2026-01-31 20:17:58,913 [INFO] ProjectBuilder:3324 - Time for Copy HAL[1] : 772mS.
2026-01-31 20:17:58,928 [INFO] ProjectBuilder:4912 - Project Generator version: 4.6.0-B36
2026-01-31 20:17:59,249 [INFO] ConfigFileManager:1590 - The Die is : DIE421
2026-01-31 20:18:02,527 [INFO] ProjectBuilder:5191 - Time for Generating toolchain IDE Files: 3598mS.
2026-01-31 20:18:02,530 [INFO] ProjectBuilder:3181 - Time for Copy CMSIS : 2mS.
2026-01-31 20:18:02,538 [INFO] ProjectBuilder:3181 - Time for Copy CMSIS : 0mS.
2026-01-31 20:19:55,917 [INFO] WebApp:194 - Connection lost
2026-01-31 20:19:56,134 [INFO] WebApp:191 - Connection restablished
2026-01-31 20:50:17,904 [INFO] WebApp:194 - Connection lost
2026-01-31 20:50:18,083 [INFO] WebApp:191 - Connection restablished
2026-01-31 21:10:17,223 [INFO] NvicIntPanel:101 - NVIC parent = com.st.microxplorer.plugins.ip.nvic.MultiNvicIntPanel[,0,0,0x0,invalid,layout=javax.swing.BoxLayout,alignmentX=0.0,alignmentY=0.0,border=,flags=9,maximumSize=,minimumSize=,preferredSize=]
2026-01-31 21:10:22,415 [INFO] NvicIntPanel:101 - NVIC parent = com.st.microxplorer.plugins.ip.nvic.MultiNvicIntPanel[,0,0,0x0,invalid,layout=javax.swing.BoxLayout,alignmentX=0.0,alignmentY=0.0,border=,flags=9,maximumSize=,minimumSize=,preferredSize=]
2026-01-31 21:10:25,498 [INFO] UtilMem:75 - End SaveConfig() Used Memory: 864440064 Bytes (1073741824)
2026-01-31 21:10:28,114 [INFO] UtilMem:75 - End SaveConfig() Used Memory: 724956688 Bytes (1073741824)
2026-01-31 21:10:30,517 [INFO] BlockDiagram:2775 - set Specific Code input for plugin: TIM1_8
2026-01-31 21:10:30,518 [INFO] BlockDiagram:2775 - set Specific Code input for plugin: TIM1_8
2026-01-31 21:10:30,518 [INFO] BlockDiagram:2775 - set Specific Code input for plugin: SYS
2026-01-31 21:10:30,518 [INFO] BlockDiagram:2775 - set Specific Code input for plugin: RCC
2026-01-31 21:10:30,518 [INFO] BlockDiagram:2775 - set Specific Code input for plugin: NVIC
2026-01-31 21:10:30,518 [INFO] BlockDiagram:2775 - set Specific Code input for plugin: GPIO
2026-01-31 21:10:30,521 [INFO] CodeGenerator:882 - code generatio: config db path: C:\ST\STM32CubeIDE_1.18.0\STM32CubeIDE\plugins\com.st.stm32cube.common.mx_6.14.0.202502271554\\db\
2026-01-31 21:10:30,936 [INFO] CodeEngine:263 - oldGeneratedFile, C:\Users\lthst\Desktop\aquaponics\Automated-Aquaponics-System\sec_convey\sec_convey_cart\MXTmpFiles\license.tmp_save
2026-01-31 21:10:32,973 [INFO] CodeEngine:287 - Generated code: C:\Users\lthst\Desktop\aquaponics\Automated-Aquaponics-System\sec_convey\sec_convey_cart\MXTmpFiles\license.tmp
2026-01-31 21:10:33,191 [INFO] CodeEngine:263 - oldGeneratedFile, C:\Users\lthst\Desktop\aquaponics\Automated-Aquaponics-System\sec_convey\sec_convey_cart\MXTmpFiles\gpio.tmp_save
2026-01-31 21:10:34,025 [INFO] CodeEngine:287 - Generated code: C:\Users\lthst\Desktop\aquaponics\Automated-Aquaponics-System\sec_convey\sec_convey_cart\MXTmpFiles\gpio.tmp
2026-01-31 21:10:35,178 [INFO] CodeEngine:263 - oldGeneratedFile, C:\Users\lthst\Desktop\aquaponics\Automated-Aquaponics-System\sec_convey\sec_convey_cart\Core\Src\stm32f4xx_it.c_save
2026-01-31 21:10:37,497 [INFO] CodeEngine:287 - Generated code: C:\Users\lthst\Desktop\aquaponics\Automated-Aquaponics-System\sec_convey\sec_convey_cart\Core\Src\stm32f4xx_it.c
2026-01-31 21:10:37,548 [INFO] CodeEngine:263 - oldGeneratedFile, C:\Users\lthst\Desktop\aquaponics\Automated-Aquaponics-System\sec_convey\sec_convey_cart\Core\Inc\stm32f4xx_it.h_save
2026-01-31 21:10:38,044 [INFO] CodeEngine:287 - Generated code: C:\Users\lthst\Desktop\aquaponics\Automated-Aquaponics-System\sec_convey\sec_convey_cart\Core\Inc\stm32f4xx_it.h
2026-01-31 21:10:38,227 [INFO] CodeEngine:263 - oldGeneratedFile, C:\Users\lthst\Desktop\aquaponics\Automated-Aquaponics-System\sec_convey\sec_convey_cart\Core\Src\stm32f4xx_hal_msp.c_save
2026-01-31 21:10:38,894 [INFO] CodeEngine:287 - Generated code: C:\Users\lthst\Desktop\aquaponics\Automated-Aquaponics-System\sec_convey\sec_convey_cart\Core\Src\stm32f4xx_hal_msp.c
2026-01-31 21:10:38,906 [INFO] CodeEngine:263 - oldGeneratedFile, C:\Users\lthst\Desktop\aquaponics\Automated-Aquaponics-System\sec_convey\sec_convey_cart\MXTmpFiles\system.tmp_save
2026-01-31 21:10:39,202 [INFO] CodeEngine:287 - Generated code: C:\Users\lthst\Desktop\aquaponics\Automated-Aquaponics-System\sec_convey\sec_convey_cart\MXTmpFiles\system.tmp
2026-01-31 21:10:39,378 [INFO] CodeEngine:319 - oldGeneratedFile, C:\Users\lthst\Desktop\aquaponics\Automated-Aquaponics-System\sec_convey\sec_convey_cart\Core\Inc\stm32f4xx_hal_conf.h_save
2026-01-31 21:10:40,528 [INFO] CodeEngine:343 - Generated code: C:\Users\lthst\Desktop\aquaponics\Automated-Aquaponics-System\sec_convey\sec_convey_cart\Core\Inc\stm32f4xx_hal_conf.h
2026-01-31 21:10:40,812 [WARN] IPConfigManager:3174 - Warning: the RefConfig PLL2P_FOR_MCO is not available in your config.xml file
2026-01-31 21:10:40,835 [WARN] IPConfigManager:3747 - IP not found : TIM
2026-01-31 21:10:40,842 [WARN] CodeGenerator:4198 - IP not found : null
2026-01-31 21:10:40,964 [INFO] CodeEngine:263 - oldGeneratedFile, C:\Users\lthst\Desktop\aquaponics\Automated-Aquaponics-System\sec_convey\sec_convey_cart\Core\Inc\main.h_save
2026-01-31 21:10:41,565 [INFO] CodeEngine:287 - Generated code: C:\Users\lthst\Desktop\aquaponics\Automated-Aquaponics-System\sec_convey\sec_convey_cart\Core\Inc\main.h
2026-01-31 21:10:41,648 [INFO] CodeEngine:263 - oldGeneratedFile, C:\Users\lthst\Desktop\aquaponics\Automated-Aquaponics-System\sec_convey\sec_convey_cart\Core\Src\main.c_save
2026-01-31 21:10:42,280 [INFO] CodeEngine:287 - Generated code: C:\Users\lthst\Desktop\aquaponics\Automated-Aquaponics-System\sec_convey\sec_convey_cart\Core\Src\main.c
2026-01-31 21:10:43,928 [INFO] ProjectBuilder:3324 - Time for Copy HAL[1] : 768mS.
2026-01-31 21:10:43,950 [INFO] ProjectBuilder:4912 - Project Generator version: 4.6.0-B36
2026-01-31 21:10:44,322 [INFO] ConfigFileManager:1590 - The Die is : DIE421
2026-01-31 21:10:49,512 [INFO] ProjectBuilder:5191 - Time for Generating toolchain IDE Files: 5563mS.
2026-01-31 21:10:49,525 [INFO] ProjectBuilder:3181 - Time for Copy CMSIS : 7mS.
2026-01-31 21:10:49,559 [INFO] ProjectBuilder:3181 - Time for Copy CMSIS : 1mS.
2026-01-31 21:16:46,924 [INFO] WebApp:194 - Connection lost
2026-01-31 21:16:47,126 [INFO] WebApp:191 - Connection restablished
2026-01-31 21:16:52,404 [INFO] WebApp:194 - Connection lost
2026-01-31 21:16:52,596 [INFO] WebApp:191 - Connection restablished
2026-01-31 21:21:26,431 [INFO] WebApp:194 - Connection lost
2026-01-31 21:21:26,625 [INFO] WebApp:191 - Connection restablished
2026-01-31 21:21:31,418 [INFO] WebApp:194 - Connection lost
2026-01-31 21:21:31,587 [INFO] WebApp:191 - Connection restablished
2026-01-31 21:29:28,200 [INFO] WebApp:194 - Connection lost
2026-01-31 21:32:21,506 [ERROR] ConfigurationRetriever:142 - IOException on connection: sw-center.st.com
2026-01-31 21:32:21,507 [ERROR] ConfigurationRetriever:142 - IOException on connection: sw-center.st.com
2026-01-31 21:32:21,508 [ERROR] ConfigurationRetriever:142 - IOException on connection: sw-center.st.com
2026-01-31 21:32:21,633 [ERROR] ConfigurationRetriever:142 - IOException on connection: sw-center.st.com
2026-01-31 21:32:21,634 [ERROR] ConfigurationRetriever:142 - IOException on connection: sw-center.st.com
2026-01-31 21:32:21,634 [ERROR] ConfigurationRetriever:142 - IOException on connection: sw-center.st.com
2026-01-31 21:33:54,721 [INFO] WebApp:191 - Connection restablished
2026-01-31 21:35:25,398 [INFO] WebApp:194 - Connection lost
2026-01-31 21:35:25,596 [INFO] WebApp:191 - Connection restablished
2026-01-31 21:44:00,823 [INFO] Gpio:277 - dependency for GPIO [SYS, TIM3, TIM5]
2026-01-31 21:44:10,327 [INFO] UtilMem:75 - End SaveConfig() Used Memory: 738216704 Bytes (1073741824)
2026-01-31 21:44:11,528 [INFO] UtilMem:75 - End SaveConfig() Used Memory: 843074304 Bytes (1073741824)
2026-01-31 21:44:12,290 [INFO] BlockDiagram:2775 - set Specific Code input for plugin: TIM1_8
2026-01-31 21:44:12,291 [INFO] BlockDiagram:2775 - set Specific Code input for plugin: TIM1_8
2026-01-31 21:44:12,292 [INFO] BlockDiagram:2775 - set Specific Code input for plugin: SYS
2026-01-31 21:44:12,292 [INFO] BlockDiagram:2775 - set Specific Code input for plugin: RCC
2026-01-31 21:44:12,293 [INFO] BlockDiagram:2775 - set Specific Code input for plugin: NVIC
2026-01-31 21:44:12,294 [INFO] BlockDiagram:2775 - set Specific Code input for plugin: GPIO
2026-01-31 21:44:12,297 [INFO] CodeGenerator:882 - code generatio: config db path: C:\ST\STM32CubeIDE_1.18.0\STM32CubeIDE\plugins\com.st.stm32cube.common.mx_6.14.0.202502271554\\db\
2026-01-31 21:44:12,588 [INFO] CodeEngine:263 - oldGeneratedFile, C:\Users\lthst\Desktop\aquaponics\Automated-Aquaponics-System\sec_convey\sec_convey_cart\MXTmpFiles\license.tmp_save
2026-01-31 21:44:13,447 [INFO] CodeEngine:287 - Generated code: C:\Users\lthst\Desktop\aquaponics\Automated-Aquaponics-System\sec_convey\sec_convey_cart\MXTmpFiles\license.tmp
2026-01-31 21:44:13,546 [INFO] CodeEngine:263 - oldGeneratedFile, C:\Users\lthst\Desktop\aquaponics\Automated-Aquaponics-System\sec_convey\sec_convey_cart\MXTmpFiles\gpio.tmp_save
2026-01-31 21:44:14,242 [INFO] CodeEngine:287 - Generated code: C:\Users\lthst\Desktop\aquaponics\Automated-Aquaponics-System\sec_convey\sec_convey_cart\MXTmpFiles\gpio.tmp
2026-01-31 21:44:14,833 [INFO] CodeEngine:263 - oldGeneratedFile, C:\Users\lthst\Desktop\aquaponics\Automated-Aquaponics-System\sec_convey\sec_convey_cart\Core\Src\stm32f4xx_it.c_save
2026-01-31 21:44:15,704 [INFO] CodeEngine:287 - Generated code: C:\Users\lthst\Desktop\aquaponics\Automated-Aquaponics-System\sec_convey\sec_convey_cart\Core\Src\stm32f4xx_it.c
2026-01-31 21:44:15,764 [INFO] CodeEngine:263 - oldGeneratedFile, C:\Users\lthst\Desktop\aquaponics\Automated-Aquaponics-System\sec_convey\sec_convey_cart\Core\Inc\stm32f4xx_it.h_save
2026-01-31 21:44:16,188 [INFO] CodeEngine:287 - Generated code: C:\Users\lthst\Desktop\aquaponics\Automated-Aquaponics-System\sec_convey\sec_convey_cart\Core\Inc\stm32f4xx_it.h
2026-01-31 21:44:16,283 [INFO] CodeEngine:263 - oldGeneratedFile, C:\Users\lthst\Desktop\aquaponics\Automated-Aquaponics-System\sec_convey\sec_convey_cart\Core\Src\stm32f4xx_hal_msp.c_save
2026-01-31 21:44:16,710 [INFO] CodeEngine:287 - Generated code: C:\Users\lthst\Desktop\aquaponics\Automated-Aquaponics-System\sec_convey\sec_convey_cart\Core\Src\stm32f4xx_hal_msp.c
2026-01-31 21:44:16,725 [INFO] CodeEngine:263 - oldGeneratedFile, C:\Users\lthst\Desktop\aquaponics\Automated-Aquaponics-System\sec_convey\sec_convey_cart\MXTmpFiles\system.tmp_save
2026-01-31 21:44:16,959 [INFO] CodeEngine:287 - Generated code: C:\Users\lthst\Desktop\aquaponics\Automated-Aquaponics-System\sec_convey\sec_convey_cart\MXTmpFiles\system.tmp
2026-01-31 21:44:17,068 [INFO] CodeEngine:319 - oldGeneratedFile, C:\Users\lthst\Desktop\aquaponics\Automated-Aquaponics-System\sec_convey\sec_convey_cart\Core\Inc\stm32f4xx_hal_conf.h_save
2026-01-31 21:44:17,517 [INFO] CodeEngine:343 - Generated code: C:\Users\lthst\Desktop\aquaponics\Automated-Aquaponics-System\sec_convey\sec_convey_cart\Core\Inc\stm32f4xx_hal_conf.h
2026-01-31 21:44:17,618 [WARN] IPConfigManager:3174 - Warning: the RefConfig PLL2P_FOR_MCO is not available in your config.xml file
2026-01-31 21:44:17,627 [WARN] IPConfigManager:3747 - IP not found : TIM
2026-01-31 21:44:17,630 [WARN] CodeGenerator:4198 - IP not found : null
2026-01-31 21:44:17,689 [INFO] CodeEngine:263 - oldGeneratedFile, C:\Users\lthst\Desktop\aquaponics\Automated-Aquaponics-System\sec_convey\sec_convey_cart\Core\Inc\main.h_save
2026-01-31 21:44:18,079 [INFO] CodeEngine:287 - Generated code: C:\Users\lthst\Desktop\aquaponics\Automated-Aquaponics-System\sec_convey\sec_convey_cart\Core\Inc\main.h
2026-01-31 21:44:18,142 [INFO] CodeEngine:263 - oldGeneratedFile, C:\Users\lthst\Desktop\aquaponics\Automated-Aquaponics-System\sec_convey\sec_convey_cart\Core\Src\main.c_save
2026-01-31 21:44:18,636 [INFO] CodeEngine:287 - Generated code: C:\Users\lthst\Desktop\aquaponics\Automated-Aquaponics-System\sec_convey\sec_convey_cart\Core\Src\main.c
2026-01-31 21:44:19,875 [INFO] ProjectBuilder:3324 - Time for Copy HAL[1] : 544mS.
2026-01-31 21:44:19,887 [INFO] ProjectBuilder:4912 - Project Generator version: 4.6.0-B36
2026-01-31 21:44:20,295 [INFO] ConfigFileManager:1590 - The Die is : DIE421
2026-01-31 21:44:23,348 [INFO] ProjectBuilder:5191 - Time for Generating toolchain IDE Files: 3460mS.
2026-01-31 21:44:23,350 [INFO] ProjectBuilder:3181 - Time for Copy CMSIS : 1mS.
2026-01-31 21:44:23,359 [INFO] ProjectBuilder:3181 - Time for Copy CMSIS : 1mS.
2026-01-31 21:45:50,395 [ERROR] LogOutputStream:75 - [STDERR_REDIRECT] 
