2026-03-02 17:37:36,293 [INFO] Activator:176 - 


2026-03-02 17:37:36,303 [INFO] Activator:177 - !SESSION log4j initialized
2026-03-02 17:37:48,518 [INFO] LogOutputStream:77 - [STDOUT_REDIRECT] 
2026-03-02 17:37:49,946 [ERROR] ConfigurationRetriever:142 - IOException on connection: sw-center.st.com
2026-03-02 17:37:49,948 [ERROR] ConfigurationRetriever:142 - IOException on connection: sw-center.st.com
2026-03-02 17:37:49,949 [ERROR] ConfigurationRetriever:142 - IOException on connection: sw-center.st.com
2026-03-02 17:37:49,972 [ERROR] ConfigurationRetriever:142 - IOException on connection: sw-center.st.com
2026-03-02 17:37:49,974 [ERROR] ConfigurationRetriever:142 - IOException on connection: sw-center.st.com
2026-03-02 17:37:49,976 [ERROR] ConfigurationRetriever:142 - IOException on connection: sw-center.st.com
2026-03-02 17:37:56,146 [INFO] ApplicationProperties:184 - Using Application install path: C:\ST\STM32CubeIDE_1.18.0\STM32CubeIDE\plugins\com.st.stm32cube.common.mx_6.14.0.202502271554
2026-03-02 17:37:56,169 [INFO] DbMcusXml:78 - Set database path to: C:\ST\STM32CubeIDE_1.18.0\STM32CubeIDE\plugins\com.st.stm32cube.common.mx_6.14.0.202502271554\\db\/mcu/
2026-03-02 17:37:56,169 [INFO] ApiDb:274 - Set plugin database path to: C:\ST\STM32CubeIDE_1.18.0\STM32CubeIDE\plugins\com.st.stm32cube.common.mx_6.14.0.202502271554\\db\/plugins/boardmanager/
2026-03-02 17:37:56,169 [WARN] ApiDb:259 - Overriding images path with different value:  => C:\ST\STM32CubeIDE_1.18.0\STM32CubeIDE\plugins\com.st.stm32cube.common.mx_6.14.0.202502271554\\db\/plugins/mcufinder/images/
2026-03-02 17:37:56,179 [INFO] ApiDb:250 - Set database path to: C:\Users\lthst\.stmcufinder\plugins\mcufinder//mcu/
2026-03-02 17:37:56,180 [INFO] DbMcusAds:125 - Set database path to: C:\Users\lthst\.stmcufinder\plugins\mcufinder//mcu/
2026-03-02 17:37:56,184 [INFO] CrossReferenceDbSqlite:203 - Set database path to: C:\Users\lthst\.stmcufinder\plugins\mcufinder//mcu/cs/
2026-03-02 17:37:56,352 [INFO] RulesReader:64 - Compatibility file has been processed (301 Rules)
2026-03-02 17:37:56,509 [INFO] DbMcusXml:78 - Set database path to: C:\ST\STM32CubeIDE_1.18.0\STM32CubeIDE\plugins\com.st.stm32cube.common.mx_6.14.0.202502271554\\db\/mcu/
2026-03-02 17:37:56,509 [INFO] ApiDb:274 - Set plugin database path to: C:\ST\STM32CubeIDE_1.18.0\STM32CubeIDE\plugins\com.st.stm32cube.common.mx_6.14.0.202502271554\\db\/plugins/boardmanager/
2026-03-02 17:37:56,509 [INFO] ApiDb:261 - Set plugin images path to: C:\ST\STM32CubeIDE_1.18.0\STM32CubeIDE\plugins\com.st.stm32cube.common.mx_6.14.0.202502271554\\db\/plugins/mcufinder/images/
2026-03-02 17:37:56,510 [WARN] DbFile:41 - Overriding database path with different value: C:\Users\lthst\.stmcufinder\plugins\mcufinder/ => C:\Users\lthst\.stmcufinder\plugins\mcufinder
2026-03-02 17:37:56,510 [INFO] ApiDb:250 - Set database path to: C:\Users\lthst\.stmcufinder\plugins\mcufinder//mcu/
2026-03-02 17:37:56,510 [WARN] DbFile:41 - Overriding database path with different value: C:\Users\lthst\.stmcufinder\plugins\mcufinder/ => C:\Users\lthst\.stmcufinder\plugins\mcufinder
2026-03-02 17:37:56,510 [INFO] DbMcusAds:125 - Set database path to: C:\Users\lthst\.stmcufinder\plugins\mcufinder//mcu/
2026-03-02 17:37:56,510 [WARN] DbFile:41 - Overriding database path with different value: C:\Users\lthst\.stmcufinder\plugins\mcufinder/ => C:\Users\lthst\.stmcufinder\plugins\mcufinder
2026-03-02 17:37:56,510 [WARN] DbFile:41 - Overriding database path with different value: C:\Users\lthst\.stmcufinder\plugins\mcufinder/ => C:\Users\lthst\.stmcufinder\plugins\mcufinder
2026-03-02 17:37:56,511 [INFO] CrossReferenceDbSqlite:203 - Set database path to: C:\Users\lthst\.stmcufinder\plugins\mcufinder//mcu/cs/
2026-03-02 17:37:56,652 [INFO] MainPanel:272 - HeapMemory: 268435456
2026-03-02 17:37:56,864 [INFO] DbMcusXml:78 - Set database path to: C:\ST\STM32CubeIDE_1.18.0\STM32CubeIDE\plugins\com.st.stm32cube.common.mx_6.14.0.202502271554\\db\/mcu/
2026-03-02 17:37:56,864 [INFO] ApiDb:274 - Set plugin database path to: C:\ST\STM32CubeIDE_1.18.0\STM32CubeIDE\plugins\com.st.stm32cube.common.mx_6.14.0.202502271554\\db\/plugins/boardmanager/
2026-03-02 17:37:56,864 [INFO] ApiDb:261 - Set plugin images path to: C:\ST\STM32CubeIDE_1.18.0\STM32CubeIDE\plugins\com.st.stm32cube.common.mx_6.14.0.202502271554\\db\/plugins/mcufinder/images/
2026-03-02 17:37:56,865 [WARN] DbFile:41 - Overriding database path with different value: C:\Users\lthst\.stmcufinder\plugins\mcufinder/ => C:\Users\lthst\.stmcufinder\plugins\mcufinder
2026-03-02 17:37:56,865 [INFO] ApiDb:250 - Set database path to: C:\Users\lthst\.stmcufinder\plugins\mcufinder//mcu/
2026-03-02 17:37:56,865 [WARN] DbFile:41 - Overriding database path with different value: C:\Users\lthst\.stmcufinder\plugins\mcufinder/ => C:\Users\lthst\.stmcufinder\plugins\mcufinder
2026-03-02 17:37:56,865 [INFO] DbMcusAds:125 - Set database path to: C:\Users\lthst\.stmcufinder\plugins\mcufinder//mcu/
2026-03-02 17:37:56,865 [WARN] DbFile:41 - Overriding database path with different value: C:\Users\lthst\.stmcufinder\plugins\mcufinder/ => C:\Users\lthst\.stmcufinder\plugins\mcufinder
2026-03-02 17:37:56,865 [WARN] DbFile:41 - Overriding database path with different value: C:\Users\lthst\.stmcufinder\plugins\mcufinder/ => C:\Users\lthst\.stmcufinder\plugins\mcufinder
2026-03-02 17:37:56,865 [INFO] CrossReferenceDbSqlite:203 - Set database path to: C:\Users\lthst\.stmcufinder\plugins\mcufinder//mcu/cs/
2026-03-02 17:37:56,898 [INFO] ApplicationProperties:184 - Using Application install path: C:\ST\STM32CubeIDE_1.18.0\STM32CubeIDE\plugins\com.st.stm32cube.common.mx_6.14.0.202502271554
2026-03-02 17:37:56,900 [INFO] PluginManage:196 - Search for loadable plugins [exclusion list=, ]
2026-03-02 17:37:56,902 [INFO] PluginManage:310 - Check plugin analytics
2026-03-02 17:37:57,231 [INFO] AnalyticsPlugin:253 - Accepted Software Licenses: 
2026-03-02 17:37:57,232 [INFO] AnalyticsPlugin:255 - Accepted CMSIS Pack Licenses: 
2026-03-02 17:37:57,232 [INFO] AnalyticsPlugin:257 - Accepted Firmware Licenses: FW.F4.1.28.0
2026-03-02 17:37:57,234 [ERROR] ConfigurationRetriever:142 - IOException on connection: sw-center.st.com
2026-03-02 17:37:57,236 [ERROR] ConfigurationRetriever:142 - IOException on connection: sw-center.st.com
2026-03-02 17:37:57,236 [INFO] PluginManage:359 - Loaded plugin analytics (category:tool,tabindex:-1)
2026-03-02 17:37:57,236 [INFO] PluginManage:310 - Check plugin cadmodel
2026-03-02 17:37:57,236 [ERROR] ConfigurationRetriever:142 - IOException on connection: sw-center.st.com
2026-03-02 17:37:57,262 [INFO] CADModel:105 - Init CAD model plugin
2026-03-02 17:37:57,262 [INFO] PluginManage:359 - Loaded plugin cadmodel (category:power,tabindex:5)
2026-03-02 17:37:57,262 [INFO] PluginManage:310 - Check plugin clock
2026-03-02 17:37:57,300 [INFO] PluginManage:359 - Loaded plugin clock (category:base,tabindex:2)
2026-03-02 17:37:57,301 [INFO] PluginManage:310 - Check plugin ddr
2026-03-02 17:37:57,306 [INFO] PluginManage:359 - Loaded plugin ddr (category:tool,tabindex:6)
2026-03-02 17:37:57,307 [INFO] PluginManage:310 - Check plugin filemanager
2026-03-02 17:37:57,581 [INFO] PluginManage:359 - Loaded plugin filemanager (category:base,tabindex:10)
2026-03-02 17:37:57,582 [INFO] PluginManage:310 - Check plugin ipmanager
2026-03-02 17:37:57,594 [INFO] PluginManage:359 - Loaded plugin ipmanager (category:base,tabindex:5)
2026-03-02 17:37:57,594 [INFO] PluginManage:310 - Check plugin lpbam
2026-03-02 17:37:57,644 [INFO] PluginManage:359 - Loaded plugin lpbam (category:base,tabindex:0)
2026-03-02 17:37:57,645 [INFO] PluginManage:310 - Check plugin memorymap
2026-03-02 17:37:57,681 [INFO] PluginManage:359 - Loaded plugin memorymap (category:base,tabindex:4)
2026-03-02 17:37:57,681 [INFO] PluginManage:310 - Check plugin pinoutandconfiguration
2026-03-02 17:37:57,721 [INFO] PluginManage:359 - Loaded plugin pinoutandconfiguration (category:base,tabindex:1)
2026-03-02 17:37:57,722 [INFO] PluginManage:310 - Check plugin pinoutconfig
2026-03-02 17:37:57,886 [WARN] SupportedApi:132 - Cannot load RTOS API schema: s4s-elt-must-match.1: The content of 'definitions' must match (annotation?, (simpleType | complexType)?, (unique | key | keyref)*)). A problem was found starting at: attribute.
2026-03-02 17:37:58,107 [INFO] PluginManage:359 - Loaded plugin pinoutconfig (category:base,tabindex:0)
2026-03-02 17:37:58,107 [INFO] PluginManage:310 - Check plugin power
2026-03-02 17:37:58,134 [INFO] PluginManage:359 - Loaded plugin power (category:power,tabindex:4)
2026-03-02 17:37:58,134 [INFO] PluginManage:310 - Check plugin projectmanager
2026-03-02 17:37:58,160 [INFO] PluginManage:359 - Loaded plugin projectmanager (category:projectmanager,tabindex:4)
2026-03-02 17:37:58,160 [INFO] PluginManage:310 - Check plugin rif
2026-03-02 17:37:58,184 [INFO] PluginManage:359 - Loaded plugin rif (category:base,tabindex:3)
2026-03-02 17:37:58,184 [INFO] PluginManage:310 - Check plugin thirdparty
2026-03-02 17:37:58,593 [INFO] PluginManage:359 - Loaded plugin thirdparty (category:base,tabindex:-1)
2026-03-02 17:37:58,593 [WARN] IntegrityCheckThread:84 - waiting for thirdparty lock release [integrity check]
2026-03-02 17:37:58,593 [INFO] PluginManage:310 - Check plugin tools
2026-03-02 17:37:58,593 [INFO] IntegrityCheckThread:86 - entering critical section [integrity check]
2026-03-02 17:37:58,594 [INFO] ThirdPartyUpdaterWithRetryManager:70 - Updater plugin not ready yet. [1/15]
2026-03-02 17:37:58,665 [INFO] PluginManage:359 - Loaded plugin tools (category:base,tabindex:7)
2026-03-02 17:37:58,665 [INFO] PluginManage:310 - Check plugin tutovideos
2026-03-02 17:37:59,009 [INFO] PluginManage:359 - Loaded plugin tutovideos (category:base,tabindex:-1)
2026-03-02 17:37:59,009 [INFO] PluginManage:310 - Check plugin updater
2026-03-02 17:37:59,038 [INFO] PluginManage:359 - Loaded plugin updater (category:base,tabindex:12)
2026-03-02 17:37:59,038 [INFO] PluginManage:310 - Check plugin userauth
2026-03-02 17:37:59,045 [INFO] UserAuth:118 - Init User Auth plugin
2026-03-02 17:37:59,046 [INFO] PluginManage:359 - Loaded plugin userauth (category:base,tabindex:14)
2026-03-02 17:37:59,046 [INFO] PluginManage:283 - PluginManage : Loaded plugins [18]
2026-03-02 17:37:59,344 [INFO] PinOutPanel:1589 - setPackage(No Configuration,No Configuration)
2026-03-02 17:37:59,479 [INFO] CADModel:165 - CPN selected for project level
2026-03-02 17:37:59,479 [INFO] CADModel:114 - Register for checkConnection events
2026-03-02 17:37:59,519 [INFO] IPUIPlugin:80 - create IPUIPlugin
2026-03-02 17:37:59,519 [INFO] PluginManager:220 - loadIPPluginJar : add adc
2026-03-02 17:37:59,583 [INFO] IPUIPlugin:80 - create IPUIPlugin
2026-03-02 17:37:59,584 [INFO] PluginManager:220 - loadIPPluginJar : add aes
2026-03-02 17:37:59,670 [INFO] IPUIPlugin:80 - create IPUIPlugin
2026-03-02 17:37:59,670 [INFO] PluginManager:220 - loadIPPluginJar : add can
2026-03-02 17:37:59,742 [INFO] IPUIPlugin:80 - create IPUIPlugin
2026-03-02 17:37:59,743 [INFO] PluginManager:220 - loadIPPluginJar : add comp
2026-03-02 17:37:59,794 [INFO] IPUIPlugin:80 - create IPUIPlugin
2026-03-02 17:37:59,794 [INFO] PluginManager:220 - loadIPPluginJar : add cryp
2026-03-02 17:37:59,826 [INFO] IPUIPlugin:80 - create IPUIPlugin
2026-03-02 17:37:59,827 [INFO] PluginManager:220 - loadIPPluginJar : add ddr_ctrl_phy
2026-03-02 17:37:59,872 [INFO] IPUIPlugin:80 - create IPUIPlugin
2026-03-02 17:37:59,873 [INFO] PluginManager:220 - loadIPPluginJar : add dfsdm
2026-03-02 17:37:59,920 [INFO] IPUIPlugin:80 - create IPUIPlugin
2026-03-02 17:37:59,921 [INFO] PluginManager:220 - loadIPPluginJar : add dma
2026-03-02 17:37:59,995 [INFO] IPUIPlugin:80 - create IPUIPlugin
2026-03-02 17:37:59,996 [INFO] PluginManager:220 - loadIPPluginJar : add dma3
2026-03-02 17:38:00,156 [INFO] IPUIPlugin:80 - create IPUIPlugin
2026-03-02 17:38:00,158 [INFO] PluginManager:220 - loadIPPluginJar : add extmemmanager
2026-03-02 17:38:00,230 [INFO] IPUIPlugin:80 - create IPUIPlugin
2026-03-02 17:38:00,231 [INFO] PluginManager:220 - loadIPPluginJar : add fatfs
2026-03-02 17:38:00,386 [INFO] IPUIPlugin:80 - create IPUIPlugin
2026-03-02 17:38:00,386 [INFO] PluginManager:220 - loadIPPluginJar : add fmc
2026-03-02 17:38:00,407 [INFO] IPUIPlugin:80 - create IPUIPlugin
2026-03-02 17:38:00,408 [INFO] PluginManager:220 - loadIPPluginJar : add freertos
2026-03-02 17:38:00,476 [INFO] IPUIPlugin:80 - create IPUIPlugin
2026-03-02 17:38:00,476 [INFO] PluginManager:220 - loadIPPluginJar : add genericplugin
2026-03-02 17:38:00,831 [INFO] IPUIPlugin:80 - create IPUIPlugin
2026-03-02 17:38:00,832 [INFO] PluginManager:220 - loadIPPluginJar : add gfxmmu
2026-03-02 17:38:01,211 [INFO] IPUIPlugin:80 - create IPUIPlugin
2026-03-02 17:38:01,211 [INFO] PluginManager:220 - loadIPPluginJar : add gic
2026-03-02 17:38:01,231 [INFO] IPUIPlugin:80 - create IPUIPlugin
2026-03-02 17:38:01,232 [INFO] PluginManager:220 - loadIPPluginJar : add gpio
2026-03-02 17:38:01,444 [INFO] IPUIPlugin:80 - create IPUIPlugin
2026-03-02 17:38:01,445 [INFO] PluginManager:220 - loadIPPluginJar : add gtzc
2026-03-02 17:38:01,483 [INFO] IPUIPlugin:80 - create IPUIPlugin
2026-03-02 17:38:01,484 [INFO] PluginManager:220 - loadIPPluginJar : add hash
2026-03-02 17:38:01,595 [INFO] ThirdPartyUpdaterWithRetryManager:70 - Updater plugin not ready yet. [2/15]
2026-03-02 17:38:01,647 [INFO] IPUIPlugin:80 - create IPUIPlugin
2026-03-02 17:38:01,648 [INFO] PluginManager:220 - loadIPPluginJar : add i2c
2026-03-02 17:38:01,774 [INFO] IPUIPlugin:80 - create IPUIPlugin
2026-03-02 17:38:01,774 [INFO] PluginManager:220 - loadIPPluginJar : add i2s
2026-03-02 17:38:01,899 [INFO] IPUIPlugin:80 - create IPUIPlugin
2026-03-02 17:38:01,900 [INFO] PluginManager:220 - loadIPPluginJar : add i3c
2026-03-02 17:38:02,082 [INFO] IPUIPlugin:80 - create IPUIPlugin
2026-03-02 17:38:02,082 [INFO] PluginManager:220 - loadIPPluginJar : add ipddr
2026-03-02 17:38:02,253 [INFO] IPUIPlugin:80 - create IPUIPlugin
2026-03-02 17:38:02,253 [INFO] PluginManager:220 - loadIPPluginJar : add linkedlist
2026-03-02 17:38:02,291 [INFO] IPUIPlugin:80 - create IPUIPlugin
2026-03-02 17:38:02,291 [INFO] PluginManager:220 - loadIPPluginJar : add lorawan
2026-03-02 17:38:02,428 [INFO] IPUIPlugin:80 - create IPUIPlugin
2026-03-02 17:38:02,428 [INFO] PluginManager:220 - loadIPPluginJar : add ltdc
2026-03-02 17:38:02,449 [INFO] IPUIPlugin:80 - create IPUIPlugin
2026-03-02 17:38:02,450 [INFO] PluginManager:220 - loadIPPluginJar : add mdma
2026-03-02 17:38:02,469 [INFO] IPUIPlugin:80 - create IPUIPlugin
2026-03-02 17:38:02,469 [INFO] PluginManager:220 - loadIPPluginJar : add nvic
2026-03-02 17:38:02,512 [INFO] IPUIPlugin:80 - create IPUIPlugin
2026-03-02 17:38:02,512 [INFO] PluginManager:220 - loadIPPluginJar : add opamp
2026-03-02 17:38:02,648 [INFO] IPUIPlugin:80 - create IPUIPlugin
2026-03-02 17:38:02,649 [INFO] PluginManager:220 - loadIPPluginJar : add openamp
2026-03-02 17:38:02,715 [INFO] IPUIPlugin:80 - create IPUIPlugin
2026-03-02 17:38:02,715 [INFO] PluginManager:220 - loadIPPluginJar : add pdm2pcm
2026-03-02 17:38:02,731 [INFO] IPUIPlugin:80 - create IPUIPlugin
2026-03-02 17:38:02,733 [INFO] PluginManager:220 - loadIPPluginJar : add plateformsettings
2026-03-02 17:38:02,756 [INFO] IPUIPlugin:80 - create IPUIPlugin
2026-03-02 17:38:02,756 [INFO] PluginManager:220 - loadIPPluginJar : add quadspi
2026-03-02 17:38:02,823 [INFO] IPUIPlugin:80 - create IPUIPlugin
2026-03-02 17:38:02,824 [INFO] PluginManager:220 - loadIPPluginJar : add radio
2026-03-02 17:38:02,841 [INFO] IPUIPlugin:80 - create IPUIPlugin
2026-03-02 17:38:02,842 [INFO] PluginManager:220 - loadIPPluginJar : add resmgrutility
2026-03-02 17:38:02,894 [INFO] IPUIPlugin:80 - create IPUIPlugin
2026-03-02 17:38:02,894 [INFO] PluginManager:220 - loadIPPluginJar : add sai
2026-03-02 17:38:03,003 [INFO] IPUIPlugin:80 - create IPUIPlugin
2026-03-02 17:38:03,003 [INFO] PluginManager:220 - loadIPPluginJar : add spi
2026-03-02 17:38:03,177 [INFO] IPUIPlugin:80 - create IPUIPlugin
2026-03-02 17:38:03,178 [INFO] PluginManager:220 - loadIPPluginJar : add stm32_wpan
2026-03-02 17:38:03,223 [INFO] IPUIPlugin:80 - create IPUIPlugin
2026-03-02 17:38:03,223 [INFO] PluginManager:220 - loadIPPluginJar : add tim
2026-03-02 17:38:03,403 [INFO] IPUIPlugin:80 - create IPUIPlugin
2026-03-02 17:38:03,405 [INFO] PluginManager:220 - loadIPPluginJar : add touchsensing
2026-03-02 17:38:03,485 [INFO] IPUIPlugin:80 - create IPUIPlugin
2026-03-02 17:38:03,486 [INFO] PluginManager:220 - loadIPPluginJar : add tracer_emb
2026-03-02 17:38:03,521 [INFO] IPUIPlugin:80 - create IPUIPlugin
2026-03-02 17:38:03,521 [INFO] PluginManager:220 - loadIPPluginJar : add ts
2026-03-02 17:38:03,544 [INFO] IPUIPlugin:80 - create IPUIPlugin
2026-03-02 17:38:03,544 [INFO] PluginManager:220 - loadIPPluginJar : add tsc
2026-03-02 17:38:03,599 [INFO] IPUIPlugin:80 - create IPUIPlugin
2026-03-02 17:38:03,599 [INFO] PluginManager:220 - loadIPPluginJar : add ucpd
2026-03-02 17:38:03,659 [INFO] IPUIPlugin:80 - create IPUIPlugin
2026-03-02 17:38:03,661 [INFO] PluginManager:220 - loadIPPluginJar : add usart
2026-03-02 17:38:03,706 [INFO] IPUIPlugin:80 - create IPUIPlugin
2026-03-02 17:38:03,707 [INFO] PluginManager:220 - loadIPPluginJar : add usbx
2026-03-02 17:38:03,836 [FATAL] Updater:351 - Updater called before beeing initialized
2026-03-02 17:38:03,875 [INFO] RulesReader:64 - Compatibility file has been processed (301 Rules)
2026-03-02 17:38:03,885 [INFO] RulesReader:64 - Compatibility file has been processed (301 Rules)
2026-03-02 17:38:03,894 [INFO] CADModel:165 - CPN selected for project level
2026-03-02 17:38:03,894 [INFO] CADModel:114 - Register for checkConnection events
2026-03-02 17:38:03,896 [FATAL] Updater:351 - Updater called before beeing initialized
2026-03-02 17:38:03,896 [ERROR] CADModel:125 - Updater not yet initialized, retry later 
2026-03-02 17:38:04,026 [FATAL] Updater:351 - Updater called before beeing initialized
2026-03-02 17:38:04,028 [INFO] CADModel:165 - CPN selected for project level
2026-03-02 17:38:04,028 [INFO] CADModel:114 - Register for checkConnection events
2026-03-02 17:38:04,028 [FATAL] Updater:351 - Updater called before beeing initialized
2026-03-02 17:38:04,028 [ERROR] CADModel:125 - Updater not yet initialized, retry later 
2026-03-02 17:38:04,031 [FATAL] Updater:351 - Updater called before beeing initialized
2026-03-02 17:38:04,125 [FATAL] Updater:351 - Updater called before beeing initialized
2026-03-02 17:38:04,139 [INFO] DbMcusAds:53 - JSON generation date=Wed Feb 18 23:32:49 KST 2026 (1771425169665)
2026-03-02 17:38:04,139 [FATAL] Updater:351 - Updater called before beeing initialized
2026-03-02 17:38:04,190 [WARN] DetailPanel:346 - Failed to get advertising image, set to default
2026-03-02 17:38:04,572 [FATAL] Updater:351 - Updater called before beeing initialized
2026-03-02 17:38:04,574 [FATAL] Updater:351 - Updater called before beeing initialized
2026-03-02 17:38:04,574 [FATAL] Updater:351 - Updater called before beeing initialized
2026-03-02 17:38:04,574 [WARN] DetailPanel:346 - Failed to get advertising image, set to default
2026-03-02 17:38:04,575 [FATAL] Updater:351 - Updater called before beeing initialized
2026-03-02 17:38:04,597 [INFO] ThirdPartyUpdaterWithRetryManager:70 - Updater plugin not ready yet. [3/15]
2026-03-02 17:38:04,649 [ERROR] Updater:1198 - MainUpdater not yet initialized. External WinMGr cannot be set.
2026-03-02 17:38:04,663 [INFO] Updater:1134 - Updater Version found : 6.14.0
2026-03-02 17:38:04,690 [INFO] ApplicationProperties:184 - Using Application install path: C:\ST\STM32CubeIDE_1.18.0\STM32CubeIDE\plugins\com.st.stm32cube.common.mx_6.14.0.202502271554
2026-03-02 17:38:05,029 [INFO] MainUpdater:2872 - connection check result : 22
2026-03-02 17:38:05,030 [INFO] MainUpdater:289 - Updater Check For Update Now.
2026-03-02 17:38:05,030 [INFO] MicroXplorer:498 - Change Database Version : DB.6.0.140
2026-03-02 17:38:05,058 [INFO] McuFinderGlobals:63 - Set McuFinder mode to 2 (CubeIDE integrated)
2026-03-02 17:38:05,069 [INFO] UserAuth:486 - Internet connection configuration mode: 2
2026-03-02 17:38:05,079 [INFO] UserAuth:486 - Internet connection configuration mode: 2
2026-03-02 17:38:05,344 [INFO] CheckServerUpdateThread:120 - End of CheckServer Thread
2026-03-02 17:38:07,841 [WARN] PackLoader:240 - Cannot read IP mode file for STMicroelectronics.FP-SNS-MOTENVWB1.1.4.0
2026-03-02 17:38:07,860 [WARN] PackLoader:240 - Cannot read IP mode file for STMicroelectronics.FP-ATR-ASTRA1.2.0.2
2026-03-02 17:38:07,879 [WARN] PackLoader:240 - Cannot read IP mode file for STMicroelectronics.X-CUBE-SMBUS.2.1.0
2026-03-02 17:38:07,900 [WARN] PackLoader:240 - Cannot read IP mode file for STMicroelectronics.X-CUBE-WB05N.1.1.0
2026-03-02 17:38:07,916 [WARN] PackLoader:240 - Cannot read IP mode file for STMicroelectronics.X-CUBE-ST60.1.0.0
2026-03-02 17:38:07,970 [WARN] PackLoader:240 - Cannot read IP mode file for STMicroelectronics.X-CUBE-AZRTOS-F7.1.1.0
2026-03-02 17:38:07,991 [ERROR] Engine:466 - C:\Users\lthst\.stm32cubemx\thirdparties\pdsc\STMicroelectronics.FP-SNS-MOTENV1.5.1.0.pdsc: PDSC version is not supported
2026-03-02 17:38:08,033 [WARN] PackLoader:240 - Cannot read IP mode file for Infineon.AIROC-Wi-Fi-Bluetooth-STM32.1.7.0
2026-03-02 17:38:08,079 [WARN] PackLoader:240 - Cannot read IP mode file for STMicroelectronics.X-CUBE-AZRTOS-H7.3.4.0
2026-03-02 17:38:08,108 [WARN] PackLoader:240 - Cannot read IP mode file for STMicroelectronics.X-CUBE-DISPLAY.3.0.0
2026-03-02 17:38:08,134 [ERROR] Engine:466 - C:\Users\lthst\.stm32cubemx\thirdparties\pdsc\STMicroelectronics.FP-SNS-MOTENVWB1.1.5.0.pdsc: PDSC version is not supported
2026-03-02 17:38:08,155 [WARN] PackLoader:240 - Cannot read IP mode file for STMicroelectronics.X-CUBE-NFC10.1.0.0
2026-03-02 17:38:08,182 [WARN] PackLoader:240 - Cannot read IP mode file for STMicroelectronics.X-CUBE-BLEMGR.4.0.0
2026-03-02 17:38:08,202 [WARN] PackLoader:240 - Cannot read IP mode file for STMicroelectronics.X-CUBE-ST60.1.1.0
2026-03-02 17:38:08,225 [WARN] PackLoader:240 - Cannot read IP mode file for emotas.I-CUBE-CANOPEN.1.3.0
2026-03-02 17:38:08,246 [WARN] PackLoader:240 - Cannot read IP mode file for STMicroelectronics.X-CUBE-GNSS1.7.1.0
2026-03-02 17:38:08,271 [WARN] ConditionMgr:438 - getConditionDescription Invalid condition id : Cortex-A Device cause : null
2026-03-02 17:38:08,302 [WARN] ConditionMgr:1044 - genDependencies : Invalid condition id : Cortex-A Device cause : null
2026-03-02 17:38:08,302 [WARN] ConditionMgr:1044 - genDependencies : Invalid condition id : Cortex-A Device cause : null
2026-03-02 17:38:08,303 [WARN] ConditionMgr:1044 - genDependencies : Invalid condition id : Cortex-A Device cause : null
2026-03-02 17:38:08,324 [WARN] PackLoader:240 - Cannot read IP mode file for STMicroelectronics.X-CUBE-AI.10.0.0
2026-03-02 17:38:08,349 [ERROR] Engine:466 - C:\Users\lthst\.stm32cubemx\thirdparties\pdsc\STMicroelectronics.FP-SNS-STBOX1.2.1.0.pdsc: PDSC version is not supported
2026-03-02 17:38:08,368 [WARN] PackLoader:240 - Cannot read IP mode file for STMicroelectronics.FP-SNS-SMARTAG2.1.2.0
2026-03-02 17:38:08,393 [WARN] PackLoader:240 - Cannot read IP mode file for STMicroelectronics.FP-SNS-FLIGHT1.5.1.0
2026-03-02 17:38:08,479 [WARN] PackLoader:240 - Cannot read IP mode file for STMicroelectronics.X-CUBE-MEMS1.11.1.0
2026-03-02 17:38:08,737 [INFO] LogOutputStream:77 - [STDOUT_REDIRECT] 1 : Invalid condition id : UX_CORESTACK_Condition cause : null
2026-03-02 17:38:08,738 [INFO] LogOutputStream:77 - [STDOUT_REDIRECT] 1 : Invalid condition id : UX_CORESTACK_Condition cause : null
2026-03-02 17:38:08,739 [INFO] LogOutputStream:77 - [STDOUT_REDIRECT] 1 : Invalid condition id : UX_CORESTACK_Condition cause : null
2026-03-02 17:38:08,741 [INFO] LogOutputStream:77 - [STDOUT_REDIRECT] 1 : Invalid condition id : UX_CORESTACK_Condition cause : null
2026-03-02 17:38:08,742 [INFO] LogOutputStream:77 - [STDOUT_REDIRECT] 1 : Invalid condition id : UX_CORESTACK_Condition cause : null
2026-03-02 17:38:08,745 [WARN] PackLoader:240 - Cannot read IP mode file for STMicroelectronics.X-CUBE-AZRTOS-WL.2.0.0
2026-03-02 17:38:08,778 [WARN] PackLoader:240 - Cannot read IP mode file for STMicroelectronics.FP-SNS-MOTENV1.5.0.0
2026-03-02 17:38:08,830 [WARN] PackLoader:240 - Cannot read IP mode file for STMicroelectronics.X-CUBE-AZRTOS-H7RS.1.2.0
2026-03-02 17:38:08,867 [WARN] PackLoader:240 - Cannot read IP mode file for WES.I-CUBE-Cesium.1.3.0
2026-03-02 17:38:08,892 [WARN] PackLoader:240 - Cannot read IP mode file for STMicroelectronics.X-CUBE-BLE2.3.3.0
2026-03-02 17:38:08,986 [WARN] PackLoader:240 - Cannot read IP mode file for STMicroelectronics.X-CUBE-NFC9.1.0.0
2026-03-02 17:38:09,023 [WARN] PackLoader:240 - Cannot read IP mode file for STMicroelectronics.X-CUBE-BLE1.7.1.0
2026-03-02 17:38:09,051 [WARN] PackLoader:240 - Cannot read IP mode file for wolfSSL.I-CUBE-wolfMQTT.1.19.2
2026-03-02 17:38:09,080 [ERROR] Engine:466 - C:\Users\lthst\.stm32cubemx\thirdparties\pdsc\STMicroelectronics.X-CUBE-FREERTOS.1.4.0.pdsc: PDSC version is not supported
2026-03-02 17:38:09,111 [WARN] PackLoader:240 - Cannot read IP mode file for STMicroelectronics.X-CUBE-EEPRMA1.5.2.0
2026-03-02 17:38:09,136 [ERROR] Engine:466 - C:\Users\lthst\.stm32cubemx\thirdparties\pdsc\STMicroelectronics.X-CUBE-ST67W61.1.1.0.pdsc: PDSC version is not supported
2026-03-02 17:38:09,160 [WARN] PackLoader:240 - Cannot read IP mode file for STMicroelectronics.X-CUBE-AI.10.1.0
2026-03-02 17:38:09,286 [WARN] PackLoader:240 - Cannot read IP mode file for STMicroelectronics.X-CUBE-MEMS1.12.0.0
2026-03-02 17:38:09,618 [WARN] PackLoader:240 - Cannot read IP mode file for STMicroelectronics.X-CUBE-MEMS1.11.2.0
2026-03-02 17:38:09,865 [WARN] PackLoader:240 - Cannot read IP mode file for STMicroelectronics.X-CUBE-AZRTOS-G0.1.1.0
2026-03-02 17:38:09,906 [WARN] PackLoader:240 - Cannot read IP mode file for STMicroelectronics.X-CUBE-SAFEA1.1.2.2
2026-03-02 17:38:09,942 [WARN] PackLoader:240 - Cannot read IP mode file for STMicroelectronics.X-CUBE-NFC4.3.0.0
2026-03-02 17:38:09,987 [WARN] PackLoader:240 - Cannot read IP mode file for EmbeddedOffice.I-CUBE-FS-RTOS.1.0.1
2026-03-02 17:38:10,022 [WARN] PackLoader:240 - Cannot read IP mode file for STMicroelectronics.X-CUBE-WB05N.2.0.0
2026-03-02 17:38:10,049 [WARN] PackLoader:240 - Cannot read IP mode file for wolfSSL.I-CUBE-wolfTPM.3.8.0
2026-03-02 17:38:10,080 [WARN] PackLoader:240 - Cannot read IP mode file for STMicroelectronics.X-CUBE-TCPP.4.2.0
2026-03-02 17:38:10,114 [WARN] PackLoader:240 - Cannot read IP mode file for RealThread.X-CUBE-RT-Thread_Nano.4.1.1
2026-03-02 17:38:10,140 [WARN] PackLoader:240 - Cannot read IP mode file for STMicroelectronics.FP-ATR-SIGFOX1.3.2.0
2026-03-02 17:38:10,165 [WARN] PackLoader:240 - Cannot read IP mode file for STMicroelectronics.X-CUBE-EEPRMA1.5.1.0
2026-03-02 17:38:10,190 [WARN] PackLoader:240 - Cannot read IP mode file for wolfSSL.I-CUBE-wolfSSL.5.7.6
2026-03-02 17:38:10,223 [WARN] PackLoader:240 - Cannot read IP mode file for ITTIA_DB.I-CUBE-ITTIADB.8.9.0
2026-03-02 17:38:10,254 [WARN] PackLoader:240 - Cannot read IP mode file for STMicroelectronics.X-CUBE-NFC6.3.2.0
2026-03-02 17:38:10,288 [WARN] PackLoader:240 - Cannot read IP mode file for STMicroelectronics.X-CUBE-ST67W61.1.0.0
2026-03-02 17:38:10,313 [WARN] PackLoader:240 - Cannot read IP mode file for STMicroelectronics.X-CUBE-AI.10.2.0
2026-03-02 17:38:10,372 [WARN] PackLoader:240 - Cannot read IP mode file for SEGGER.I-CUBE-embOS.1.3.1
2026-03-02 17:38:10,458 [WARN] PackLoader:240 - Cannot read IP mode file for STMicroelectronics.X-CUBE-ALGOBUILD.1.4.0
2026-03-02 17:38:10,554 [WARN] PackLoader:240 - Cannot read IP mode file for STMicroelectronics.X-CUBE-MEMS1.11.3.0
2026-03-02 17:38:10,830 [WARN] PackLoader:240 - Cannot read IP mode file for STMicroelectronics.X-CUBE-PM33A1.1.0.0
2026-03-02 17:38:10,880 [WARN] PackLoader:240 - Cannot read IP mode file for STMicroelectronics.X-CUBE-AZRTOS-F4.1.1.0
2026-03-02 17:38:10,909 [WARN] PackLoader:240 - Cannot read IP mode file for Avnet-IotConnect.X-CUBE-IoTC-DA16k-PMOD.1.0.0
2026-03-02 17:38:10,945 [WARN] PackLoader:240 - Cannot read IP mode file for STMicroelectronics.X-CUBE-ISPU.2.1.0
2026-03-02 17:38:10,976 [ERROR] Engine:466 - C:\Users\lthst\.stm32cubemx\thirdparties\pdsc\STMicroelectronics.X-CUBE-IPS.3.2.0.pdsc: PDSC version is not supported
2026-03-02 17:38:11,003 [WARN] PackLoader:240 - Cannot read IP mode file for STMicroelectronics.X-CUBE-NFC12.1.0.0
2026-03-02 17:38:11,060 [WARN] PackLoader:240 - Cannot read IP mode file for STMicroelectronics.X-CUBE-AZRTOS-L5.2.0.0
2026-03-02 17:38:11,091 [WARN] PackLoader:240 - Cannot read IP mode file for STMicroelectronics.X-CUBE-NFC6.3.1.0
2026-03-02 17:38:11,121 [WARN] PackLoader:240 - Cannot read IP mode file for STMicroelectronics.X-CUBE-DPower.1.2.0
2026-03-02 17:38:11,152 [WARN] PackLoader:240 - Cannot read IP mode file for STMicroelectronics.X-CUBE-FREERTOS.1.3.1
2026-03-02 17:38:11,177 [WARN] PackLoader:240 - Cannot read IP mode file for STMicroelectronics.X-CUBE-FREERTOS.1.3.0
2026-03-02 17:38:11,206 [WARN] PackLoader:240 - Cannot read IP mode file for STMicroelectronics.X-CUBE-NFC7.1.0.1
2026-03-02 17:38:11,248 [WARN] PackLoader:240 - Cannot read IP mode file for STMicroelectronics.X-CUBE-TOUCHGFX.4.26.0
2026-03-02 17:38:11,282 [WARN] PackLoader:240 - Cannot read IP mode file for STMicroelectronics.FP-SNS-STAIOTCFT.1.0.0
2026-03-02 17:38:11,311 [WARN] PackLoader:240 - Cannot read IP mode file for STMicroelectronics.X-CUBE-DPower.1.3.0
2026-03-02 17:38:11,365 [WARN] ConditionMgr:438 - getConditionDescription Invalid condition id : LAN8742 Phy interface Condition cause : null
2026-03-02 17:38:11,365 [WARN] PackLoader:240 - Cannot read IP mode file for STMicroelectronics.X-CUBE-AZRTOS-L4.2.0.0
2026-03-02 17:38:11,367 [WARN] ConditionMgr:1044 - genDependencies : Invalid condition id : LAN8742 Phy interface Condition cause : null
2026-03-02 17:38:11,367 [WARN] ConditionMgr:1044 - genDependencies : Invalid condition id : LAN8742 Phy interface Condition cause : null
2026-03-02 17:38:11,368 [WARN] ConditionMgr:1044 - genDependencies : Invalid condition id : LAN8742 Phy interface Condition cause : null
2026-03-02 17:38:11,402 [WARN] PackLoader:240 - Cannot read IP mode file for STMicroelectronics.X-CUBE-SFXS2LP1.4.0.0
2026-03-02 17:38:11,431 [ERROR] Engine:466 - C:\Users\lthst\.stm32cubemx\thirdparties\pdsc\STMicroelectronics.X-CUBE-ST67W61.1.2.0.pdsc: PDSC version is not supported
2026-03-02 17:38:11,491 [WARN] PackLoader:240 - Cannot read IP mode file for STMicroelectronics.X-CUBE-AZRTOS-H7.3.3.0
2026-03-02 17:38:11,538 [WARN] PackLoader:240 - Cannot read IP mode file for STMicroelectronics.X-CUBE-BLEMGR.4.1.0
2026-03-02 17:38:11,587 [WARN] ConditionMgr:438 - getConditionDescription Invalid condition id : UX DEVICE CLASS RTOS Condition cause : null
2026-03-02 17:38:11,587 [WARN] ConditionMgr:438 - getConditionDescription Invalid condition id : UX DEVICE CLASS RTOS Condition cause : null
2026-03-02 17:38:11,590 [WARN] PackLoader:240 - Cannot read IP mode file for STMicroelectronics.X-CUBE-AZRTOS-WB.2.0.0
2026-03-02 17:38:11,590 [WARN] ConditionMgr:1044 - genDependencies : Invalid condition id : UX DEVICE CLASS RTOS Condition cause : null
2026-03-02 17:38:11,591 [WARN] ConditionMgr:1044 - genDependencies : Invalid condition id : UX DEVICE CLASS RTOS Condition cause : null
2026-03-02 17:38:11,591 [WARN] ConditionMgr:1044 - genDependencies : Invalid condition id : UX DEVICE CLASS RTOS Condition cause : null
2026-03-02 17:38:11,591 [WARN] ConditionMgr:1044 - genDependencies : Invalid condition id : UX DEVICE CLASS RTOS Condition cause : null
2026-03-02 17:38:11,591 [WARN] ConditionMgr:1044 - genDependencies : Invalid condition id : UX DEVICE CLASS RTOS Condition cause : null
2026-03-02 17:38:11,618 [WARN] PackLoader:240 - Cannot read IP mode file for STMicroelectronics.X-CUBE-GNSS1.7.0.1
2026-03-02 17:38:11,645 [WARN] PackLoader:240 - Cannot read IP mode file for STMicroelectronics.X-CUBE-TOUCHGFX.4.25.0
2026-03-02 17:38:11,676 [WARN] PackLoader:240 - Cannot read IP mode file for STMicroelectronics.FP-SNS-STBOX1.2.0.0
2026-03-02 17:38:11,712 [WARN] PackLoader:240 - Cannot read IP mode file for STMicroelectronics.X-CUBE-STSE01.2.0.0
2026-03-02 17:38:11,755 [WARN] PackLoader:240 - Cannot read IP mode file for STMicroelectronics.X-CUBE-SUBG2.5.0.0
2026-03-02 17:38:11,825 [WARN] PackLoader:240 - Cannot read IP mode file for STMicroelectronics.X-CUBE-AZRTOS-H7RS.1.1.0
2026-03-02 17:38:11,860 [WARN] PackLoader:240 - Cannot read IP mode file for Cesanta.I-CUBE-Mongoose.7.13.0
2026-03-02 17:38:11,910 [WARN] PackLoader:240 - Cannot read IP mode file for STMicroelectronics.X-CUBE-AZRTOS-G4.2.0.0
2026-03-02 17:38:11,943 [WARN] PackLoader:240 - Cannot read IP mode file for wolfSSL.I-CUBE-wolfSSH.1.4.20
2026-03-02 17:38:11,968 [WARN] PackLoader:240 - Cannot read IP mode file for STMicroelectronics.X-CUBE-NFC7.2.0.0
2026-03-02 17:38:12,014 [WARN] PackLoader:240 - Cannot read IP mode file for STMicroelectronics.X-CUBE-IPS.3.1.0
2026-03-02 17:38:12,051 [WARN] PackLoader:240 - Cannot read IP mode file for STMicroelectronics.X-CUBE-ALS.1.0.2
2026-03-02 17:38:12,081 [WARN] PackLoader:240 - Cannot read IP mode file for STMicroelectronics.X-CUBE-STSE01.1.0.0
2026-03-02 17:38:12,111 [WARN] PackLoader:240 - Cannot read IP mode file for portGmbH.I-Cube-SoM-uGOAL.1.1.0
2026-03-02 17:38:12,145 [WARN] PackLoader:240 - Cannot read IP mode file for STMicroelectronics.X-CUBE-TOF1.3.4.2
2026-03-02 17:38:12,185 [WARN] PackLoader:240 - Cannot read IP mode file for STMicroelectronics.X-CUBE-TOF1.3.4.3
2026-03-02 17:38:12,196 [INFO] ThirdParty:978 - Integrity check success = true
2026-03-02 17:38:12,196 [INFO] IntegrityCheckThread:100 - exiting critical section [integrity check]
2026-03-02 17:38:12,197 [INFO] IntegrityCheckThread:103 - End integrity checks thread
2026-03-02 17:41:25,647 [ERROR] ConfigurationRetriever:142 - IOException on connection: Read timed out
2026-03-02 17:41:27,649 [ERROR] ConfigurationRetriever:142 - IOException on connection: Connect timed out
2026-03-02 17:41:43,494 [ERROR] ConfigurationRetriever:142 - IOException on connection: No route to host: getsockopt
2026-03-02 17:41:43,495 [ERROR] ConfigurationRetriever:142 - IOException on connection: No route to host: getsockopt
2026-03-02 17:41:43,496 [ERROR] ConfigurationRetriever:142 - IOException on connection: No route to host: getsockopt
2026-03-02 17:42:04,395 [INFO] Activator:176 - 


2026-03-02 17:42:04,399 [INFO] Activator:177 - !SESSION log4j initialized
2026-03-02 17:42:13,203 [INFO] LogOutputStream:77 - [STDOUT_REDIRECT] 
2026-03-02 17:42:13,842 [ERROR] ConfigurationRetriever:142 - IOException on connection: sw-center.st.com
2026-03-02 17:42:13,844 [ERROR] ConfigurationRetriever:142 - IOException on connection: sw-center.st.com
2026-03-02 17:42:13,846 [ERROR] ConfigurationRetriever:142 - IOException on connection: sw-center.st.com
2026-03-02 17:42:17,674 [INFO] ApplicationProperties:184 - Using Application install path: C:\ST\STM32CubeIDE_1.18.0\STM32CubeIDE\plugins\com.st.stm32cube.common.mx_6.14.0.202502271554
2026-03-02 17:42:17,717 [INFO] DbMcusXml:78 - Set database path to: C:\ST\STM32CubeIDE_1.18.0\STM32CubeIDE\plugins\com.st.stm32cube.common.mx_6.14.0.202502271554\\db\/mcu/
2026-03-02 17:42:17,718 [INFO] ApiDb:274 - Set plugin database path to: C:\ST\STM32CubeIDE_1.18.0\STM32CubeIDE\plugins\com.st.stm32cube.common.mx_6.14.0.202502271554\\db\/plugins/boardmanager/
2026-03-02 17:42:17,719 [WARN] ApiDb:259 - Overriding images path with different value:  => C:\ST\STM32CubeIDE_1.18.0\STM32CubeIDE\plugins\com.st.stm32cube.common.mx_6.14.0.202502271554\\db\/plugins/mcufinder/images/
2026-03-02 17:42:17,734 [INFO] ApiDb:250 - Set database path to: C:\Users\lthst\.stmcufinder\plugins\mcufinder//mcu/
2026-03-02 17:42:17,741 [INFO] DbMcusAds:125 - Set database path to: C:\Users\lthst\.stmcufinder\plugins\mcufinder//mcu/
2026-03-02 17:42:17,746 [INFO] CrossReferenceDbSqlite:203 - Set database path to: C:\Users\lthst\.stmcufinder\plugins\mcufinder//mcu/cs/
2026-03-02 17:42:18,115 [INFO] RulesReader:64 - Compatibility file has been processed (301 Rules)
2026-03-02 17:42:18,368 [INFO] DbMcusXml:78 - Set database path to: C:\ST\STM32CubeIDE_1.18.0\STM32CubeIDE\plugins\com.st.stm32cube.common.mx_6.14.0.202502271554\\db\/mcu/
2026-03-02 17:42:18,368 [INFO] ApiDb:274 - Set plugin database path to: C:\ST\STM32CubeIDE_1.18.0\STM32CubeIDE\plugins\com.st.stm32cube.common.mx_6.14.0.202502271554\\db\/plugins/boardmanager/
2026-03-02 17:42:18,369 [INFO] ApiDb:261 - Set plugin images path to: C:\ST\STM32CubeIDE_1.18.0\STM32CubeIDE\plugins\com.st.stm32cube.common.mx_6.14.0.202502271554\\db\/plugins/mcufinder/images/
2026-03-02 17:42:18,369 [WARN] DbFile:41 - Overriding database path with different value: C:\Users\lthst\.stmcufinder\plugins\mcufinder/ => C:\Users\lthst\.stmcufinder\plugins\mcufinder
2026-03-02 17:42:18,370 [INFO] ApiDb:250 - Set database path to: C:\Users\lthst\.stmcufinder\plugins\mcufinder//mcu/
2026-03-02 17:42:18,370 [WARN] DbFile:41 - Overriding database path with different value: C:\Users\lthst\.stmcufinder\plugins\mcufinder/ => C:\Users\lthst\.stmcufinder\plugins\mcufinder
2026-03-02 17:42:18,370 [INFO] DbMcusAds:125 - Set database path to: C:\Users\lthst\.stmcufinder\plugins\mcufinder//mcu/
2026-03-02 17:42:18,370 [WARN] DbFile:41 - Overriding database path with different value: C:\Users\lthst\.stmcufinder\plugins\mcufinder/ => C:\Users\lthst\.stmcufinder\plugins\mcufinder
2026-03-02 17:42:18,371 [WARN] DbFile:41 - Overriding database path with different value: C:\Users\lthst\.stmcufinder\plugins\mcufinder/ => C:\Users\lthst\.stmcufinder\plugins\mcufinder
2026-03-02 17:42:18,371 [INFO] CrossReferenceDbSqlite:203 - Set database path to: C:\Users\lthst\.stmcufinder\plugins\mcufinder//mcu/cs/
2026-03-02 17:42:18,576 [INFO] MainPanel:272 - HeapMemory: 268435456
2026-03-02 17:42:18,809 [INFO] DbMcusXml:78 - Set database path to: C:\ST\STM32CubeIDE_1.18.0\STM32CubeIDE\plugins\com.st.stm32cube.common.mx_6.14.0.202502271554\\db\/mcu/
2026-03-02 17:42:18,809 [INFO] ApiDb:274 - Set plugin database path to: C:\ST\STM32CubeIDE_1.18.0\STM32CubeIDE\plugins\com.st.stm32cube.common.mx_6.14.0.202502271554\\db\/plugins/boardmanager/
2026-03-02 17:42:18,809 [INFO] ApiDb:261 - Set plugin images path to: C:\ST\STM32CubeIDE_1.18.0\STM32CubeIDE\plugins\com.st.stm32cube.common.mx_6.14.0.202502271554\\db\/plugins/mcufinder/images/
2026-03-02 17:42:18,810 [WARN] DbFile:41 - Overriding database path with different value: C:\Users\lthst\.stmcufinder\plugins\mcufinder/ => C:\Users\lthst\.stmcufinder\plugins\mcufinder
2026-03-02 17:42:18,810 [INFO] ApiDb:250 - Set database path to: C:\Users\lthst\.stmcufinder\plugins\mcufinder//mcu/
2026-03-02 17:42:18,811 [WARN] DbFile:41 - Overriding database path with different value: C:\Users\lthst\.stmcufinder\plugins\mcufinder/ => C:\Users\lthst\.stmcufinder\plugins\mcufinder
2026-03-02 17:42:18,811 [INFO] DbMcusAds:125 - Set database path to: C:\Users\lthst\.stmcufinder\plugins\mcufinder//mcu/
2026-03-02 17:42:18,811 [WARN] DbFile:41 - Overriding database path with different value: C:\Users\lthst\.stmcufinder\plugins\mcufinder/ => C:\Users\lthst\.stmcufinder\plugins\mcufinder
2026-03-02 17:42:18,812 [WARN] DbFile:41 - Overriding database path with different value: C:\Users\lthst\.stmcufinder\plugins\mcufinder/ => C:\Users\lthst\.stmcufinder\plugins\mcufinder
2026-03-02 17:42:18,812 [INFO] CrossReferenceDbSqlite:203 - Set database path to: C:\Users\lthst\.stmcufinder\plugins\mcufinder//mcu/cs/
2026-03-02 17:42:18,858 [INFO] ApplicationProperties:184 - Using Application install path: C:\ST\STM32CubeIDE_1.18.0\STM32CubeIDE\plugins\com.st.stm32cube.common.mx_6.14.0.202502271554
2026-03-02 17:42:18,862 [INFO] PluginManage:196 - Search for loadable plugins [exclusion list=, ]
2026-03-02 17:42:18,866 [INFO] PluginManage:310 - Check plugin analytics
2026-03-02 17:42:19,345 [INFO] AnalyticsPlugin:253 - Accepted Software Licenses: 
2026-03-02 17:42:19,346 [INFO] AnalyticsPlugin:255 - Accepted CMSIS Pack Licenses: 
2026-03-02 17:42:19,346 [INFO] AnalyticsPlugin:257 - Accepted Firmware Licenses: FW.F4.1.28.0
2026-03-02 17:42:19,352 [INFO] PluginManage:359 - Loaded plugin analytics (category:tool,tabindex:-1)
2026-03-02 17:42:19,352 [INFO] PluginManage:310 - Check plugin cadmodel
2026-03-02 17:42:19,352 [ERROR] ConfigurationRetriever:142 - IOException on connection: sw-center.st.com
2026-03-02 17:42:19,355 [ERROR] ConfigurationRetriever:142 - IOException on connection: sw-center.st.com
2026-03-02 17:42:19,356 [ERROR] ConfigurationRetriever:142 - IOException on connection: sw-center.st.com
2026-03-02 17:42:19,362 [INFO] CADModel:105 - Init CAD model plugin
2026-03-02 17:42:19,363 [INFO] PluginManage:359 - Loaded plugin cadmodel (category:power,tabindex:5)
2026-03-02 17:42:19,363 [INFO] PluginManage:310 - Check plugin clock
2026-03-02 17:42:19,386 [INFO] PluginManage:359 - Loaded plugin clock (category:base,tabindex:2)
2026-03-02 17:42:19,387 [INFO] PluginManage:310 - Check plugin ddr
2026-03-02 17:42:19,392 [INFO] PluginManage:359 - Loaded plugin ddr (category:tool,tabindex:6)
2026-03-02 17:42:19,393 [INFO] PluginManage:310 - Check plugin filemanager
2026-03-02 17:42:19,843 [INFO] PluginManage:359 - Loaded plugin filemanager (category:base,tabindex:10)
2026-03-02 17:42:19,844 [INFO] PluginManage:310 - Check plugin ipmanager
2026-03-02 17:42:19,865 [INFO] PluginManage:359 - Loaded plugin ipmanager (category:base,tabindex:5)
2026-03-02 17:42:19,866 [INFO] PluginManage:310 - Check plugin lpbam
2026-03-02 17:42:19,888 [INFO] PluginManage:359 - Loaded plugin lpbam (category:base,tabindex:0)
2026-03-02 17:42:19,889 [INFO] PluginManage:310 - Check plugin memorymap
2026-03-02 17:42:19,920 [INFO] PluginManage:359 - Loaded plugin memorymap (category:base,tabindex:4)
2026-03-02 17:42:19,921 [INFO] PluginManage:310 - Check plugin pinoutandconfiguration
2026-03-02 17:42:19,943 [INFO] PluginManage:359 - Loaded plugin pinoutandconfiguration (category:base,tabindex:1)
2026-03-02 17:42:19,944 [INFO] PluginManage:310 - Check plugin pinoutconfig
2026-03-02 17:42:20,175 [WARN] SupportedApi:132 - Cannot load RTOS API schema: s4s-elt-must-match.1: The content of 'definitions' must match (annotation?, (simpleType | complexType)?, (unique | key | keyref)*)). A problem was found starting at: attribute.
2026-03-02 17:42:20,502 [INFO] PluginManage:359 - Loaded plugin pinoutconfig (category:base,tabindex:0)
2026-03-02 17:42:20,503 [INFO] PluginManage:310 - Check plugin power
2026-03-02 17:42:20,524 [INFO] PluginManage:359 - Loaded plugin power (category:power,tabindex:4)
2026-03-02 17:42:20,524 [INFO] PluginManage:310 - Check plugin projectmanager
2026-03-02 17:42:20,567 [INFO] PluginManage:359 - Loaded plugin projectmanager (category:projectmanager,tabindex:4)
2026-03-02 17:42:20,568 [INFO] PluginManage:310 - Check plugin rif
2026-03-02 17:42:20,585 [INFO] PluginManage:359 - Loaded plugin rif (category:base,tabindex:3)
2026-03-02 17:42:20,585 [INFO] PluginManage:310 - Check plugin thirdparty
2026-03-02 17:42:20,973 [WARN] IntegrityCheckThread:84 - waiting for thirdparty lock release [integrity check]
2026-03-02 17:42:20,974 [INFO] PluginManage:359 - Loaded plugin thirdparty (category:base,tabindex:-1)
2026-03-02 17:42:20,974 [INFO] IntegrityCheckThread:86 - entering critical section [integrity check]
2026-03-02 17:42:20,974 [INFO] PluginManage:310 - Check plugin tools
2026-03-02 17:42:20,975 [INFO] ThirdPartyUpdaterWithRetryManager:70 - Updater plugin not ready yet. [1/15]
2026-03-02 17:42:20,981 [INFO] PluginManage:359 - Loaded plugin tools (category:base,tabindex:7)
2026-03-02 17:42:20,982 [INFO] PluginManage:310 - Check plugin tutovideos
2026-03-02 17:42:21,408 [INFO] PluginManage:359 - Loaded plugin tutovideos (category:base,tabindex:-1)
2026-03-02 17:42:21,408 [INFO] PluginManage:310 - Check plugin updater
2026-03-02 17:42:21,458 [INFO] PluginManage:359 - Loaded plugin updater (category:base,tabindex:12)
2026-03-02 17:42:21,459 [INFO] PluginManage:310 - Check plugin userauth
2026-03-02 17:42:21,467 [INFO] UserAuth:118 - Init User Auth plugin
2026-03-02 17:42:21,469 [INFO] PluginManage:359 - Loaded plugin userauth (category:base,tabindex:14)
2026-03-02 17:42:21,470 [INFO] PluginManage:283 - PluginManage : Loaded plugins [18]
2026-03-02 17:42:21,946 [INFO] PinOutPanel:1589 - setPackage(No Configuration,No Configuration)
2026-03-02 17:42:22,157 [INFO] CADModel:165 - CPN selected for project level
2026-03-02 17:42:22,157 [INFO] CADModel:114 - Register for checkConnection events
2026-03-02 17:42:22,194 [INFO] IPUIPlugin:80 - create IPUIPlugin
2026-03-02 17:42:22,195 [INFO] PluginManager:220 - loadIPPluginJar : add adc
2026-03-02 17:42:22,201 [INFO] IPUIPlugin:80 - create IPUIPlugin
2026-03-02 17:42:22,201 [INFO] PluginManager:220 - loadIPPluginJar : add aes
2026-03-02 17:42:22,207 [INFO] IPUIPlugin:80 - create IPUIPlugin
2026-03-02 17:42:22,208 [INFO] PluginManager:220 - loadIPPluginJar : add can
2026-03-02 17:42:22,211 [INFO] IPUIPlugin:80 - create IPUIPlugin
2026-03-02 17:42:22,212 [INFO] PluginManager:220 - loadIPPluginJar : add comp
2026-03-02 17:42:22,217 [INFO] IPUIPlugin:80 - create IPUIPlugin
2026-03-02 17:42:22,217 [INFO] PluginManager:220 - loadIPPluginJar : add cryp
2026-03-02 17:42:22,222 [INFO] IPUIPlugin:80 - create IPUIPlugin
2026-03-02 17:42:22,223 [INFO] PluginManager:220 - loadIPPluginJar : add ddr_ctrl_phy
2026-03-02 17:42:22,228 [INFO] IPUIPlugin:80 - create IPUIPlugin
2026-03-02 17:42:22,229 [INFO] PluginManager:220 - loadIPPluginJar : add dfsdm
2026-03-02 17:42:22,239 [INFO] IPUIPlugin:80 - create IPUIPlugin
2026-03-02 17:42:22,241 [INFO] PluginManager:220 - loadIPPluginJar : add dma
2026-03-02 17:42:22,247 [INFO] IPUIPlugin:80 - create IPUIPlugin
2026-03-02 17:42:22,247 [INFO] PluginManager:220 - loadIPPluginJar : add dma3
2026-03-02 17:42:22,252 [INFO] IPUIPlugin:80 - create IPUIPlugin
2026-03-02 17:42:22,252 [INFO] PluginManager:220 - loadIPPluginJar : add extmemmanager
2026-03-02 17:42:22,256 [INFO] IPUIPlugin:80 - create IPUIPlugin
2026-03-02 17:42:22,256 [INFO] PluginManager:220 - loadIPPluginJar : add fatfs
2026-03-02 17:42:22,267 [INFO] IPUIPlugin:80 - create IPUIPlugin
2026-03-02 17:42:22,267 [INFO] PluginManager:220 - loadIPPluginJar : add fmc
2026-03-02 17:42:22,281 [INFO] IPUIPlugin:80 - create IPUIPlugin
2026-03-02 17:42:22,282 [INFO] PluginManager:220 - loadIPPluginJar : add freertos
2026-03-02 17:42:22,285 [INFO] IPUIPlugin:80 - create IPUIPlugin
2026-03-02 17:42:22,285 [INFO] PluginManager:220 - loadIPPluginJar : add genericplugin
2026-03-02 17:42:22,317 [INFO] IPUIPlugin:80 - create IPUIPlugin
2026-03-02 17:42:22,317 [INFO] PluginManager:220 - loadIPPluginJar : add gfxmmu
2026-03-02 17:42:22,328 [INFO] IPUIPlugin:80 - create IPUIPlugin
2026-03-02 17:42:22,328 [INFO] PluginManager:220 - loadIPPluginJar : add gic
2026-03-02 17:42:22,337 [INFO] IPUIPlugin:80 - create IPUIPlugin
2026-03-02 17:42:22,338 [INFO] PluginManager:220 - loadIPPluginJar : add gpio
2026-03-02 17:42:22,345 [INFO] IPUIPlugin:80 - create IPUIPlugin
2026-03-02 17:42:22,346 [INFO] PluginManager:220 - loadIPPluginJar : add gtzc
2026-03-02 17:42:22,350 [INFO] IPUIPlugin:80 - create IPUIPlugin
2026-03-02 17:42:22,351 [INFO] PluginManager:220 - loadIPPluginJar : add hash
2026-03-02 17:42:22,357 [INFO] IPUIPlugin:80 - create IPUIPlugin
2026-03-02 17:42:22,358 [INFO] PluginManager:220 - loadIPPluginJar : add i2c
2026-03-02 17:42:22,364 [INFO] IPUIPlugin:80 - create IPUIPlugin
2026-03-02 17:42:22,365 [INFO] PluginManager:220 - loadIPPluginJar : add i2s
2026-03-02 17:42:22,373 [INFO] IPUIPlugin:80 - create IPUIPlugin
2026-03-02 17:42:22,374 [INFO] PluginManager:220 - loadIPPluginJar : add i3c
2026-03-02 17:42:22,383 [INFO] IPUIPlugin:80 - create IPUIPlugin
2026-03-02 17:42:22,383 [INFO] PluginManager:220 - loadIPPluginJar : add ipddr
2026-03-02 17:42:22,400 [INFO] IPUIPlugin:80 - create IPUIPlugin
2026-03-02 17:42:22,400 [INFO] PluginManager:220 - loadIPPluginJar : add linkedlist
2026-03-02 17:42:22,407 [INFO] IPUIPlugin:80 - create IPUIPlugin
2026-03-02 17:42:22,407 [INFO] PluginManager:220 - loadIPPluginJar : add lorawan
2026-03-02 17:42:22,411 [INFO] IPUIPlugin:80 - create IPUIPlugin
2026-03-02 17:42:22,411 [INFO] PluginManager:220 - loadIPPluginJar : add ltdc
2026-03-02 17:42:22,425 [INFO] IPUIPlugin:80 - create IPUIPlugin
2026-03-02 17:42:22,427 [INFO] PluginManager:220 - loadIPPluginJar : add mdma
2026-03-02 17:42:22,438 [INFO] IPUIPlugin:80 - create IPUIPlugin
2026-03-02 17:42:22,439 [INFO] PluginManager:220 - loadIPPluginJar : add nvic
2026-03-02 17:42:22,446 [INFO] IPUIPlugin:80 - create IPUIPlugin
2026-03-02 17:42:22,446 [INFO] PluginManager:220 - loadIPPluginJar : add opamp
2026-03-02 17:42:22,453 [INFO] IPUIPlugin:80 - create IPUIPlugin
2026-03-02 17:42:22,453 [INFO] PluginManager:220 - loadIPPluginJar : add openamp
2026-03-02 17:42:22,461 [INFO] IPUIPlugin:80 - create IPUIPlugin
2026-03-02 17:42:22,461 [INFO] PluginManager:220 - loadIPPluginJar : add pdm2pcm
2026-03-02 17:42:22,475 [INFO] IPUIPlugin:80 - create IPUIPlugin
2026-03-02 17:42:22,481 [INFO] PluginManager:220 - loadIPPluginJar : add plateformsettings
2026-03-02 17:42:22,485 [INFO] IPUIPlugin:80 - create IPUIPlugin
2026-03-02 17:42:22,485 [INFO] PluginManager:220 - loadIPPluginJar : add quadspi
2026-03-02 17:42:22,489 [INFO] IPUIPlugin:80 - create IPUIPlugin
2026-03-02 17:42:22,490 [INFO] PluginManager:220 - loadIPPluginJar : add radio
2026-03-02 17:42:22,497 [INFO] IPUIPlugin:80 - create IPUIPlugin
2026-03-02 17:42:22,498 [INFO] PluginManager:220 - loadIPPluginJar : add resmgrutility
2026-03-02 17:42:22,505 [INFO] IPUIPlugin:80 - create IPUIPlugin
2026-03-02 17:42:22,506 [INFO] PluginManager:220 - loadIPPluginJar : add sai
2026-03-02 17:42:22,511 [INFO] IPUIPlugin:80 - create IPUIPlugin
2026-03-02 17:42:22,511 [INFO] PluginManager:220 - loadIPPluginJar : add spi
2026-03-02 17:42:22,525 [INFO] IPUIPlugin:80 - create IPUIPlugin
2026-03-02 17:42:22,525 [INFO] PluginManager:220 - loadIPPluginJar : add stm32_wpan
2026-03-02 17:42:22,529 [INFO] IPUIPlugin:80 - create IPUIPlugin
2026-03-02 17:42:22,530 [INFO] PluginManager:220 - loadIPPluginJar : add tim
2026-03-02 17:42:22,537 [INFO] IPUIPlugin:80 - create IPUIPlugin
2026-03-02 17:42:22,538 [INFO] PluginManager:220 - loadIPPluginJar : add touchsensing
2026-03-02 17:42:22,543 [INFO] IPUIPlugin:80 - create IPUIPlugin
2026-03-02 17:42:22,543 [INFO] PluginManager:220 - loadIPPluginJar : add tracer_emb
2026-03-02 17:42:22,547 [INFO] IPUIPlugin:80 - create IPUIPlugin
2026-03-02 17:42:22,548 [INFO] PluginManager:220 - loadIPPluginJar : add ts
2026-03-02 17:42:22,552 [INFO] IPUIPlugin:80 - create IPUIPlugin
2026-03-02 17:42:22,552 [INFO] PluginManager:220 - loadIPPluginJar : add tsc
2026-03-02 17:42:22,556 [INFO] IPUIPlugin:80 - create IPUIPlugin
2026-03-02 17:42:22,556 [INFO] PluginManager:220 - loadIPPluginJar : add ucpd
2026-03-02 17:42:22,562 [INFO] IPUIPlugin:80 - create IPUIPlugin
2026-03-02 17:42:22,562 [INFO] PluginManager:220 - loadIPPluginJar : add usart
2026-03-02 17:42:22,571 [INFO] IPUIPlugin:80 - create IPUIPlugin
2026-03-02 17:42:22,571 [INFO] PluginManager:220 - loadIPPluginJar : add usbx
2026-03-02 17:42:22,791 [FATAL] Updater:351 - Updater called before beeing initialized
2026-03-02 17:42:22,859 [INFO] RulesReader:64 - Compatibility file has been processed (301 Rules)
2026-03-02 17:42:22,891 [INFO] RulesReader:64 - Compatibility file has been processed (301 Rules)
2026-03-02 17:42:22,907 [INFO] CADModel:165 - CPN selected for project level
2026-03-02 17:42:22,908 [INFO] CADModel:114 - Register for checkConnection events
2026-03-02 17:42:22,908 [FATAL] Updater:351 - Updater called before beeing initialized
2026-03-02 17:42:22,908 [ERROR] CADModel:125 - Updater not yet initialized, retry later 
2026-03-02 17:42:23,246 [FATAL] Updater:351 - Updater called before beeing initialized
2026-03-02 17:42:23,250 [INFO] CADModel:165 - CPN selected for project level
2026-03-02 17:42:23,250 [INFO] CADModel:114 - Register for checkConnection events
2026-03-02 17:42:23,250 [FATAL] Updater:351 - Updater called before beeing initialized
2026-03-02 17:42:23,250 [ERROR] CADModel:125 - Updater not yet initialized, retry later 
2026-03-02 17:42:23,259 [FATAL] Updater:351 - Updater called before beeing initialized
2026-03-02 17:42:23,710 [FATAL] Updater:351 - Updater called before beeing initialized
2026-03-02 17:42:23,720 [INFO] DbMcusAds:53 - JSON generation date=Wed Feb 18 23:32:49 KST 2026 (1771425169665)
2026-03-02 17:42:23,721 [FATAL] Updater:351 - Updater called before beeing initialized
2026-03-02 17:42:23,824 [WARN] DetailPanel:346 - Failed to get advertising image, set to default
2026-03-02 17:42:23,978 [INFO] ThirdPartyUpdaterWithRetryManager:70 - Updater plugin not ready yet. [2/15]
2026-03-02 17:42:24,653 [FATAL] Updater:351 - Updater called before beeing initialized
2026-03-02 17:42:24,656 [FATAL] Updater:351 - Updater called before beeing initialized
2026-03-02 17:42:24,657 [FATAL] Updater:351 - Updater called before beeing initialized
2026-03-02 17:42:24,657 [WARN] DetailPanel:346 - Failed to get advertising image, set to default
2026-03-02 17:42:24,658 [FATAL] Updater:351 - Updater called before beeing initialized
2026-03-02 17:42:24,755 [ERROR] Updater:1198 - MainUpdater not yet initialized. External WinMGr cannot be set.
2026-03-02 17:42:24,759 [INFO] Updater:1134 - Updater Version found : 6.14.0
2026-03-02 17:42:24,793 [INFO] ApplicationProperties:184 - Using Application install path: C:\ST\STM32CubeIDE_1.18.0\STM32CubeIDE\plugins\com.st.stm32cube.common.mx_6.14.0.202502271554
2026-03-02 17:42:25,284 [INFO] MainUpdater:2872 - connection check result : 22
2026-03-02 17:42:25,286 [INFO] MainUpdater:289 - Updater Check For Update Now.
2026-03-02 17:42:25,286 [INFO] MicroXplorer:498 - Change Database Version : DB.6.0.140
2026-03-02 17:42:25,299 [INFO] McuFinderGlobals:63 - Set McuFinder mode to 2 (CubeIDE integrated)
2026-03-02 17:42:25,300 [INFO] UserAuth:486 - Internet connection configuration mode: 2
2026-03-02 17:42:25,311 [INFO] UserAuth:486 - Internet connection configuration mode: 2
2026-03-02 17:42:25,615 [INFO] CheckServerUpdateThread:120 - End of CheckServer Thread
2026-03-02 17:42:29,333 [WARN] PackLoader:240 - Cannot read IP mode file for STMicroelectronics.FP-SNS-MOTENVWB1.1.4.0
2026-03-02 17:42:29,421 [WARN] PackLoader:240 - Cannot read IP mode file for STMicroelectronics.FP-ATR-ASTRA1.2.0.2
2026-03-02 17:42:29,461 [WARN] PackLoader:240 - Cannot read IP mode file for STMicroelectronics.X-CUBE-SMBUS.2.1.0
2026-03-02 17:42:29,636 [WARN] PackLoader:240 - Cannot read IP mode file for STMicroelectronics.X-CUBE-WB05N.1.1.0
2026-03-02 17:42:29,685 [WARN] PackLoader:240 - Cannot read IP mode file for STMicroelectronics.X-CUBE-ST60.1.0.0
2026-03-02 17:42:30,023 [WARN] PackLoader:240 - Cannot read IP mode file for STMicroelectronics.X-CUBE-AZRTOS-F7.1.1.0
2026-03-02 17:42:30,160 [ERROR] Engine:466 - C:\Users\lthst\.stm32cubemx\thirdparties\pdsc\STMicroelectronics.FP-SNS-MOTENV1.5.1.0.pdsc: PDSC version is not supported
2026-03-02 17:42:30,557 [WARN] PackLoader:240 - Cannot read IP mode file for Infineon.AIROC-Wi-Fi-Bluetooth-STM32.1.7.0
2026-03-02 17:42:30,922 [WARN] PackLoader:240 - Cannot read IP mode file for STMicroelectronics.X-CUBE-AZRTOS-H7.3.4.0
2026-03-02 17:42:31,036 [WARN] PackLoader:240 - Cannot read IP mode file for STMicroelectronics.X-CUBE-DISPLAY.3.0.0
2026-03-02 17:42:31,060 [ERROR] Engine:466 - C:\Users\lthst\.stm32cubemx\thirdparties\pdsc\STMicroelectronics.FP-SNS-MOTENVWB1.1.5.0.pdsc: PDSC version is not supported
2026-03-02 17:42:31,116 [WARN] PackLoader:240 - Cannot read IP mode file for STMicroelectronics.X-CUBE-NFC10.1.0.0
2026-03-02 17:42:31,185 [WARN] PackLoader:240 - Cannot read IP mode file for STMicroelectronics.X-CUBE-BLEMGR.4.0.0
2026-03-02 17:42:31,212 [WARN] PackLoader:240 - Cannot read IP mode file for STMicroelectronics.X-CUBE-ST60.1.1.0
2026-03-02 17:42:31,233 [WARN] PackLoader:240 - Cannot read IP mode file for emotas.I-CUBE-CANOPEN.1.3.0
2026-03-02 17:42:31,249 [WARN] PackLoader:240 - Cannot read IP mode file for STMicroelectronics.X-CUBE-GNSS1.7.1.0
2026-03-02 17:42:31,267 [WARN] ConditionMgr:438 - getConditionDescription Invalid condition id : Cortex-A Device cause : null
2026-03-02 17:42:31,360 [WARN] ConditionMgr:1044 - genDependencies : Invalid condition id : Cortex-A Device cause : null
2026-03-02 17:42:31,360 [WARN] ConditionMgr:1044 - genDependencies : Invalid condition id : Cortex-A Device cause : null
2026-03-02 17:42:31,361 [WARN] ConditionMgr:1044 - genDependencies : Invalid condition id : Cortex-A Device cause : null
2026-03-02 17:42:31,372 [WARN] PackLoader:240 - Cannot read IP mode file for STMicroelectronics.X-CUBE-AI.10.0.0
2026-03-02 17:42:31,410 [ERROR] Engine:466 - C:\Users\lthst\.stm32cubemx\thirdparties\pdsc\STMicroelectronics.FP-SNS-STBOX1.2.1.0.pdsc: PDSC version is not supported
2026-03-02 17:42:31,434 [WARN] PackLoader:240 - Cannot read IP mode file for STMicroelectronics.FP-SNS-SMARTAG2.1.2.0
2026-03-02 17:42:31,450 [WARN] PackLoader:240 - Cannot read IP mode file for STMicroelectronics.FP-SNS-FLIGHT1.5.1.0
2026-03-02 17:42:31,796 [WARN] PackLoader:240 - Cannot read IP mode file for STMicroelectronics.X-CUBE-MEMS1.11.1.0
2026-03-02 17:42:32,664 [INFO] LogOutputStream:77 - [STDOUT_REDIRECT] 1 : Invalid condition id : UX_CORESTACK_Condition cause : null
2026-03-02 17:42:32,665 [INFO] LogOutputStream:77 - [STDOUT_REDIRECT] 1 : Invalid condition id : UX_CORESTACK_Condition cause : null
2026-03-02 17:42:32,669 [INFO] LogOutputStream:77 - [STDOUT_REDIRECT] 1 : Invalid condition id : UX_CORESTACK_Condition cause : null
2026-03-02 17:42:32,690 [INFO] LogOutputStream:77 - [STDOUT_REDIRECT] 1 : Invalid condition id : UX_CORESTACK_Condition cause : null
2026-03-02 17:42:32,695 [INFO] LogOutputStream:77 - [STDOUT_REDIRECT] 1 : Invalid condition id : UX_CORESTACK_Condition cause : null
2026-03-02 17:42:32,703 [WARN] PackLoader:240 - Cannot read IP mode file for STMicroelectronics.X-CUBE-AZRTOS-WL.2.0.0
2026-03-02 17:42:32,754 [WARN] PackLoader:240 - Cannot read IP mode file for STMicroelectronics.FP-SNS-MOTENV1.5.0.0
2026-03-02 17:42:32,881 [WARN] PackLoader:240 - Cannot read IP mode file for STMicroelectronics.X-CUBE-AZRTOS-H7RS.1.2.0
2026-03-02 17:42:32,962 [WARN] PackLoader:240 - Cannot read IP mode file for WES.I-CUBE-Cesium.1.3.0
2026-03-02 17:42:32,992 [WARN] PackLoader:240 - Cannot read IP mode file for STMicroelectronics.X-CUBE-BLE2.3.3.0
2026-03-02 17:42:33,097 [WARN] PackLoader:240 - Cannot read IP mode file for STMicroelectronics.X-CUBE-NFC9.1.0.0
2026-03-02 17:42:33,125 [WARN] PackLoader:240 - Cannot read IP mode file for STMicroelectronics.X-CUBE-BLE1.7.1.0
2026-03-02 17:42:33,132 [WARN] PackLoader:240 - Cannot read IP mode file for wolfSSL.I-CUBE-wolfMQTT.1.19.2
2026-03-02 17:42:33,135 [ERROR] Engine:466 - C:\Users\lthst\.stm32cubemx\thirdparties\pdsc\STMicroelectronics.X-CUBE-FREERTOS.1.4.0.pdsc: PDSC version is not supported
2026-03-02 17:42:33,147 [WARN] PackLoader:240 - Cannot read IP mode file for STMicroelectronics.X-CUBE-EEPRMA1.5.2.0
2026-03-02 17:42:33,159 [ERROR] Engine:466 - C:\Users\lthst\.stm32cubemx\thirdparties\pdsc\STMicroelectronics.X-CUBE-ST67W61.1.1.0.pdsc: PDSC version is not supported
2026-03-02 17:42:33,164 [WARN] PackLoader:240 - Cannot read IP mode file for STMicroelectronics.X-CUBE-AI.10.1.0
2026-03-02 17:42:33,905 [WARN] PackLoader:240 - Cannot read IP mode file for STMicroelectronics.X-CUBE-MEMS1.12.0.0
2026-03-02 17:42:34,261 [WARN] PackLoader:240 - Cannot read IP mode file for STMicroelectronics.X-CUBE-MEMS1.11.2.0
2026-03-02 17:42:34,601 [WARN] PackLoader:240 - Cannot read IP mode file for STMicroelectronics.X-CUBE-AZRTOS-G0.1.1.0
2026-03-02 17:42:34,621 [WARN] PackLoader:240 - Cannot read IP mode file for STMicroelectronics.X-CUBE-SAFEA1.1.2.2
2026-03-02 17:42:34,645 [WARN] PackLoader:240 - Cannot read IP mode file for STMicroelectronics.X-CUBE-NFC4.3.0.0
2026-03-02 17:42:34,668 [WARN] PackLoader:240 - Cannot read IP mode file for EmbeddedOffice.I-CUBE-FS-RTOS.1.0.1
2026-03-02 17:42:34,692 [WARN] PackLoader:240 - Cannot read IP mode file for STMicroelectronics.X-CUBE-WB05N.2.0.0
2026-03-02 17:42:34,706 [WARN] PackLoader:240 - Cannot read IP mode file for wolfSSL.I-CUBE-wolfTPM.3.8.0
2026-03-02 17:42:34,722 [WARN] PackLoader:240 - Cannot read IP mode file for STMicroelectronics.X-CUBE-TCPP.4.2.0
2026-03-02 17:42:34,752 [WARN] PackLoader:240 - Cannot read IP mode file for RealThread.X-CUBE-RT-Thread_Nano.4.1.1
2026-03-02 17:42:34,808 [WARN] PackLoader:240 - Cannot read IP mode file for STMicroelectronics.FP-ATR-SIGFOX1.3.2.0
2026-03-02 17:42:34,834 [WARN] PackLoader:240 - Cannot read IP mode file for STMicroelectronics.X-CUBE-EEPRMA1.5.1.0
2026-03-02 17:42:34,851 [WARN] PackLoader:240 - Cannot read IP mode file for wolfSSL.I-CUBE-wolfSSL.5.7.6
2026-03-02 17:42:34,870 [WARN] PackLoader:240 - Cannot read IP mode file for ITTIA_DB.I-CUBE-ITTIADB.8.9.0
2026-03-02 17:42:34,897 [WARN] PackLoader:240 - Cannot read IP mode file for STMicroelectronics.X-CUBE-NFC6.3.2.0
2026-03-02 17:42:34,920 [WARN] PackLoader:240 - Cannot read IP mode file for STMicroelectronics.X-CUBE-ST67W61.1.0.0
2026-03-02 17:42:34,930 [WARN] PackLoader:240 - Cannot read IP mode file for STMicroelectronics.X-CUBE-AI.10.2.0
2026-03-02 17:42:35,020 [WARN] PackLoader:240 - Cannot read IP mode file for SEGGER.I-CUBE-embOS.1.3.1
2026-03-02 17:42:35,128 [WARN] PackLoader:240 - Cannot read IP mode file for STMicroelectronics.X-CUBE-ALGOBUILD.1.4.0
2026-03-02 17:42:35,238 [WARN] PackLoader:240 - Cannot read IP mode file for STMicroelectronics.X-CUBE-MEMS1.11.3.0
2026-03-02 17:42:35,651 [WARN] PackLoader:240 - Cannot read IP mode file for STMicroelectronics.X-CUBE-PM33A1.1.0.0
2026-03-02 17:42:35,742 [WARN] PackLoader:240 - Cannot read IP mode file for STMicroelectronics.X-CUBE-AZRTOS-F4.1.1.0
2026-03-02 17:42:35,761 [WARN] PackLoader:240 - Cannot read IP mode file for Avnet-IotConnect.X-CUBE-IoTC-DA16k-PMOD.1.0.0
2026-03-02 17:42:35,774 [WARN] PackLoader:240 - Cannot read IP mode file for STMicroelectronics.X-CUBE-ISPU.2.1.0
2026-03-02 17:42:35,790 [ERROR] Engine:466 - C:\Users\lthst\.stm32cubemx\thirdparties\pdsc\STMicroelectronics.X-CUBE-IPS.3.2.0.pdsc: PDSC version is not supported
2026-03-02 17:42:35,805 [WARN] PackLoader:240 - Cannot read IP mode file for STMicroelectronics.X-CUBE-NFC12.1.0.0
2026-03-02 17:42:35,983 [WARN] PackLoader:240 - Cannot read IP mode file for STMicroelectronics.X-CUBE-AZRTOS-L5.2.0.0
2026-03-02 17:42:36,056 [WARN] PackLoader:240 - Cannot read IP mode file for STMicroelectronics.X-CUBE-NFC6.3.1.0
2026-03-02 17:42:36,079 [WARN] PackLoader:240 - Cannot read IP mode file for STMicroelectronics.X-CUBE-DPower.1.2.0
2026-03-02 17:42:36,097 [WARN] PackLoader:240 - Cannot read IP mode file for STMicroelectronics.X-CUBE-FREERTOS.1.3.1
2026-03-02 17:42:36,108 [WARN] PackLoader:240 - Cannot read IP mode file for STMicroelectronics.X-CUBE-FREERTOS.1.3.0
2026-03-02 17:42:36,125 [WARN] PackLoader:240 - Cannot read IP mode file for STMicroelectronics.X-CUBE-NFC7.1.0.1
2026-03-02 17:42:36,143 [WARN] PackLoader:240 - Cannot read IP mode file for STMicroelectronics.X-CUBE-TOUCHGFX.4.26.0
2026-03-02 17:42:36,164 [WARN] PackLoader:240 - Cannot read IP mode file for STMicroelectronics.FP-SNS-STAIOTCFT.1.0.0
2026-03-02 17:42:36,177 [WARN] PackLoader:240 - Cannot read IP mode file for STMicroelectronics.X-CUBE-DPower.1.3.0
2026-03-02 17:42:36,264 [WARN] ConditionMgr:438 - getConditionDescription Invalid condition id : LAN8742 Phy interface Condition cause : null
2026-03-02 17:42:36,266 [WARN] PackLoader:240 - Cannot read IP mode file for STMicroelectronics.X-CUBE-AZRTOS-L4.2.0.0
2026-03-02 17:42:36,273 [WARN] ConditionMgr:1044 - genDependencies : Invalid condition id : LAN8742 Phy interface Condition cause : null
2026-03-02 17:42:36,274 [WARN] ConditionMgr:1044 - genDependencies : Invalid condition id : LAN8742 Phy interface Condition cause : null
2026-03-02 17:42:36,275 [WARN] ConditionMgr:1044 - genDependencies : Invalid condition id : LAN8742 Phy interface Condition cause : null
2026-03-02 17:42:36,297 [WARN] PackLoader:240 - Cannot read IP mode file for STMicroelectronics.X-CUBE-SFXS2LP1.4.0.0
2026-03-02 17:42:36,315 [ERROR] Engine:466 - C:\Users\lthst\.stm32cubemx\thirdparties\pdsc\STMicroelectronics.X-CUBE-ST67W61.1.2.0.pdsc: PDSC version is not supported
2026-03-02 17:42:36,390 [WARN] PackLoader:240 - Cannot read IP mode file for STMicroelectronics.X-CUBE-AZRTOS-H7.3.3.0
2026-03-02 17:42:36,422 [WARN] PackLoader:240 - Cannot read IP mode file for STMicroelectronics.X-CUBE-BLEMGR.4.1.0
2026-03-02 17:42:36,475 [WARN] ConditionMgr:438 - getConditionDescription Invalid condition id : UX DEVICE CLASS RTOS Condition cause : null
2026-03-02 17:42:36,476 [WARN] ConditionMgr:438 - getConditionDescription Invalid condition id : UX DEVICE CLASS RTOS Condition cause : null
2026-03-02 17:42:36,481 [WARN] PackLoader:240 - Cannot read IP mode file for STMicroelectronics.X-CUBE-AZRTOS-WB.2.0.0
2026-03-02 17:42:36,482 [WARN] ConditionMgr:1044 - genDependencies : Invalid condition id : UX DEVICE CLASS RTOS Condition cause : null
2026-03-02 17:42:36,482 [WARN] ConditionMgr:1044 - genDependencies : Invalid condition id : UX DEVICE CLASS RTOS Condition cause : null
2026-03-02 17:42:36,483 [WARN] ConditionMgr:1044 - genDependencies : Invalid condition id : UX DEVICE CLASS RTOS Condition cause : null
2026-03-02 17:42:36,484 [WARN] ConditionMgr:1044 - genDependencies : Invalid condition id : UX DEVICE CLASS RTOS Condition cause : null
2026-03-02 17:42:36,484 [WARN] ConditionMgr:1044 - genDependencies : Invalid condition id : UX DEVICE CLASS RTOS Condition cause : null
2026-03-02 17:42:36,501 [WARN] PackLoader:240 - Cannot read IP mode file for STMicroelectronics.X-CUBE-GNSS1.7.0.1
2026-03-02 17:42:36,527 [WARN] PackLoader:240 - Cannot read IP mode file for STMicroelectronics.X-CUBE-TOUCHGFX.4.25.0
2026-03-02 17:42:36,552 [WARN] PackLoader:240 - Cannot read IP mode file for STMicroelectronics.FP-SNS-STBOX1.2.0.0
2026-03-02 17:42:36,582 [WARN] PackLoader:240 - Cannot read IP mode file for STMicroelectronics.X-CUBE-STSE01.2.0.0
2026-03-02 17:42:36,629 [WARN] PackLoader:240 - Cannot read IP mode file for STMicroelectronics.X-CUBE-SUBG2.5.0.0
2026-03-02 17:42:36,733 [WARN] PackLoader:240 - Cannot read IP mode file for STMicroelectronics.X-CUBE-AZRTOS-H7RS.1.1.0
2026-03-02 17:42:36,765 [WARN] PackLoader:240 - Cannot read IP mode file for Cesanta.I-CUBE-Mongoose.7.13.0
2026-03-02 17:42:36,841 [WARN] PackLoader:240 - Cannot read IP mode file for STMicroelectronics.X-CUBE-AZRTOS-G4.2.0.0
2026-03-02 17:42:36,890 [WARN] PackLoader:240 - Cannot read IP mode file for wolfSSL.I-CUBE-wolfSSH.1.4.20
2026-03-02 17:42:36,907 [WARN] PackLoader:240 - Cannot read IP mode file for STMicroelectronics.X-CUBE-NFC7.2.0.0
2026-03-02 17:42:36,940 [WARN] PackLoader:240 - Cannot read IP mode file for STMicroelectronics.X-CUBE-IPS.3.1.0
2026-03-02 17:42:36,974 [WARN] PackLoader:240 - Cannot read IP mode file for STMicroelectronics.X-CUBE-ALS.1.0.2
2026-03-02 17:42:36,992 [WARN] PackLoader:240 - Cannot read IP mode file for STMicroelectronics.X-CUBE-STSE01.1.0.0
2026-03-02 17:42:37,015 [WARN] PackLoader:240 - Cannot read IP mode file for portGmbH.I-Cube-SoM-uGOAL.1.1.0
2026-03-02 17:42:37,051 [WARN] PackLoader:240 - Cannot read IP mode file for STMicroelectronics.X-CUBE-TOF1.3.4.2
2026-03-02 17:42:37,103 [WARN] PackLoader:240 - Cannot read IP mode file for STMicroelectronics.X-CUBE-TOF1.3.4.3
2026-03-02 17:42:37,134 [INFO] ThirdParty:978 - Integrity check success = true
2026-03-02 17:42:37,134 [INFO] IntegrityCheckThread:100 - exiting critical section [integrity check]
2026-03-02 17:42:37,134 [INFO] IntegrityCheckThread:103 - End integrity checks thread
2026-03-02 17:43:13,557 [ERROR] ConfigurationRetriever:142 - IOException on connection: sw-center.st.com
2026-03-02 17:43:13,557 [ERROR] ConfigurationRetriever:142 - IOException on connection: sw-center.st.com
2026-03-02 17:43:13,558 [ERROR] ConfigurationRetriever:142 - IOException on connection: sw-center.st.com
2026-03-02 17:43:45,363 [INFO] Activator:176 - 


2026-03-02 17:43:45,368 [INFO] Activator:177 - !SESSION log4j initialized
2026-03-02 17:43:53,226 [INFO] LogOutputStream:77 - [STDOUT_REDIRECT] 
2026-03-02 17:43:54,022 [ERROR] ConfigurationRetriever:142 - IOException on connection: sw-center.st.com
2026-03-02 17:43:54,024 [ERROR] ConfigurationRetriever:142 - IOException on connection: sw-center.st.com
2026-03-02 17:43:54,025 [ERROR] ConfigurationRetriever:142 - IOException on connection: sw-center.st.com
2026-03-02 17:43:56,723 [INFO] ApplicationProperties:184 - Using Application install path: C:\ST\STM32CubeIDE_1.18.0\STM32CubeIDE\plugins\com.st.stm32cube.common.mx_6.14.0.202502271554
2026-03-02 17:43:56,749 [INFO] DbMcusXml:78 - Set database path to: C:\ST\STM32CubeIDE_1.18.0\STM32CubeIDE\plugins\com.st.stm32cube.common.mx_6.14.0.202502271554\\db\/mcu/
2026-03-02 17:43:56,749 [INFO] ApiDb:274 - Set plugin database path to: C:\ST\STM32CubeIDE_1.18.0\STM32CubeIDE\plugins\com.st.stm32cube.common.mx_6.14.0.202502271554\\db\/plugins/boardmanager/
2026-03-02 17:43:56,749 [WARN] ApiDb:259 - Overriding images path with different value:  => C:\ST\STM32CubeIDE_1.18.0\STM32CubeIDE\plugins\com.st.stm32cube.common.mx_6.14.0.202502271554\\db\/plugins/mcufinder/images/
2026-03-02 17:43:56,757 [INFO] ApiDb:250 - Set database path to: C:\Users\lthst\.stmcufinder\plugins\mcufinder//mcu/
2026-03-02 17:43:56,759 [INFO] DbMcusAds:125 - Set database path to: C:\Users\lthst\.stmcufinder\plugins\mcufinder//mcu/
2026-03-02 17:43:56,762 [INFO] CrossReferenceDbSqlite:203 - Set database path to: C:\Users\lthst\.stmcufinder\plugins\mcufinder//mcu/cs/
2026-03-02 17:43:56,942 [INFO] RulesReader:64 - Compatibility file has been processed (301 Rules)
2026-03-02 17:43:57,070 [INFO] DbMcusXml:78 - Set database path to: C:\ST\STM32CubeIDE_1.18.0\STM32CubeIDE\plugins\com.st.stm32cube.common.mx_6.14.0.202502271554\\db\/mcu/
2026-03-02 17:43:57,070 [INFO] ApiDb:274 - Set plugin database path to: C:\ST\STM32CubeIDE_1.18.0\STM32CubeIDE\plugins\com.st.stm32cube.common.mx_6.14.0.202502271554\\db\/plugins/boardmanager/
2026-03-02 17:43:57,070 [INFO] ApiDb:261 - Set plugin images path to: C:\ST\STM32CubeIDE_1.18.0\STM32CubeIDE\plugins\com.st.stm32cube.common.mx_6.14.0.202502271554\\db\/plugins/mcufinder/images/
2026-03-02 17:43:57,071 [WARN] DbFile:41 - Overriding database path with different value: C:\Users\lthst\.stmcufinder\plugins\mcufinder/ => C:\Users\lthst\.stmcufinder\plugins\mcufinder
2026-03-02 17:43:57,071 [INFO] ApiDb:250 - Set database path to: C:\Users\lthst\.stmcufinder\plugins\mcufinder//mcu/
2026-03-02 17:43:57,071 [WARN] DbFile:41 - Overriding database path with different value: C:\Users\lthst\.stmcufinder\plugins\mcufinder/ => C:\Users\lthst\.stmcufinder\plugins\mcufinder
2026-03-02 17:43:57,071 [INFO] DbMcusAds:125 - Set database path to: C:\Users\lthst\.stmcufinder\plugins\mcufinder//mcu/
2026-03-02 17:43:57,071 [WARN] DbFile:41 - Overriding database path with different value: C:\Users\lthst\.stmcufinder\plugins\mcufinder/ => C:\Users\lthst\.stmcufinder\plugins\mcufinder
2026-03-02 17:43:57,071 [WARN] DbFile:41 - Overriding database path with different value: C:\Users\lthst\.stmcufinder\plugins\mcufinder/ => C:\Users\lthst\.stmcufinder\plugins\mcufinder
2026-03-02 17:43:57,072 [INFO] CrossReferenceDbSqlite:203 - Set database path to: C:\Users\lthst\.stmcufinder\plugins\mcufinder//mcu/cs/
2026-03-02 17:43:57,196 [INFO] MainPanel:272 - HeapMemory: 268435456
2026-03-02 17:43:57,334 [INFO] DbMcusXml:78 - Set database path to: C:\ST\STM32CubeIDE_1.18.0\STM32CubeIDE\plugins\com.st.stm32cube.common.mx_6.14.0.202502271554\\db\/mcu/
2026-03-02 17:43:57,335 [INFO] ApiDb:274 - Set plugin database path to: C:\ST\STM32CubeIDE_1.18.0\STM32CubeIDE\plugins\com.st.stm32cube.common.mx_6.14.0.202502271554\\db\/plugins/boardmanager/
2026-03-02 17:43:57,335 [INFO] ApiDb:261 - Set plugin images path to: C:\ST\STM32CubeIDE_1.18.0\STM32CubeIDE\plugins\com.st.stm32cube.common.mx_6.14.0.202502271554\\db\/plugins/mcufinder/images/
2026-03-02 17:43:57,335 [WARN] DbFile:41 - Overriding database path with different value: C:\Users\lthst\.stmcufinder\plugins\mcufinder/ => C:\Users\lthst\.stmcufinder\plugins\mcufinder
2026-03-02 17:43:57,336 [INFO] ApiDb:250 - Set database path to: C:\Users\lthst\.stmcufinder\plugins\mcufinder//mcu/
2026-03-02 17:43:57,336 [WARN] DbFile:41 - Overriding database path with different value: C:\Users\lthst\.stmcufinder\plugins\mcufinder/ => C:\Users\lthst\.stmcufinder\plugins\mcufinder
2026-03-02 17:43:57,336 [INFO] DbMcusAds:125 - Set database path to: C:\Users\lthst\.stmcufinder\plugins\mcufinder//mcu/
2026-03-02 17:43:57,336 [WARN] DbFile:41 - Overriding database path with different value: C:\Users\lthst\.stmcufinder\plugins\mcufinder/ => C:\Users\lthst\.stmcufinder\plugins\mcufinder
2026-03-02 17:43:57,336 [WARN] DbFile:41 - Overriding database path with different value: C:\Users\lthst\.stmcufinder\plugins\mcufinder/ => C:\Users\lthst\.stmcufinder\plugins\mcufinder
2026-03-02 17:43:57,336 [INFO] CrossReferenceDbSqlite:203 - Set database path to: C:\Users\lthst\.stmcufinder\plugins\mcufinder//mcu/cs/
2026-03-02 17:43:57,365 [INFO] ApplicationProperties:184 - Using Application install path: C:\ST\STM32CubeIDE_1.18.0\STM32CubeIDE\plugins\com.st.stm32cube.common.mx_6.14.0.202502271554
2026-03-02 17:43:57,367 [INFO] PluginManage:196 - Search for loadable plugins [exclusion list=, ]
2026-03-02 17:43:57,369 [INFO] PluginManage:310 - Check plugin analytics
2026-03-02 17:43:57,706 [INFO] AnalyticsPlugin:253 - Accepted Software Licenses: 
2026-03-02 17:43:57,706 [INFO] AnalyticsPlugin:255 - Accepted CMSIS Pack Licenses: 
2026-03-02 17:43:57,706 [INFO] AnalyticsPlugin:257 - Accepted Firmware Licenses: FW.F4.1.28.0
2026-03-02 17:43:57,712 [INFO] PluginManage:359 - Loaded plugin analytics (category:tool,tabindex:-1)
2026-03-02 17:43:57,712 [INFO] PluginManage:310 - Check plugin cadmodel
2026-03-02 17:43:57,712 [ERROR] ConfigurationRetriever:142 - IOException on connection: sw-center.st.com
2026-03-02 17:43:57,714 [ERROR] ConfigurationRetriever:142 - IOException on connection: sw-center.st.com
2026-03-02 17:43:57,715 [ERROR] ConfigurationRetriever:142 - IOException on connection: sw-center.st.com
2026-03-02 17:43:57,720 [INFO] CADModel:105 - Init CAD model plugin
2026-03-02 17:43:57,720 [INFO] PluginManage:359 - Loaded plugin cadmodel (category:power,tabindex:5)
2026-03-02 17:43:57,721 [INFO] PluginManage:310 - Check plugin clock
2026-03-02 17:43:57,736 [INFO] PluginManage:359 - Loaded plugin clock (category:base,tabindex:2)
2026-03-02 17:43:57,736 [INFO] PluginManage:310 - Check plugin ddr
2026-03-02 17:43:57,740 [INFO] PluginManage:359 - Loaded plugin ddr (category:tool,tabindex:6)
2026-03-02 17:43:57,741 [INFO] PluginManage:310 - Check plugin filemanager
2026-03-02 17:43:58,006 [INFO] PluginManage:359 - Loaded plugin filemanager (category:base,tabindex:10)
2026-03-02 17:43:58,007 [INFO] PluginManage:310 - Check plugin ipmanager
2026-03-02 17:43:58,018 [INFO] PluginManage:359 - Loaded plugin ipmanager (category:base,tabindex:5)
2026-03-02 17:43:58,018 [INFO] PluginManage:310 - Check plugin lpbam
2026-03-02 17:43:58,031 [INFO] PluginManage:359 - Loaded plugin lpbam (category:base,tabindex:0)
2026-03-02 17:43:58,032 [INFO] PluginManage:310 - Check plugin memorymap
2026-03-02 17:43:58,050 [INFO] PluginManage:359 - Loaded plugin memorymap (category:base,tabindex:4)
2026-03-02 17:43:58,051 [INFO] PluginManage:310 - Check plugin pinoutandconfiguration
2026-03-02 17:43:58,064 [INFO] PluginManage:359 - Loaded plugin pinoutandconfiguration (category:base,tabindex:1)
2026-03-02 17:43:58,064 [INFO] PluginManage:310 - Check plugin pinoutconfig
2026-03-02 17:43:58,218 [WARN] SupportedApi:132 - Cannot load RTOS API schema: s4s-elt-must-match.1: The content of 'definitions' must match (annotation?, (simpleType | complexType)?, (unique | key | keyref)*)). A problem was found starting at: attribute.
2026-03-02 17:43:58,411 [INFO] PluginManage:359 - Loaded plugin pinoutconfig (category:base,tabindex:0)
2026-03-02 17:43:58,411 [INFO] PluginManage:310 - Check plugin power
2026-03-02 17:43:58,424 [INFO] PluginManage:359 - Loaded plugin power (category:power,tabindex:4)
2026-03-02 17:43:58,424 [INFO] PluginManage:310 - Check plugin projectmanager
2026-03-02 17:43:58,447 [INFO] PluginManage:359 - Loaded plugin projectmanager (category:projectmanager,tabindex:4)
2026-03-02 17:43:58,447 [INFO] PluginManage:310 - Check plugin rif
2026-03-02 17:43:58,457 [INFO] PluginManage:359 - Loaded plugin rif (category:base,tabindex:3)
2026-03-02 17:43:58,459 [INFO] PluginManage:310 - Check plugin thirdparty
2026-03-02 17:43:58,658 [INFO] PluginManage:359 - Loaded plugin thirdparty (category:base,tabindex:-1)
2026-03-02 17:43:58,657 [WARN] IntegrityCheckThread:84 - waiting for thirdparty lock release [integrity check]
2026-03-02 17:43:58,658 [INFO] PluginManage:310 - Check plugin tools
2026-03-02 17:43:58,658 [INFO] IntegrityCheckThread:86 - entering critical section [integrity check]
2026-03-02 17:43:58,658 [INFO] ThirdPartyUpdaterWithRetryManager:70 - Updater plugin not ready yet. [1/15]
2026-03-02 17:43:58,661 [INFO] PluginManage:359 - Loaded plugin tools (category:base,tabindex:7)
2026-03-02 17:43:58,661 [INFO] PluginManage:310 - Check plugin tutovideos
2026-03-02 17:43:58,945 [INFO] PluginManage:359 - Loaded plugin tutovideos (category:base,tabindex:-1)
2026-03-02 17:43:58,945 [INFO] PluginManage:310 - Check plugin updater
2026-03-02 17:43:58,979 [INFO] PluginManage:359 - Loaded plugin updater (category:base,tabindex:12)
2026-03-02 17:43:58,980 [INFO] PluginManage:310 - Check plugin userauth
2026-03-02 17:43:58,987 [INFO] UserAuth:118 - Init User Auth plugin
2026-03-02 17:43:58,989 [INFO] PluginManage:359 - Loaded plugin userauth (category:base,tabindex:14)
2026-03-02 17:43:58,990 [INFO] PluginManage:283 - PluginManage : Loaded plugins [18]
2026-03-02 17:43:59,296 [INFO] PinOutPanel:1589 - setPackage(No Configuration,No Configuration)
2026-03-02 17:43:59,411 [INFO] CADModel:165 - CPN selected for project level
2026-03-02 17:43:59,411 [INFO] CADModel:114 - Register for checkConnection events
2026-03-02 17:43:59,434 [INFO] IPUIPlugin:80 - create IPUIPlugin
2026-03-02 17:43:59,434 [INFO] PluginManager:220 - loadIPPluginJar : add adc
2026-03-02 17:43:59,438 [INFO] IPUIPlugin:80 - create IPUIPlugin
2026-03-02 17:43:59,438 [INFO] PluginManager:220 - loadIPPluginJar : add aes
2026-03-02 17:43:59,441 [INFO] IPUIPlugin:80 - create IPUIPlugin
2026-03-02 17:43:59,441 [INFO] PluginManager:220 - loadIPPluginJar : add can
2026-03-02 17:43:59,444 [INFO] IPUIPlugin:80 - create IPUIPlugin
2026-03-02 17:43:59,444 [INFO] PluginManager:220 - loadIPPluginJar : add comp
2026-03-02 17:43:59,447 [INFO] IPUIPlugin:80 - create IPUIPlugin
2026-03-02 17:43:59,447 [INFO] PluginManager:220 - loadIPPluginJar : add cryp
2026-03-02 17:43:59,450 [INFO] IPUIPlugin:80 - create IPUIPlugin
2026-03-02 17:43:59,450 [INFO] PluginManager:220 - loadIPPluginJar : add ddr_ctrl_phy
2026-03-02 17:43:59,453 [INFO] IPUIPlugin:80 - create IPUIPlugin
2026-03-02 17:43:59,453 [INFO] PluginManager:220 - loadIPPluginJar : add dfsdm
2026-03-02 17:43:59,460 [INFO] IPUIPlugin:80 - create IPUIPlugin
2026-03-02 17:43:59,461 [INFO] PluginManager:220 - loadIPPluginJar : add dma
2026-03-02 17:43:59,464 [INFO] IPUIPlugin:80 - create IPUIPlugin
2026-03-02 17:43:59,464 [INFO] PluginManager:220 - loadIPPluginJar : add dma3
2026-03-02 17:43:59,467 [INFO] IPUIPlugin:80 - create IPUIPlugin
2026-03-02 17:43:59,467 [INFO] PluginManager:220 - loadIPPluginJar : add extmemmanager
2026-03-02 17:43:59,469 [INFO] IPUIPlugin:80 - create IPUIPlugin
2026-03-02 17:43:59,469 [INFO] PluginManager:220 - loadIPPluginJar : add fatfs
2026-03-02 17:43:59,474 [INFO] IPUIPlugin:80 - create IPUIPlugin
2026-03-02 17:43:59,475 [INFO] PluginManager:220 - loadIPPluginJar : add fmc
2026-03-02 17:43:59,481 [INFO] IPUIPlugin:80 - create IPUIPlugin
2026-03-02 17:43:59,481 [INFO] PluginManager:220 - loadIPPluginJar : add freertos
2026-03-02 17:43:59,483 [INFO] IPUIPlugin:80 - create IPUIPlugin
2026-03-02 17:43:59,483 [INFO] PluginManager:220 - loadIPPluginJar : add genericplugin
2026-03-02 17:43:59,486 [INFO] IPUIPlugin:80 - create IPUIPlugin
2026-03-02 17:43:59,486 [INFO] PluginManager:220 - loadIPPluginJar : add gfxmmu
2026-03-02 17:43:59,491 [INFO] IPUIPlugin:80 - create IPUIPlugin
2026-03-02 17:43:59,492 [INFO] PluginManager:220 - loadIPPluginJar : add gic
2026-03-02 17:43:59,499 [INFO] IPUIPlugin:80 - create IPUIPlugin
2026-03-02 17:43:59,499 [INFO] PluginManager:220 - loadIPPluginJar : add gpio
2026-03-02 17:43:59,504 [INFO] IPUIPlugin:80 - create IPUIPlugin
2026-03-02 17:43:59,504 [INFO] PluginManager:220 - loadIPPluginJar : add gtzc
2026-03-02 17:43:59,507 [INFO] IPUIPlugin:80 - create IPUIPlugin
2026-03-02 17:43:59,507 [INFO] PluginManager:220 - loadIPPluginJar : add hash
2026-03-02 17:43:59,510 [INFO] IPUIPlugin:80 - create IPUIPlugin
2026-03-02 17:43:59,510 [INFO] PluginManager:220 - loadIPPluginJar : add i2c
2026-03-02 17:43:59,513 [INFO] IPUIPlugin:80 - create IPUIPlugin
2026-03-02 17:43:59,513 [INFO] PluginManager:220 - loadIPPluginJar : add i2s
2026-03-02 17:43:59,516 [INFO] IPUIPlugin:80 - create IPUIPlugin
2026-03-02 17:43:59,516 [INFO] PluginManager:220 - loadIPPluginJar : add i3c
2026-03-02 17:43:59,521 [INFO] IPUIPlugin:80 - create IPUIPlugin
2026-03-02 17:43:59,521 [INFO] PluginManager:220 - loadIPPluginJar : add ipddr
2026-03-02 17:43:59,529 [INFO] IPUIPlugin:80 - create IPUIPlugin
2026-03-02 17:43:59,530 [INFO] PluginManager:220 - loadIPPluginJar : add linkedlist
2026-03-02 17:43:59,532 [INFO] IPUIPlugin:80 - create IPUIPlugin
2026-03-02 17:43:59,533 [INFO] PluginManager:220 - loadIPPluginJar : add lorawan
2026-03-02 17:43:59,534 [INFO] IPUIPlugin:80 - create IPUIPlugin
2026-03-02 17:43:59,534 [INFO] PluginManager:220 - loadIPPluginJar : add ltdc
2026-03-02 17:43:59,542 [INFO] IPUIPlugin:80 - create IPUIPlugin
2026-03-02 17:43:59,542 [INFO] PluginManager:220 - loadIPPluginJar : add mdma
2026-03-02 17:43:59,545 [INFO] IPUIPlugin:80 - create IPUIPlugin
2026-03-02 17:43:59,546 [INFO] PluginManager:220 - loadIPPluginJar : add nvic
2026-03-02 17:43:59,549 [INFO] IPUIPlugin:80 - create IPUIPlugin
2026-03-02 17:43:59,549 [INFO] PluginManager:220 - loadIPPluginJar : add opamp
2026-03-02 17:43:59,552 [INFO] IPUIPlugin:80 - create IPUIPlugin
2026-03-02 17:43:59,553 [INFO] PluginManager:220 - loadIPPluginJar : add openamp
2026-03-02 17:43:59,556 [INFO] IPUIPlugin:80 - create IPUIPlugin
2026-03-02 17:43:59,557 [INFO] PluginManager:220 - loadIPPluginJar : add pdm2pcm
2026-03-02 17:43:59,565 [INFO] IPUIPlugin:80 - create IPUIPlugin
2026-03-02 17:43:59,568 [INFO] PluginManager:220 - loadIPPluginJar : add plateformsettings
2026-03-02 17:43:59,570 [INFO] IPUIPlugin:80 - create IPUIPlugin
2026-03-02 17:43:59,570 [INFO] PluginManager:220 - loadIPPluginJar : add quadspi
2026-03-02 17:43:59,572 [INFO] IPUIPlugin:80 - create IPUIPlugin
2026-03-02 17:43:59,573 [INFO] PluginManager:220 - loadIPPluginJar : add radio
2026-03-02 17:43:59,577 [INFO] IPUIPlugin:80 - create IPUIPlugin
2026-03-02 17:43:59,577 [INFO] PluginManager:220 - loadIPPluginJar : add resmgrutility
2026-03-02 17:43:59,580 [INFO] IPUIPlugin:80 - create IPUIPlugin
2026-03-02 17:43:59,580 [INFO] PluginManager:220 - loadIPPluginJar : add sai
2026-03-02 17:43:59,583 [INFO] IPUIPlugin:80 - create IPUIPlugin
2026-03-02 17:43:59,583 [INFO] PluginManager:220 - loadIPPluginJar : add spi
2026-03-02 17:43:59,591 [INFO] IPUIPlugin:80 - create IPUIPlugin
2026-03-02 17:43:59,591 [INFO] PluginManager:220 - loadIPPluginJar : add stm32_wpan
2026-03-02 17:43:59,594 [INFO] IPUIPlugin:80 - create IPUIPlugin
2026-03-02 17:43:59,594 [INFO] PluginManager:220 - loadIPPluginJar : add tim
2026-03-02 17:43:59,597 [INFO] IPUIPlugin:80 - create IPUIPlugin
2026-03-02 17:43:59,597 [INFO] PluginManager:220 - loadIPPluginJar : add touchsensing
2026-03-02 17:43:59,600 [INFO] IPUIPlugin:80 - create IPUIPlugin
2026-03-02 17:43:59,601 [INFO] PluginManager:220 - loadIPPluginJar : add tracer_emb
2026-03-02 17:43:59,603 [INFO] IPUIPlugin:80 - create IPUIPlugin
2026-03-02 17:43:59,604 [INFO] PluginManager:220 - loadIPPluginJar : add ts
2026-03-02 17:43:59,605 [INFO] IPUIPlugin:80 - create IPUIPlugin
2026-03-02 17:43:59,606 [INFO] PluginManager:220 - loadIPPluginJar : add tsc
2026-03-02 17:43:59,608 [INFO] IPUIPlugin:80 - create IPUIPlugin
2026-03-02 17:43:59,608 [INFO] PluginManager:220 - loadIPPluginJar : add ucpd
2026-03-02 17:43:59,611 [INFO] IPUIPlugin:80 - create IPUIPlugin
2026-03-02 17:43:59,611 [INFO] PluginManager:220 - loadIPPluginJar : add usart
2026-03-02 17:43:59,616 [INFO] IPUIPlugin:80 - create IPUIPlugin
2026-03-02 17:43:59,616 [INFO] PluginManager:220 - loadIPPluginJar : add usbx
2026-03-02 17:43:59,760 [FATAL] Updater:351 - Updater called before beeing initialized
2026-03-02 17:43:59,804 [INFO] RulesReader:64 - Compatibility file has been processed (301 Rules)
2026-03-02 17:43:59,823 [INFO] RulesReader:64 - Compatibility file has been processed (301 Rules)
2026-03-02 17:43:59,834 [INFO] CADModel:165 - CPN selected for project level
2026-03-02 17:43:59,834 [INFO] CADModel:114 - Register for checkConnection events
2026-03-02 17:43:59,834 [FATAL] Updater:351 - Updater called before beeing initialized
2026-03-02 17:43:59,834 [ERROR] CADModel:125 - Updater not yet initialized, retry later 
2026-03-02 17:44:00,020 [FATAL] Updater:351 - Updater called before beeing initialized
2026-03-02 17:44:00,023 [INFO] CADModel:165 - CPN selected for project level
2026-03-02 17:44:00,023 [INFO] CADModel:114 - Register for checkConnection events
2026-03-02 17:44:00,024 [FATAL] Updater:351 - Updater called before beeing initialized
2026-03-02 17:44:00,024 [ERROR] CADModel:125 - Updater not yet initialized, retry later 
2026-03-02 17:44:00,028 [FATAL] Updater:351 - Updater called before beeing initialized
2026-03-02 17:44:00,260 [FATAL] Updater:351 - Updater called before beeing initialized
2026-03-02 17:44:00,270 [INFO] DbMcusAds:53 - JSON generation date=Wed Feb 18 23:32:49 KST 2026 (1771425169665)
2026-03-02 17:44:00,271 [FATAL] Updater:351 - Updater called before beeing initialized
2026-03-02 17:44:00,335 [WARN] DetailPanel:346 - Failed to get advertising image, set to default
2026-03-02 17:44:00,789 [FATAL] Updater:351 - Updater called before beeing initialized
2026-03-02 17:44:00,791 [FATAL] Updater:351 - Updater called before beeing initialized
2026-03-02 17:44:00,792 [FATAL] Updater:351 - Updater called before beeing initialized
2026-03-02 17:44:00,792 [WARN] DetailPanel:346 - Failed to get advertising image, set to default
2026-03-02 17:44:00,793 [FATAL] Updater:351 - Updater called before beeing initialized
2026-03-02 17:44:00,865 [ERROR] Updater:1198 - MainUpdater not yet initialized. External WinMGr cannot be set.
2026-03-02 17:44:00,867 [INFO] Updater:1134 - Updater Version found : 6.14.0
2026-03-02 17:44:00,890 [INFO] ApplicationProperties:184 - Using Application install path: C:\ST\STM32CubeIDE_1.18.0\STM32CubeIDE\plugins\com.st.stm32cube.common.mx_6.14.0.202502271554
2026-03-02 17:44:01,192 [INFO] MainUpdater:2872 - connection check result : 22
2026-03-02 17:44:01,192 [INFO] MainUpdater:289 - Updater Check For Update Now.
2026-03-02 17:44:01,193 [INFO] MicroXplorer:498 - Change Database Version : DB.6.0.140
2026-03-02 17:44:01,201 [INFO] McuFinderGlobals:63 - Set McuFinder mode to 2 (CubeIDE integrated)
2026-03-02 17:44:01,202 [INFO] UserAuth:486 - Internet connection configuration mode: 2
2026-03-02 17:44:01,209 [INFO] UserAuth:486 - Internet connection configuration mode: 2
2026-03-02 17:44:01,475 [INFO] CheckServerUpdateThread:120 - End of CheckServer Thread
2026-03-02 17:44:02,175 [WARN] PackLoader:240 - Cannot read IP mode file for STMicroelectronics.FP-SNS-MOTENVWB1.1.4.0
2026-03-02 17:44:02,191 [WARN] PackLoader:240 - Cannot read IP mode file for STMicroelectronics.FP-ATR-ASTRA1.2.0.2
2026-03-02 17:44:02,208 [WARN] PackLoader:240 - Cannot read IP mode file for STMicroelectronics.X-CUBE-SMBUS.2.1.0
2026-03-02 17:44:02,224 [WARN] PackLoader:240 - Cannot read IP mode file for STMicroelectronics.X-CUBE-WB05N.1.1.0
2026-03-02 17:44:02,237 [WARN] PackLoader:240 - Cannot read IP mode file for STMicroelectronics.X-CUBE-ST60.1.0.0
2026-03-02 17:44:02,292 [WARN] PackLoader:240 - Cannot read IP mode file for STMicroelectronics.X-CUBE-AZRTOS-F7.1.1.0
2026-03-02 17:44:02,307 [ERROR] Engine:466 - C:\Users\lthst\.stm32cubemx\thirdparties\pdsc\STMicroelectronics.FP-SNS-MOTENV1.5.1.0.pdsc: PDSC version is not supported
2026-03-02 17:44:02,353 [WARN] PackLoader:240 - Cannot read IP mode file for Infineon.AIROC-Wi-Fi-Bluetooth-STM32.1.7.0
2026-03-02 17:44:02,413 [WARN] PackLoader:240 - Cannot read IP mode file for STMicroelectronics.X-CUBE-AZRTOS-H7.3.4.0
2026-03-02 17:44:02,431 [WARN] PackLoader:240 - Cannot read IP mode file for STMicroelectronics.X-CUBE-DISPLAY.3.0.0
2026-03-02 17:44:02,445 [ERROR] Engine:466 - C:\Users\lthst\.stm32cubemx\thirdparties\pdsc\STMicroelectronics.FP-SNS-MOTENVWB1.1.5.0.pdsc: PDSC version is not supported
2026-03-02 17:44:02,456 [WARN] PackLoader:240 - Cannot read IP mode file for STMicroelectronics.X-CUBE-NFC10.1.0.0
2026-03-02 17:44:02,501 [WARN] PackLoader:240 - Cannot read IP mode file for STMicroelectronics.X-CUBE-BLEMGR.4.0.0
2026-03-02 17:44:02,519 [WARN] PackLoader:240 - Cannot read IP mode file for STMicroelectronics.X-CUBE-ST60.1.1.0
2026-03-02 17:44:02,537 [WARN] PackLoader:240 - Cannot read IP mode file for emotas.I-CUBE-CANOPEN.1.3.0
2026-03-02 17:44:02,552 [WARN] PackLoader:240 - Cannot read IP mode file for STMicroelectronics.X-CUBE-GNSS1.7.1.0
2026-03-02 17:44:02,566 [WARN] ConditionMgr:438 - getConditionDescription Invalid condition id : Cortex-A Device cause : null
2026-03-02 17:44:02,594 [WARN] ConditionMgr:1044 - genDependencies : Invalid condition id : Cortex-A Device cause : null
2026-03-02 17:44:02,594 [WARN] ConditionMgr:1044 - genDependencies : Invalid condition id : Cortex-A Device cause : null
2026-03-02 17:44:02,594 [WARN] ConditionMgr:1044 - genDependencies : Invalid condition id : Cortex-A Device cause : null
2026-03-02 17:44:02,605 [WARN] PackLoader:240 - Cannot read IP mode file for STMicroelectronics.X-CUBE-AI.10.0.0
2026-03-02 17:44:02,615 [ERROR] Engine:466 - C:\Users\lthst\.stm32cubemx\thirdparties\pdsc\STMicroelectronics.FP-SNS-STBOX1.2.1.0.pdsc: PDSC version is not supported
2026-03-02 17:44:02,625 [WARN] PackLoader:240 - Cannot read IP mode file for STMicroelectronics.FP-SNS-SMARTAG2.1.2.0
2026-03-02 17:44:02,635 [WARN] PackLoader:240 - Cannot read IP mode file for STMicroelectronics.FP-SNS-FLIGHT1.5.1.0
2026-03-02 17:44:02,821 [WARN] PackLoader:240 - Cannot read IP mode file for STMicroelectronics.X-CUBE-MEMS1.11.1.0
2026-03-02 17:44:03,125 [INFO] LogOutputStream:77 - [STDOUT_REDIRECT] 1 : Invalid condition id : UX_CORESTACK_Condition cause : null
2026-03-02 17:44:03,126 [INFO] LogOutputStream:77 - [STDOUT_REDIRECT] 1 : Invalid condition id : UX_CORESTACK_Condition cause : null
2026-03-02 17:44:03,128 [INFO] LogOutputStream:77 - [STDOUT_REDIRECT] 1 : Invalid condition id : UX_CORESTACK_Condition cause : null
2026-03-02 17:44:03,129 [INFO] LogOutputStream:77 - [STDOUT_REDIRECT] 1 : Invalid condition id : UX_CORESTACK_Condition cause : null
2026-03-02 17:44:03,131 [INFO] LogOutputStream:77 - [STDOUT_REDIRECT] 1 : Invalid condition id : UX_CORESTACK_Condition cause : null
2026-03-02 17:44:03,135 [WARN] PackLoader:240 - Cannot read IP mode file for STMicroelectronics.X-CUBE-AZRTOS-WL.2.0.0
2026-03-02 17:44:03,146 [WARN] PackLoader:240 - Cannot read IP mode file for STMicroelectronics.FP-SNS-MOTENV1.5.0.0
2026-03-02 17:44:03,178 [WARN] PackLoader:240 - Cannot read IP mode file for STMicroelectronics.X-CUBE-AZRTOS-H7RS.1.2.0
2026-03-02 17:44:03,197 [WARN] PackLoader:240 - Cannot read IP mode file for WES.I-CUBE-Cesium.1.3.0
2026-03-02 17:44:03,208 [WARN] PackLoader:240 - Cannot read IP mode file for STMicroelectronics.X-CUBE-BLE2.3.3.0
2026-03-02 17:44:03,265 [WARN] PackLoader:240 - Cannot read IP mode file for STMicroelectronics.X-CUBE-NFC9.1.0.0
2026-03-02 17:44:03,276 [WARN] PackLoader:240 - Cannot read IP mode file for STMicroelectronics.X-CUBE-BLE1.7.1.0
2026-03-02 17:44:03,283 [WARN] PackLoader:240 - Cannot read IP mode file for wolfSSL.I-CUBE-wolfMQTT.1.19.2
2026-03-02 17:44:03,287 [ERROR] Engine:466 - C:\Users\lthst\.stm32cubemx\thirdparties\pdsc\STMicroelectronics.X-CUBE-FREERTOS.1.4.0.pdsc: PDSC version is not supported
2026-03-02 17:44:03,297 [WARN] PackLoader:240 - Cannot read IP mode file for STMicroelectronics.X-CUBE-EEPRMA1.5.2.0
2026-03-02 17:44:03,306 [ERROR] Engine:466 - C:\Users\lthst\.stm32cubemx\thirdparties\pdsc\STMicroelectronics.X-CUBE-ST67W61.1.1.0.pdsc: PDSC version is not supported
2026-03-02 17:44:03,311 [WARN] PackLoader:240 - Cannot read IP mode file for STMicroelectronics.X-CUBE-AI.10.1.0
2026-03-02 17:44:03,393 [WARN] PackLoader:240 - Cannot read IP mode file for STMicroelectronics.X-CUBE-MEMS1.12.0.0
2026-03-02 17:44:03,534 [WARN] PackLoader:240 - Cannot read IP mode file for STMicroelectronics.X-CUBE-MEMS1.11.2.0
2026-03-02 17:44:03,773 [WARN] PackLoader:240 - Cannot read IP mode file for STMicroelectronics.X-CUBE-AZRTOS-G0.1.1.0
2026-03-02 17:44:03,823 [WARN] PackLoader:240 - Cannot read IP mode file for STMicroelectronics.X-CUBE-SAFEA1.1.2.2
2026-03-02 17:44:03,837 [WARN] PackLoader:240 - Cannot read IP mode file for STMicroelectronics.X-CUBE-NFC4.3.0.0
2026-03-02 17:44:03,857 [WARN] PackLoader:240 - Cannot read IP mode file for EmbeddedOffice.I-CUBE-FS-RTOS.1.0.1
2026-03-02 17:44:03,870 [WARN] PackLoader:240 - Cannot read IP mode file for STMicroelectronics.X-CUBE-WB05N.2.0.0
2026-03-02 17:44:03,883 [WARN] PackLoader:240 - Cannot read IP mode file for wolfSSL.I-CUBE-wolfTPM.3.8.0
2026-03-02 17:44:03,899 [WARN] PackLoader:240 - Cannot read IP mode file for STMicroelectronics.X-CUBE-TCPP.4.2.0
2026-03-02 17:44:03,920 [WARN] PackLoader:240 - Cannot read IP mode file for RealThread.X-CUBE-RT-Thread_Nano.4.1.1
2026-03-02 17:44:03,932 [WARN] PackLoader:240 - Cannot read IP mode file for STMicroelectronics.FP-ATR-SIGFOX1.3.2.0
2026-03-02 17:44:03,947 [WARN] PackLoader:240 - Cannot read IP mode file for STMicroelectronics.X-CUBE-EEPRMA1.5.1.0
2026-03-02 17:44:03,961 [WARN] PackLoader:240 - Cannot read IP mode file for wolfSSL.I-CUBE-wolfSSL.5.7.6
2026-03-02 17:44:03,987 [WARN] PackLoader:240 - Cannot read IP mode file for ITTIA_DB.I-CUBE-ITTIADB.8.9.0
2026-03-02 17:44:04,002 [WARN] PackLoader:240 - Cannot read IP mode file for STMicroelectronics.X-CUBE-NFC6.3.2.0
2026-03-02 17:44:04,019 [WARN] PackLoader:240 - Cannot read IP mode file for STMicroelectronics.X-CUBE-ST67W61.1.0.0
2026-03-02 17:44:04,028 [WARN] PackLoader:240 - Cannot read IP mode file for STMicroelectronics.X-CUBE-AI.10.2.0
2026-03-02 17:44:04,082 [WARN] PackLoader:240 - Cannot read IP mode file for SEGGER.I-CUBE-embOS.1.3.1
2026-03-02 17:44:04,174 [WARN] PackLoader:240 - Cannot read IP mode file for STMicroelectronics.X-CUBE-ALGOBUILD.1.4.0
2026-03-02 17:44:04,240 [WARN] PackLoader:240 - Cannot read IP mode file for STMicroelectronics.X-CUBE-MEMS1.11.3.0
2026-03-02 17:44:04,400 [WARN] PackLoader:240 - Cannot read IP mode file for STMicroelectronics.X-CUBE-PM33A1.1.0.0
2026-03-02 17:44:04,420 [WARN] PackLoader:240 - Cannot read IP mode file for STMicroelectronics.X-CUBE-AZRTOS-F4.1.1.0
2026-03-02 17:44:04,429 [WARN] PackLoader:240 - Cannot read IP mode file for Avnet-IotConnect.X-CUBE-IoTC-DA16k-PMOD.1.0.0
2026-03-02 17:44:04,435 [WARN] PackLoader:240 - Cannot read IP mode file for STMicroelectronics.X-CUBE-ISPU.2.1.0
2026-03-02 17:44:04,441 [ERROR] Engine:466 - C:\Users\lthst\.stm32cubemx\thirdparties\pdsc\STMicroelectronics.X-CUBE-IPS.3.2.0.pdsc: PDSC version is not supported
2026-03-02 17:44:04,449 [WARN] PackLoader:240 - Cannot read IP mode file for STMicroelectronics.X-CUBE-NFC12.1.0.0
2026-03-02 17:44:04,481 [WARN] PackLoader:240 - Cannot read IP mode file for STMicroelectronics.X-CUBE-AZRTOS-L5.2.0.0
2026-03-02 17:44:04,495 [WARN] PackLoader:240 - Cannot read IP mode file for STMicroelectronics.X-CUBE-NFC6.3.1.0
2026-03-02 17:44:04,506 [WARN] PackLoader:240 - Cannot read IP mode file for STMicroelectronics.X-CUBE-DPower.1.2.0
2026-03-02 17:44:04,516 [WARN] PackLoader:240 - Cannot read IP mode file for STMicroelectronics.X-CUBE-FREERTOS.1.3.1
2026-03-02 17:44:04,522 [WARN] PackLoader:240 - Cannot read IP mode file for STMicroelectronics.X-CUBE-FREERTOS.1.3.0
2026-03-02 17:44:04,532 [WARN] PackLoader:240 - Cannot read IP mode file for STMicroelectronics.X-CUBE-NFC7.1.0.1
2026-03-02 17:44:04,540 [WARN] PackLoader:240 - Cannot read IP mode file for STMicroelectronics.X-CUBE-TOUCHGFX.4.26.0
2026-03-02 17:44:04,548 [WARN] PackLoader:240 - Cannot read IP mode file for STMicroelectronics.FP-SNS-STAIOTCFT.1.0.0
2026-03-02 17:44:04,556 [WARN] PackLoader:240 - Cannot read IP mode file for STMicroelectronics.X-CUBE-DPower.1.3.0
2026-03-02 17:44:04,577 [WARN] ConditionMgr:438 - getConditionDescription Invalid condition id : LAN8742 Phy interface Condition cause : null
2026-03-02 17:44:04,578 [WARN] PackLoader:240 - Cannot read IP mode file for STMicroelectronics.X-CUBE-AZRTOS-L4.2.0.0
2026-03-02 17:44:04,579 [WARN] ConditionMgr:1044 - genDependencies : Invalid condition id : LAN8742 Phy interface Condition cause : null
2026-03-02 17:44:04,580 [WARN] ConditionMgr:1044 - genDependencies : Invalid condition id : LAN8742 Phy interface Condition cause : null
2026-03-02 17:44:04,580 [WARN] ConditionMgr:1044 - genDependencies : Invalid condition id : LAN8742 Phy interface Condition cause : null
2026-03-02 17:44:04,591 [WARN] PackLoader:240 - Cannot read IP mode file for STMicroelectronics.X-CUBE-SFXS2LP1.4.0.0
2026-03-02 17:44:04,597 [ERROR] Engine:466 - C:\Users\lthst\.stm32cubemx\thirdparties\pdsc\STMicroelectronics.X-CUBE-ST67W61.1.2.0.pdsc: PDSC version is not supported
2026-03-02 17:44:04,624 [WARN] PackLoader:240 - Cannot read IP mode file for STMicroelectronics.X-CUBE-AZRTOS-H7.3.3.0
2026-03-02 17:44:04,639 [WARN] PackLoader:240 - Cannot read IP mode file for STMicroelectronics.X-CUBE-BLEMGR.4.1.0
2026-03-02 17:44:04,659 [WARN] ConditionMgr:438 - getConditionDescription Invalid condition id : UX DEVICE CLASS RTOS Condition cause : null
2026-03-02 17:44:04,659 [WARN] ConditionMgr:438 - getConditionDescription Invalid condition id : UX DEVICE CLASS RTOS Condition cause : null
2026-03-02 17:44:04,661 [WARN] PackLoader:240 - Cannot read IP mode file for STMicroelectronics.X-CUBE-AZRTOS-WB.2.0.0
2026-03-02 17:44:04,662 [WARN] ConditionMgr:1044 - genDependencies : Invalid condition id : UX DEVICE CLASS RTOS Condition cause : null
2026-03-02 17:44:04,662 [WARN] ConditionMgr:1044 - genDependencies : Invalid condition id : UX DEVICE CLASS RTOS Condition cause : null
2026-03-02 17:44:04,663 [WARN] ConditionMgr:1044 - genDependencies : Invalid condition id : UX DEVICE CLASS RTOS Condition cause : null
2026-03-02 17:44:04,663 [WARN] ConditionMgr:1044 - genDependencies : Invalid condition id : UX DEVICE CLASS RTOS Condition cause : null
2026-03-02 17:44:04,663 [WARN] ConditionMgr:1044 - genDependencies : Invalid condition id : UX DEVICE CLASS RTOS Condition cause : null
2026-03-02 17:44:04,670 [WARN] PackLoader:240 - Cannot read IP mode file for STMicroelectronics.X-CUBE-GNSS1.7.0.1
2026-03-02 17:44:04,676 [WARN] PackLoader:240 - Cannot read IP mode file for STMicroelectronics.X-CUBE-TOUCHGFX.4.25.0
2026-03-02 17:44:04,685 [WARN] PackLoader:240 - Cannot read IP mode file for STMicroelectronics.FP-SNS-STBOX1.2.0.0
2026-03-02 17:44:04,695 [WARN] PackLoader:240 - Cannot read IP mode file for STMicroelectronics.X-CUBE-STSE01.2.0.0
2026-03-02 17:44:04,712 [WARN] PackLoader:240 - Cannot read IP mode file for STMicroelectronics.X-CUBE-SUBG2.5.0.0
2026-03-02 17:44:04,737 [WARN] PackLoader:240 - Cannot read IP mode file for STMicroelectronics.X-CUBE-AZRTOS-H7RS.1.1.0
2026-03-02 17:44:04,747 [WARN] PackLoader:240 - Cannot read IP mode file for Cesanta.I-CUBE-Mongoose.7.13.0
2026-03-02 17:44:04,763 [WARN] PackLoader:240 - Cannot read IP mode file for STMicroelectronics.X-CUBE-AZRTOS-G4.2.0.0
2026-03-02 17:44:04,772 [WARN] PackLoader:240 - Cannot read IP mode file for wolfSSL.I-CUBE-wolfSSH.1.4.20
2026-03-02 17:44:04,778 [WARN] PackLoader:240 - Cannot read IP mode file for STMicroelectronics.X-CUBE-NFC7.2.0.0
2026-03-02 17:44:04,793 [WARN] PackLoader:240 - Cannot read IP mode file for STMicroelectronics.X-CUBE-IPS.3.1.0
2026-03-02 17:44:04,806 [WARN] PackLoader:240 - Cannot read IP mode file for STMicroelectronics.X-CUBE-ALS.1.0.2
2026-03-02 17:44:04,813 [WARN] PackLoader:240 - Cannot read IP mode file for STMicroelectronics.X-CUBE-STSE01.1.0.0
2026-03-02 17:44:04,823 [WARN] PackLoader:240 - Cannot read IP mode file for portGmbH.I-Cube-SoM-uGOAL.1.1.0
2026-03-02 17:44:04,835 [WARN] PackLoader:240 - Cannot read IP mode file for STMicroelectronics.X-CUBE-TOF1.3.4.2
2026-03-02 17:44:04,854 [WARN] PackLoader:240 - Cannot read IP mode file for STMicroelectronics.X-CUBE-TOF1.3.4.3
2026-03-02 17:44:04,867 [INFO] ThirdParty:978 - Integrity check success = true
2026-03-02 17:44:04,868 [INFO] IntegrityCheckThread:100 - exiting critical section [integrity check]
2026-03-02 17:44:04,868 [INFO] IntegrityCheckThread:103 - End integrity checks thread
2026-03-02 18:52:03,482 [INFO] McuFinderGlobals:63 - Set McuFinder mode to 2 (CubeIDE integrated)
2026-03-02 18:52:03,686 [INFO] MainUpdater:2872 - connection check result : 10
2026-03-02 18:52:03,694 [INFO] MainUpdater:2872 - connection check result : 10
2026-03-02 18:52:03,862 [INFO] MicroXplorer:468 - Change Database Path : 
2026-03-02 18:52:03,863 [INFO] MicroXplorer:498 - Change Database Version : DB.6.0.140
2026-03-02 18:52:03,870 [WARN] ThirdParty:871 - waiting for thirdparty lock release [close project]
2026-03-02 18:52:03,870 [INFO] ThirdParty:873 - entering critical section [close project]
2026-03-02 18:52:03,890 [INFO] ThirdParty:883 - exiting critical section [close project]
2026-03-02 18:52:03,894 [INFO] PinOutPanel:1589 - setPackage(No Configuration,No Configuration)
2026-03-02 18:52:03,900 [INFO] UtilMem:75 - Begin LoadConfig() Used Memory: 339689528 Bytes (381681664)
2026-03-02 18:52:03,902 [INFO] MicroXplorer:468 - Change Database Path : 
2026-03-02 18:52:03,902 [INFO] MicroXplorer:498 - Change Database Version : DB.6.0.140
2026-03-02 18:52:03,902 [INFO] OpenFileManager:354 - Change cursor
2026-03-02 18:52:03,976 [INFO] Mcu:2011 - Initializing MCU STM32F446R(C-E)Tx STM32F446RETx STM32F446RET6
2026-03-02 18:52:05,778 [INFO] Context:756 - Trying to add GPIOservice into a context  which must be forbidden
2026-03-02 18:52:07,030 [INFO] ImportTextPane:218 - (OptionalMessage_ERROR) Pin10 (VP_RIF_VS_RIF1) cannot be retrieved for this MCU
2026-03-02 18:52:07,287 [INFO] RtosManager:558 - Registered RTOS mode: class=CMSIS, group=RTOS, mode=CMSIS_V1, owner=FREERTOS
2026-03-02 18:52:07,287 [INFO] RtosManager:558 - Registered RTOS mode: class=CMSIS, group=RTOS2, mode=CMSIS_V2, owner=FREERTOS
2026-03-02 18:52:07,288 [INFO] RtosManager:558 - Registered RTOS mode: class=RTOS, group=Core, mode=CMSIS_V1, owner=FREERTOS
2026-03-02 18:52:07,288 [INFO] RtosManager:558 - Registered RTOS mode: class=RTOS, group=Core, mode=CMSIS_V2, owner=FREERTOS
2026-03-02 18:52:07,289 [WARN] ModelIntegratedComponent:184 - Missing modes for component STMicroelectronics:FreeRTOS:0.0.1:STMicroelectronics:RTOS:FreeRTOS:Core:::10.2.0:
2026-03-02 18:52:07,326 [WARN] ModelIntegratedComponent:63 - No mode defined for component null
2026-03-02 18:52:07,327 [WARN] ModelIntegratedComponent:63 - No mode defined for component null
2026-03-02 18:52:07,327 [WARN] ModelIntegratedComponent:63 - No mode defined for component null
2026-03-02 18:52:07,327 [WARN] ModelIntegratedComponent:63 - No mode defined for component null
2026-03-02 18:52:07,327 [WARN] ModelIntegratedComponent:63 - No mode defined for component null
2026-03-02 18:52:07,328 [WARN] ModelIntegratedComponent:63 - No mode defined for component null
2026-03-02 18:52:07,328 [WARN] ModelIntegratedComponent:63 - No mode defined for component null
2026-03-02 18:52:07,328 [WARN] ModelIntegratedComponent:63 - No mode defined for component null
2026-03-02 18:52:07,328 [WARN] ModelIntegratedComponent:63 - No mode defined for component null
2026-03-02 18:52:07,329 [WARN] ModelIntegratedComponent:63 - No mode defined for component null
2026-03-02 18:52:07,329 [WARN] ModelIntegratedComponent:63 - No mode defined for component null
2026-03-02 18:52:07,329 [WARN] ModelIntegratedComponent:63 - No mode defined for component null
2026-03-02 18:52:07,329 [WARN] ModelIntegratedComponent:63 - No mode defined for component null
2026-03-02 18:52:07,330 [WARN] ModelIntegratedComponent:63 - No mode defined for component null
2026-03-02 18:52:07,330 [WARN] ModelIntegratedComponent:63 - No mode defined for component null
2026-03-02 18:52:07,330 [WARN] ModelIntegratedComponent:63 - No mode defined for component null
2026-03-02 18:52:07,331 [WARN] ModelIntegratedComponent:63 - No mode defined for component null
2026-03-02 18:52:07,331 [WARN] ModelIntegratedComponent:63 - No mode defined for component null
2026-03-02 18:52:07,331 [WARN] ModelIntegratedComponent:63 - No mode defined for component null
2026-03-02 18:52:07,332 [WARN] ModelIntegratedComponent:63 - No mode defined for component null
2026-03-02 18:52:07,332 [WARN] ModelIntegratedComponent:63 - No mode defined for component null
2026-03-02 18:52:07,332 [WARN] ModelIntegratedComponent:63 - No mode defined for component null
2026-03-02 18:52:07,333 [WARN] ModelIntegratedComponent:63 - No mode defined for component null
2026-03-02 18:52:07,333 [WARN] ModelIntegratedComponent:63 - No mode defined for component null
2026-03-02 18:52:07,333 [WARN] ModelIntegratedComponent:63 - No mode defined for component null
2026-03-02 18:52:07,333 [WARN] ModelIntegratedComponent:63 - No mode defined for component null
2026-03-02 18:52:07,333 [WARN] ModelIntegratedComponent:63 - No mode defined for component null
2026-03-02 18:52:07,335 [WARN] ModelIntegratedComponent:63 - No mode defined for component null
2026-03-02 18:52:07,335 [WARN] ModelIntegratedComponent:63 - No mode defined for component null
2026-03-02 18:52:07,335 [WARN] ModelIntegratedComponent:63 - No mode defined for component null
2026-03-02 18:52:07,335 [WARN] ModelIntegratedComponent:63 - No mode defined for component null
2026-03-02 18:52:07,336 [WARN] ModelIntegratedComponent:63 - No mode defined for component null
2026-03-02 18:52:07,336 [WARN] ModelIntegratedComponent:63 - No mode defined for component null
2026-03-02 18:52:07,337 [WARN] ModelIntegratedComponent:63 - No mode defined for component null
2026-03-02 18:52:07,337 [WARN] ModelIntegratedComponent:63 - No mode defined for component null
2026-03-02 18:52:07,337 [WARN] ModelPack:524 - Component already loaded: STMicroelectronics:HAL Drivers:0.0.0:STMicroelectronics:Device:STMicro_Driver:XSPI:HAL::0.0.1:HAL_XSPI
2026-03-02 18:52:08,141 [INFO] ThirdPartyModel:298 - Start build external matchings
2026-03-02 18:52:09,983 [INFO] ThirdPartyModel:316 - End build external matchings
2026-03-02 18:52:10,641 [INFO] ApiDb:581 - Connected to CubeFinder SQLite database (C:\Users\lthst\.stmcufinder\plugins\mcufinder\mcu\cube-finder-db.db)
2026-03-02 18:52:10,791 [INFO] ApiDb:668 - CubeFinder database Data Model version=2.1
2026-03-02 18:52:10,791 [INFO] ApiDb:669 - CubeFinder database Configuration version=3.0.39
2026-03-02 18:52:10,793 [INFO] ApiDb:670 - CubeFinder database generation date=2025-12-22 (1766407740)
2026-03-02 18:52:10,793 [INFO] ApiDb:671 - CubeFinder database FW Pack versions=[FP-ATR-ASTRA1_V2.0.0, FP-SNS-FLIGHT1_V5.1.0, FP-SNS-MOTENV1_V5.1.0, FP-SNS-MOTENVWB1_V1.4.0, FP-SNS-SMARTAG2_V1.2.0, FP-SNS-STBOX1_V2.1.0, STM32Cube_FW_C0_V1.4.0, STM32Cube_FW_F4_V1.28.3, STM32Cube_FW_F7_V1.17.4, STM32Cube_FW_G0_V1.6.2, STM32Cube_FW_G4_V1.6.1, STM32Cube_FW_H5_V1.5.1, STM32Cube_FW_H7RS_V1.3.0, STM32Cube_FW_H7_V1.12.1, STM32Cube_FW_L0_V1.12.2, STM32Cube_FW_L4_V1.18.1, STM32Cube_FW_L5_V1.6.0, STM32Cube_FW_N6_V1.3.0, STM32Cube_FW_U0_V1.3.0, STM32Cube_FW_U3_V1.2.1, STM32Cube_FW_U5_V1.8.0, STM32Cube_FW_WB0_V1.4.0, STM32Cube_FW_WBA_V1.8.0, STM32Cube_FW_WB_V1.24.0, STM32Cube_FW_WL3_V1.3.0, STM32Cube_FW_WL_V1.4.0, X-CUBE-ALGOBUILD_V1.4.0, X-CUBE-ALS_V1.0.2, X-CUBE-AZRTOS-F4_V1.1.0, X-CUBE-AZRTOS-F7_V1.1.0, X-CUBE-AZRTOS-G0_V1.1.0, X-CUBE-AZRTOS-G4_V2.0.0, X-CUBE-AZRTOS-H7RS_V1.1.0, X-CUBE-AZRTOS-H7_V3.4.0, X-CUBE-AZRTOS-L4_V2.0.0, X-CUBE-AZRTOS-L5_V2.0.0, X-CUBE-AZRTOS-WB_V2.0.0, X-CUBE-AZRTOS-WL_V2.0.0, X-CUBE-BLE1_V7.1.0, X-CUBE-BLE2_V3.3.0, X-CUBE-BLEMGR_V4.1.0, X-CUBE-EEPRMA1_V5.2.0, X-CUBE-FREERTOS_V1.3.1, X-CUBE-GNSS1_V6.0.0, X-CUBE-MEMS1_V12.0.0, X-CUBE-NFC4_V3.0.0, X-CUBE-NFC7_V2.0.0, X-CUBE-SFXS2LP1_V4.0.0, X-CUBE-ST67W61_V1.1.0, X-CUBE-SUBG2_V5.0.0, X-CUBE-TOF1_V3.4.3]
2026-03-02 18:52:10,982 [INFO] DbBoardsSqlite:226 - include board P-NUCLEO-WB55-NUCLEO as a kit item of type 'Nucleo-64'
2026-03-02 18:52:10,983 [INFO] DbBoardsSqlite:226 - include board P-NUCLEO-WB55-USBDONGLE as a kit item of type 'Nucleo USB Dongle'
2026-03-02 18:52:10,986 [INFO] DbBoardsSqlite:226 - include board STEVAL-IDP005V1 as a kit item of type 'Evaluation Board'
2026-03-02 18:52:10,988 [INFO] DbBoardsSqlite:226 - include board STEVAL-IDP005V2 as a kit item of type 'Evaluation Board'
2026-03-02 18:52:11,500 [INFO] ApiDb:240 - Found 895 in-development CPN: [B-G473E-ZEST1S, B-WB1M-WPAN1, B-WBA5M-WPAN, B-WL5M-SUBG1, NUCLEO-C031C6, NUCLEO-C051C8, NUCLEO-C071RB, NUCLEO-C092RC, NUCLEO-H503RB, NUCLEO-H533RE, NUCLEO-H563ZI, NUCLEO-H7S3L8, NUCLEO-N657X0-Q, NUCLEO-U031R8, NUCLEO-U083RC, NUCLEO-U385RG-Q, NUCLEO-U545RE-Q, NUCLEO-U5A5ZJ-Q, NUCLEO-WB05KZ, NUCLEO-WB07CC, NUCLEO-WB09KE, NUCLEO-WBA52CG, NUCLEO-WBA55CG, NUCLEO-WBA65RI, NUCLEO-WL33CC1, NUCLEO-WL33CC2, STEVAL-PROTEUS1, STEVAL-SMARTAG2, STEVAL-STWINBX1, STM320518-EVAL, STM32C0116-DK, STM32C011D6Y3TR, STM32C011D6Y6TR, STM32C011F4P3, STM32C011F4P6, STM32C011F4U3, STM32C011F4U6TR, STM32C011F6P3, STM32C011F6P6, STM32C011F6U3, STM32C011F6U6TR, STM32C011J4M3, STM32C011J4M6, STM32C011J6M3, STM32C011J6M6, STM32C0316-DK, STM32C031C4T3, STM32C031C4T6, STM32C031C4U3, STM32C031C4U6, STM32C031C6T3, STM32C031C6T6, STM32C031C6U3, STM32C031C6U6, STM32C031F4P3, STM32C031F4P6, STM32C031F6P3, STM32C031F6P6, STM32C031G4U3, STM32C031G4U6, STM32C031G6U3, STM32C031G6U6, STM32C031K4T3, STM32C031K4T6, STM32C031K4U3, STM32C031K4U6, STM32C031K6T3, STM32C031K6T6, STM32C031K6U3, STM32C031K6U6, STM32C051C6T6, STM32C051C6U6, STM32C051C8T6, STM32C051C8U6, STM32C051D8Y6TR, STM32C051F6P6, STM32C051F8P6, STM32C051G6U6, STM32C051G8U6, STM32C051K6T6, STM32C051K6U6, STM32C051K8T6, STM32C071C8T6, STM32C071C8T6N, STM32C071C8U6, STM32C071C8U6N, STM32C071CBT6, STM32C071CBT6N, STM32C071CBU6, STM32C071CBU6N, STM32C071F8P6, STM32C071F8P6N, STM32C071FBP6, STM32C071FBP6N, STM32C071FBY6TR, STM32C071G8U6, STM32C071G8U6N, STM32C071GBU6, STM32C071GBU6N, STM32C071K8T6, STM32C071K8T6N, STM32C071K8U6, STM32C071K8U6N, STM32C071KBT6, STM32C071KBT6N, STM32C071KBU6, STM32C071KBU6N, STM32C071R8T6, STM32C071R8T6N, STM32C071RBI6N, STM32C071RBT6, STM32C071RBT6N, STM32C091CBT6, STM32C091CBU6, STM32C091CCT6, STM32C091CCU6, STM32C091ECY6TR, STM32C091FBP6, STM32C091FCP6, STM32C091GBU6, STM32C091GCU6, STM32C091KBT6, STM32C091KBU6, STM32C091KCT6, STM32C091KCU6, STM32C091RBT6, STM32C091RCI6, STM32C091RCT6, STM32C092CBT6, STM32C092CBU6, STM32C092CCT6, STM32C092CCU6, STM32C092ECY6TR, STM32C092FBP6, STM32C092FCP6, STM32C092GBU6, STM32C092GCU6, STM32C092KBT6, STM32C092KBU6, STM32C092KCT6, STM32C092KCU6, STM32C092RBT6, STM32C092RCI6, STM32C092RCT6, STM32G071K8TXN, STM32G071K8UXN, STM32G081GBU6N, STM32G081KBT6N, STM32G081KBUXN, STM32G0B1CCT6N, STM32G0B1KCT6, STM32G0B1NEY6TR, STM32G0B1RCT6N, STM32G0C1CCT6, STM32G0C1CCT6N, STM32G0C1CCU6N, STM32G0C1CET6N, STM32G0C1CEU6N, STM32G0C1KCT6, STM32G0C1NEY6TR, STM32G0C1RCI6N, STM32G0C1RCT6N, STM32G0C1REI6N, STM32G0C1RET6N, STM32G0C1VCI6, STM32G0C1VEI6, STM32G411C6T3, STM32G411C6T6, STM32G411C6U3, STM32G411C6U6, STM32G411C8T3, STM32G411C8T6, STM32G411C8U3, STM32G411C8U6, STM32G411CBT3, STM32G411CBT6, STM32G411CBU3, STM32G411CBU6, STM32G411CCT3, STM32G411CCT6, STM32G411CCU3, STM32G411CCU6, STM32G411K6T3, STM32G411K6T6, STM32G411K6U3, STM32G411K6U6, STM32G411K8T3, STM32G411K8T6, STM32G411K8U3, STM32G411K8U6, STM32G411KBT3, STM32G411KBT6, STM32G411KBU3, STM32G411KBU6, STM32G411M6T3, STM32G411M6T6, STM32G411M8T3, STM32G411M8T6, STM32G411MBT3, STM32G411MBT6, STM32G411MCT3, STM32G411MCT6, STM32G411R6T3, STM32G411R6T6, STM32G411R8T3, STM32G411R8T6, STM32G411RBT3, STM32G411RBT6, STM32G411RCT3, STM32G411RCT6, STM32G414CBT3, STM32G414CBT6, STM32G414CBU3, STM32G414CBU6, STM32G414CCT3, STM32G414CCT6, STM32G414CCU3, STM32G414CCU6, STM32G414MBT3, STM32G414MBT6, STM32G414MCT3, STM32G414MCT6, STM32G414RBT3, STM32G414RBT6, STM32G414RCT3, STM32G414RCT6, STM32G414VBT3, STM32G414VBT6, STM32G414VCT3, STM32G414VCT6, STM32G431CBT3Z, STM32G431RBT3Z, STM32G471CCT6, STM32G471CCU6, STM32G471CET3, STM32G471CET6, STM32G471CEU3, STM32G471CEU6, STM32G471MCT6, STM32G471MET3, STM32G471MET6, STM32G471MEY6TR, STM32G471QCT6, STM32G471QET3, STM32G471RCT6, STM32G471RET3, STM32G471RET6, STM32G471VCH6, STM32G471VCI6, STM32G471VCT6, STM32G471VEH3, STM32G471VEH6, STM32G471VEI3, STM32G471VEI6, STM32G471VET3, STM32G471VET6, STM32G473QET3Z, STM32G473RET3Z, STM32G474CCT6, STM32G491RET3Z, STM32H503CBT6, STM32H503CBU6, STM32H503EBY6TR, STM32H503KBU6, STM32H503RBT6, STM32H523CCT6, STM32H523CCU6, STM32H523CET6, STM32H523CEU6, STM32H523HEY6TR, STM32H523RCT6, STM32H523RET6, STM32H523VCI6, STM32H523VCT6, STM32H523VEI6, STM32H523VET6, STM32H523ZCJ6, STM32H523ZCT6, STM32H523ZEJ6, STM32H523ZET6, STM32H533CET6, STM32H533CEU6, STM32H533HEY6TR, STM32H533RET6, STM32H533VEI6, STM32H533VET6, STM32H533ZEJ6, STM32H533ZET6, STM32H562AGI6, STM32H562AII6, STM32H562IGK6, STM32H562IGT6, STM32H562IIK6, STM32H562IIT6, STM32H562RGT6, STM32H562RGV6, STM32H562RIT6, STM32H562RIV6, STM32H562VGT6, STM32H562VIT6, STM32H562ZGT6, STM32H562ZIT6, STM32H563AGI6, STM32H563AII3Q, STM32H563AII6, STM32H563IGK6, STM32H563IGT6, STM32H563IIK3Q, STM32H563IIK6, STM32H563IIT3Q, STM32H563IIT6, STM32H563MIY3QTR, STM32H563RGT6, STM32H563RGV6, STM32H563RIT6, STM32H563RIV6, STM32H563VGT6, STM32H563VIT3Q, STM32H563VIT6, STM32H563ZGT6, STM32H563ZIT3Q, STM32H563ZIT6, STM32H573AII3Q, STM32H573AII6, STM32H573I-DK, STM32H573IIK3Q, STM32H573IIK6, STM32H573IIT3Q, STM32H573IIT6, STM32H573MIY3QTR, STM32H573RIT6, STM32H573RIV6, STM32H573VIT3Q, STM32H573VIT6, STM32H573ZIT3Q, STM32H573ZIT6, STM32H7R3A8I6, STM32H7R3I8K6, STM32H7R3I8T6, STM32H7R3L8H6, STM32H7R3L8H6H, STM32H7R3R8V6, STM32H7R3V8H6, STM32H7R3V8T6, STM32H7R3V8Y6TR, STM32H7R3Z8J6, STM32H7R3Z8T6, STM32H7R7A8I6, STM32H7R7I8K6, STM32H7R7I8T6, STM32H7R7L8H6, STM32H7R7L8H6H, STM32H7R7Z8J6, STM32H7S3A8I6, STM32H7S3I8K6, STM32H7S3I8T6, STM32H7S3L8H6, STM32H7S3L8H6H, STM32H7S3R8V6, STM32H7S3V8H6, STM32H7S3V8T6, STM32H7S3V8Y6TR, STM32H7S3Z8J6, STM32H7S3Z8T6, STM32H7S78-DK, STM32H7S7A8I6, STM32H7S7I8K6, STM32H7S7I8T6, STM32H7S7L8H6, STM32H7S7L8H6H, STM32H7S7Z8J6, STM32L4R5QGI6STR, STM32MP131AAE3, STM32MP131AAF3, STM32MP131AAG3, STM32MP131CAE3, STM32MP131CAF3, STM32MP131CAG3, STM32MP131DAE7, STM32MP131DAF7, STM32MP131DAG7, STM32MP131FAE7, STM32MP131FAF7, STM32MP131FAG7, STM32MP133AAE3, STM32MP133AAF3, STM32MP133AAG3, STM32MP133CAE3, STM32MP133CAF3, STM32MP133CAG3, STM32MP133DAE7, STM32MP133DAF7, STM32MP133DAG7, STM32MP133FAE7, STM32MP133FAF7, STM32MP133FAG7, STM32MP135AAE3, STM32MP135AAF3, STM32MP135AAG3, STM32MP135CAE3, STM32MP135CAF3, STM32MP135CAG3, STM32MP135DAE7, STM32MP135DAF7, STM32MP135DAG7, STM32MP135F-DK, STM32MP135FAE7, STM32MP135FAF7, STM32MP135FAF7T, STM32MP135FAF7U, STM32MP135FAG7, STM32MP231AAJ3, STM32MP231AAK3, STM32MP231AAL3, STM32MP231CAJ3, STM32MP231CAK3, STM32MP231CAL3, STM32MP231DAJ3, STM32MP231DAK3, STM32MP231DAL3, STM32MP231FAJ3, STM32MP231FAK3, STM32MP231FAL3, STM32MP233AAJ3, STM32MP233AAK3, STM32MP233AAL3, STM32MP233CAJ3, STM32MP233CAK3, STM32MP233CAL3, STM32MP233DAJ3, STM32MP233DAK3, STM32MP233DAL3, STM32MP233FAJ3, STM32MP233FAK3, STM32MP233FAL3, STM32MP235AAJ3, STM32MP235AAK3, STM32MP235AAL3, STM32MP235CAJ3, STM32MP235CAK3, STM32MP235CAL3, STM32MP235DAJ3, STM32MP235DAK3, STM32MP235DAL3, STM32MP235FAJ3, STM32MP235FAK3, STM32MP235FAL3, STM32MP251AAI3, STM32MP251AAJ3, STM32MP251AAK3, STM32MP251AAL3, STM32MP251CAI3, STM32MP251CAJ3, STM32MP251CAK3, STM32MP251CAL3, STM32MP251DAI3, STM32MP251DAJ3, STM32MP251DAK3, STM32MP251DAL3, STM32MP251FAI3, STM32MP251FAJ3, STM32MP251FAK3, STM32MP251FAL3, STM32MP253AAI3, STM32MP253AAJ3, STM32MP253AAK3, STM32MP253AAL3, STM32MP253CAI3, STM32MP253CAJ3, STM32MP253CAK3, STM32MP253CAL3, STM32MP253DAI3, STM32MP253DAJ3, STM32MP253DAK3, STM32MP253DAL3, STM32MP253FAI3, STM32MP253FAJ3, STM32MP253FAK3, STM32MP253FAL3, STM32MP255AAI3, STM32MP255AAJ3, STM32MP255AAK3, STM32MP255AAL3, STM32MP255CAI3, STM32MP255CAJ3, STM32MP255CAK3, STM32MP255CAL3, STM32MP255DAI3, STM32MP255DAJ3, STM32MP255DAK3, STM32MP255DAL3, STM32MP255FAI3, STM32MP255FAJ3, STM32MP255FAK3, STM32MP255FAL3, STM32MP257AAI3, STM32MP257AAJ3, STM32MP257AAK3, STM32MP257AAL3, STM32MP257CAI3, STM32MP257CAJ3, STM32MP257CAK3, STM32MP257CAL3, STM32MP257DAI3, STM32MP257DAJ3, STM32MP257DAK3, STM32MP257DAL3, STM32MP257F-DK, STM32MP257F-EV1, STM32MP257FAI3, STM32MP257FAJ3, STM32MP257FAK3, STM32MP257FAL3, STM32N645A0H3Q, STM32N645B0H3Q, STM32N645I0H3Q, STM32N645L0H3Q, STM32N645X0H3Q, STM32N645Z0H3Q, STM32N647A0H3Q, STM32N647B0H3Q, STM32N647I0H3Q, STM32N647L0H3Q, STM32N647X0H3Q, STM32N647Z0H3Q, STM32N655A0H3Q, STM32N655B0H3Q, STM32N655I0H3Q, STM32N655L0H3Q, STM32N655X0H3Q, STM32N655Z0H3Q, STM32N6570-DK, STM32N657A0H3Q, STM32N657B0H3Q, STM32N657I0H3Q, STM32N657L0H3Q, STM32N657X0H3Q, STM32N657Z0H3Q, STM32U031C6T6, STM32U031C6U6, STM32U031C8T6, STM32U031C8U6, STM32U031F4P6, STM32U031F6P6, STM32U031F8P6, STM32U031G6Y6TR, STM32U031G8Y6TR, STM32U031K4U6, STM32U031K6U6, STM32U031K8U6, STM32U031R6I6, STM32U031R6T6, STM32U031R8I6, STM32U031R8T6, STM32U073C8T6, STM32U073C8U6, STM32U073CBT6, STM32U073CBU6, STM32U073CCT6, STM32U073CCU6, STM32U073H8Y6TR, STM32U073HBY6TR, STM32U073HCY6TR, STM32U073K8U6, STM32U073KBU6, STM32U073KCU6, STM32U073M8I6, STM32U073M8T6, STM32U073MBI6, STM32U073MBT6, STM32U073MCI6, STM32U073MCT6, STM32U073R8I6, STM32U073R8T6, STM32U073RBI6, STM32U073RBT6, STM32U073RCI6, STM32U073RCT6, STM32U083C-DK, STM32U083CCT6, STM32U083CCU6, STM32U083HCY6TR, STM32U083KCU6, STM32U083MCI6, STM32U083MCT6, STM32U083RCI6, STM32U083RCT6, STM32U375CET6, STM32U375CET6Q, STM32U375CEU6, STM32U375CEU6Q, STM32U375CEY6QTR, STM32U375CGT6, STM32U375CGT6Q, STM32U375CGU6, STM32U375CGU6Q, STM32U375CGY6QTR, STM32U375KEU6, STM32U375KGU6, STM32U375REI6, STM32U375REI6Q, STM32U375RET6, STM32U375RET6Q, STM32U375REY6GTR, STM32U375REY6QTR, STM32U375RGI6, STM32U375RGI6Q, STM32U375RGT6, STM32U375RGT6Q, STM32U375RGY6GTR, STM32U375RGY6QTR, STM32U375VEI6, STM32U375VEI6Q, STM32U375VET6, STM32U375VET6Q, STM32U375VGI6, STM32U375VGI6Q, STM32U375VGT6, STM32U375VGT6Q, STM32U385CGT6, STM32U385CGT6Q, STM32U385CGU6, STM32U385CGU6Q, STM32U385CGY6QTR, STM32U385KGU6, STM32U385RGI6, STM32U385RGI6Q, STM32U385RGT6, STM32U385RGT6Q, STM32U385RGY6GTR, STM32U385RGY6QTR, STM32U385VGI6, STM32U385VGI6Q, STM32U385VGT6, STM32U385VGT6Q, STM32U535CBT6, STM32U535CBT6Q, STM32U535CBU6, STM32U535CBU6Q, STM32U535CCT6, STM32U535CCT6Q, STM32U535CCU6, STM32U535CCU6Q, STM32U535CET6, STM32U535CET6Q, STM32U535CEU6, STM32U535CEU6Q, STM32U535JEY6QTR, STM32U535NCY6QTR, STM32U535NEY6QTR, STM32U535RBI6, STM32U535RBI6Q, STM32U535RBT6, STM32U535RBT6Q, STM32U535RCI6, STM32U535RCI6Q, STM32U535RCT6, STM32U535RCT6Q, STM32U535REI6, STM32U535REI6Q, STM32U535RET6, STM32U535RET6Q, STM32U535VCI6, STM32U535VCI6Q, STM32U535VCT6, STM32U535VCT6Q, STM32U535VEI6, STM32U535VEI6Q, STM32U535VET6, STM32U535VET6Q, STM32U545CET6, STM32U545CET6Q, STM32U545CEU6, STM32U545CEU6Q, STM32U545JEY6QTR, STM32U545NEY6QTR, STM32U545REI6, STM32U545REI6Q, STM32U545RET6, STM32U545RET6Q, STM32U545VEI6, STM32U545VEI6Q, STM32U545VET6, STM32U545VET6Q, STM32U595AIH6, STM32U595AIH6Q, STM32U595AJH6, STM32U595AJH6Q, STM32U595QII6, STM32U595QII6Q, STM32U595QJI6, STM32U595QJI6Q, STM32U595RIT6, STM32U595RIT6Q, STM32U595RJT6, STM32U595RJT6Q, STM32U595VIT6, STM32U595VIT6Q, STM32U595VJT6, STM32U595VJT6Q, STM32U595ZIT6, STM32U595ZIT6Q, STM32U595ZIY6QTR, STM32U595ZJT6, STM32U595ZJT6Q, STM32U595ZJY6QTR, STM32U599BJY6QTR, STM32U599NIH6Q, STM32U599NJH6Q, STM32U599VIT6Q, STM32U599VJT6, STM32U599VJT6Q, STM32U599ZIT6Q, STM32U599ZIY6QTR, STM32U599ZJT6Q, STM32U599ZJY6QTR, STM32U5A5AJH6, STM32U5A5AJH6Q, STM32U5A5QII3Q , STM32U5A5QJI6, STM32U5A5QJI6Q, STM32U5A5RJT6, STM32U5A5RJT6Q, STM32U5A5VJT6, STM32U5A5VJT6Q, STM32U5A5ZJT6, STM32U5A5ZJT6Q, STM32U5A5ZJY6QTR, STM32U5A9BJY6QTR, STM32U5A9J-DK, STM32U5A9NJH6Q, STM32U5A9VJT6Q, STM32U5A9ZJT6Q, STM32U5A9ZJY6QTR, STM32U5F7VIT6, STM32U5F7VIT6Q, STM32U5F7VJT6, STM32U5F7VJT6Q, STM32U5F9BJY6QTR, STM32U5F9NJH6Q, STM32U5F9VIT6Q, STM32U5F9VJT6Q, STM32U5F9ZIJ6QTR, STM32U5F9ZIT6Q, STM32U5F9ZJJ6QTR, STM32U5F9ZJT6Q, STM32U5G7VJT6, STM32U5G7VJT6Q, STM32U5G9BJY6QTR, STM32U5G9J-DK1, STM32U5G9J-DK2, STM32U5G9NJH6Q, STM32U5G9VJT6Q, STM32U5G9ZJJ6QTR, STM32U5G9ZJT6Q, STM32WB05KZV6TR, STM32WB05KZV7TR, STM32WB05TZF6TR, STM32WB05TZF7TR, STM32WB06CCF6TR, STM32WB06CCF7TR, STM32WB06CCV6TR, STM32WB06CCV7TR, STM32WB06KCV6TR, STM32WB06KCV7TR, STM32WB07CCF6TR, STM32WB07CCF7TR, STM32WB07CCV6TR, STM32WB07CCV7TR, STM32WB07KCV6TR, STM32WB07KCV7TR, STM32WB09KEV6TR, STM32WB09KEV7TR, STM32WB09TEF6TR, STM32WB09TEF7TR, STM32WB1MMCH6, STM32WBA50KGU6, STM32WBA50KGU6TR, STM32WBA52CEU6, STM32WBA52CEU6TR, STM32WBA52CEU7, STM32WBA52CEU7TR, STM32WBA52CGU6, STM32WBA52CGU6TR, STM32WBA52CGU6U, STM32WBA52CGU7, STM32WBA52CGU7TR, STM32WBA52KEU6, STM32WBA52KEU6TR, STM32WBA52KGU6, STM32WBA52KGU6TR, STM32WBA54CEU6, STM32WBA54CEU6TR, STM32WBA54CEU7, STM32WBA54CEU7TR, STM32WBA54CGU6, STM32WBA54CGU6TR, STM32WBA54CGU7, STM32WBA54CGU7TR, STM32WBA54KEU6, STM32WBA54KEU6TR, STM32WBA54KEU7, STM32WBA54KEU7TR, STM32WBA54KGU6, STM32WBA54KGU6TR, STM32WBA54KGU7, STM32WBA54KGU7TR, STM32WBA55CEU6, STM32WBA55CEU6TR, STM32WBA55CEU7, STM32WBA55CEU7TR, STM32WBA55CGU6, STM32WBA55CGU6TR, STM32WBA55CGU6U, STM32WBA55CGU7, STM32WBA55CGU7TR, STM32WBA55G-DK1, STM32WBA55HEF6, STM32WBA55HEF7, STM32WBA55HGF6, STM32WBA55HGF7, STM32WBA55UEI6, STM32WBA55UEI6TR, STM32WBA55UEI7, STM32WBA55UEI7TR, STM32WBA55UGI6, STM32WBA55UGI6TR, STM32WBA55UGI7, STM32WBA55UGI7TR, STM32WBA5MJGH6TR, STM32WBA62CGU6, STM32WBA62CIU6, STM32WBA62MGF6, STM32WBA62MIF6, STM32WBA62PGI6, STM32WBA62PII6, STM32WBA63CGU6, STM32WBA63CGU7, STM32WBA63CIU6, STM32WBA63CIU7, STM32WBA64CGU6, STM32WBA64CGU7, STM32WBA64CIU6, STM32WBA64CIU7, STM32WBA65CGU6, STM32WBA65CGU7, STM32WBA65CIU6, STM32WBA65CIU7, STM32WBA65I-DK1, STM32WBA65MGF6, STM32WBA65MGF7, STM32WBA65MIF6, STM32WBA65MIF7, STM32WBA65PGI6, STM32WBA65PGI7, STM32WBA65PII6, STM32WBA65PII7, STM32WBA65RGV6, STM32WBA65RGV7, STM32WBA65RIV6, STM32WBA65RIV7, STM32WL30K8V6, STM32WL30KBV6, STM32WL31C8V6, STM32WL31CBV6, STM32WL31K8V6, STM32WL31KBV6, STM32WL33C8V6, STM32WL33C8V6TR, STM32WL33C8V7, STM32WL33C8V7TR, STM32WL33CBV6, STM32WL33CBV6TR, STM32WL33CBV7, STM32WL33CBV7TR, STM32WL33CCV6, STM32WL33CCV6TR, STM32WL33CCV7, STM32WL33CCV7A, STM32WL33CCV7ATR, STM32WL33CCV7TR, STM32WL33K8V6, STM32WL33K8V6TR, STM32WL33K8V7, STM32WL33K8V7TR, STM32WL33KBV6, STM32WL33KBV6TR, STM32WL33KBV7, STM32WL33KBV7TR, STM32WL33KCV6, STM32WL33KCV6TR, STM32WL33KCV7, STM32WL33KCV7TR, STM32WL5MOCH6, STM32WL5MOCH6TR]
2026-03-02 18:52:11,506 [INFO] ApiDb:668 - CubeFinder database Data Model version=2.1
2026-03-02 18:52:11,506 [INFO] ApiDb:669 - CubeFinder database Configuration version=3.0.39
2026-03-02 18:52:11,506 [INFO] ApiDb:670 - CubeFinder database generation date=2025-12-22 (1766407740)
2026-03-02 18:52:11,506 [INFO] ApiDb:671 - CubeFinder database FW Pack versions=[FP-ATR-ASTRA1_V2.0.0, FP-SNS-FLIGHT1_V5.1.0, FP-SNS-MOTENV1_V5.1.0, FP-SNS-MOTENVWB1_V1.4.0, FP-SNS-SMARTAG2_V1.2.0, FP-SNS-STBOX1_V2.1.0, STM32Cube_FW_C0_V1.4.0, STM32Cube_FW_F4_V1.28.3, STM32Cube_FW_F7_V1.17.4, STM32Cube_FW_G0_V1.6.2, STM32Cube_FW_G4_V1.6.1, STM32Cube_FW_H5_V1.5.1, STM32Cube_FW_H7RS_V1.3.0, STM32Cube_FW_H7_V1.12.1, STM32Cube_FW_L0_V1.12.2, STM32Cube_FW_L4_V1.18.1, STM32Cube_FW_L5_V1.6.0, STM32Cube_FW_N6_V1.3.0, STM32Cube_FW_U0_V1.3.0, STM32Cube_FW_U3_V1.2.1, STM32Cube_FW_U5_V1.8.0, STM32Cube_FW_WB0_V1.4.0, STM32Cube_FW_WBA_V1.8.0, STM32Cube_FW_WB_V1.24.0, STM32Cube_FW_WL3_V1.3.0, STM32Cube_FW_WL_V1.4.0, X-CUBE-ALGOBUILD_V1.4.0, X-CUBE-ALS_V1.0.2, X-CUBE-AZRTOS-F4_V1.1.0, X-CUBE-AZRTOS-F7_V1.1.0, X-CUBE-AZRTOS-G0_V1.1.0, X-CUBE-AZRTOS-G4_V2.0.0, X-CUBE-AZRTOS-H7RS_V1.1.0, X-CUBE-AZRTOS-H7_V3.4.0, X-CUBE-AZRTOS-L4_V2.0.0, X-CUBE-AZRTOS-L5_V2.0.0, X-CUBE-AZRTOS-WB_V2.0.0, X-CUBE-AZRTOS-WL_V2.0.0, X-CUBE-BLE1_V7.1.0, X-CUBE-BLE2_V3.3.0, X-CUBE-BLEMGR_V4.1.0, X-CUBE-EEPRMA1_V5.2.0, X-CUBE-FREERTOS_V1.3.1, X-CUBE-GNSS1_V6.0.0, X-CUBE-MEMS1_V12.0.0, X-CUBE-NFC4_V3.0.0, X-CUBE-NFC7_V2.0.0, X-CUBE-SFXS2LP1_V4.0.0, X-CUBE-ST67W61_V1.1.0, X-CUBE-SUBG2_V5.0.0, X-CUBE-TOF1_V3.4.3]
2026-03-02 18:52:13,757 [INFO] ApiDb:240 - Found 895 in-development CPN: [B-G473E-ZEST1S, B-WB1M-WPAN1, B-WBA5M-WPAN, B-WL5M-SUBG1, NUCLEO-C031C6, NUCLEO-C051C8, NUCLEO-C071RB, NUCLEO-C092RC, NUCLEO-H503RB, NUCLEO-H533RE, NUCLEO-H563ZI, NUCLEO-H7S3L8, NUCLEO-N657X0-Q, NUCLEO-U031R8, NUCLEO-U083RC, NUCLEO-U385RG-Q, NUCLEO-U545RE-Q, NUCLEO-U5A5ZJ-Q, NUCLEO-WB05KZ, NUCLEO-WB07CC, NUCLEO-WB09KE, NUCLEO-WBA52CG, NUCLEO-WBA55CG, NUCLEO-WBA65RI, NUCLEO-WL33CC1, NUCLEO-WL33CC2, STEVAL-PROTEUS1, STEVAL-SMARTAG2, STEVAL-STWINBX1, STM320518-EVAL, STM32C0116-DK, STM32C011D6Y3TR, STM32C011D6Y6TR, STM32C011F4P3, STM32C011F4P6, STM32C011F4U3, STM32C011F4U6TR, STM32C011F6P3, STM32C011F6P6, STM32C011F6U3, STM32C011F6U6TR, STM32C011J4M3, STM32C011J4M6, STM32C011J6M3, STM32C011J6M6, STM32C0316-DK, STM32C031C4T3, STM32C031C4T6, STM32C031C4U3, STM32C031C4U6, STM32C031C6T3, STM32C031C6T6, STM32C031C6U3, STM32C031C6U6, STM32C031F4P3, STM32C031F4P6, STM32C031F6P3, STM32C031F6P6, STM32C031G4U3, STM32C031G4U6, STM32C031G6U3, STM32C031G6U6, STM32C031K4T3, STM32C031K4T6, STM32C031K4U3, STM32C031K4U6, STM32C031K6T3, STM32C031K6T6, STM32C031K6U3, STM32C031K6U6, STM32C051C6T6, STM32C051C6U6, STM32C051C8T6, STM32C051C8U6, STM32C051D8Y6TR, STM32C051F6P6, STM32C051F8P6, STM32C051G6U6, STM32C051G8U6, STM32C051K6T6, STM32C051K6U6, STM32C051K8T6, STM32C071C8T6, STM32C071C8T6N, STM32C071C8U6, STM32C071C8U6N, STM32C071CBT6, STM32C071CBT6N, STM32C071CBU6, STM32C071CBU6N, STM32C071F8P6, STM32C071F8P6N, STM32C071FBP6, STM32C071FBP6N, STM32C071FBY6TR, STM32C071G8U6, STM32C071G8U6N, STM32C071GBU6, STM32C071GBU6N, STM32C071K8T6, STM32C071K8T6N, STM32C071K8U6, STM32C071K8U6N, STM32C071KBT6, STM32C071KBT6N, STM32C071KBU6, STM32C071KBU6N, STM32C071R8T6, STM32C071R8T6N, STM32C071RBI6N, STM32C071RBT6, STM32C071RBT6N, STM32C091CBT6, STM32C091CBU6, STM32C091CCT6, STM32C091CCU6, STM32C091ECY6TR, STM32C091FBP6, STM32C091FCP6, STM32C091GBU6, STM32C091GCU6, STM32C091KBT6, STM32C091KBU6, STM32C091KCT6, STM32C091KCU6, STM32C091RBT6, STM32C091RCI6, STM32C091RCT6, STM32C092CBT6, STM32C092CBU6, STM32C092CCT6, STM32C092CCU6, STM32C092ECY6TR, STM32C092FBP6, STM32C092FCP6, STM32C092GBU6, STM32C092GCU6, STM32C092KBT6, STM32C092KBU6, STM32C092KCT6, STM32C092KCU6, STM32C092RBT6, STM32C092RCI6, STM32C092RCT6, STM32G071K8TXN, STM32G071K8UXN, STM32G081GBU6N, STM32G081KBT6N, STM32G081KBUXN, STM32G0B1CCT6N, STM32G0B1KCT6, STM32G0B1NEY6TR, STM32G0B1RCT6N, STM32G0C1CCT6, STM32G0C1CCT6N, STM32G0C1CCU6N, STM32G0C1CET6N, STM32G0C1CEU6N, STM32G0C1KCT6, STM32G0C1NEY6TR, STM32G0C1RCI6N, STM32G0C1RCT6N, STM32G0C1REI6N, STM32G0C1RET6N, STM32G0C1VCI6, STM32G0C1VEI6, STM32G411C6T3, STM32G411C6T6, STM32G411C6U3, STM32G411C6U6, STM32G411C8T3, STM32G411C8T6, STM32G411C8U3, STM32G411C8U6, STM32G411CBT3, STM32G411CBT6, STM32G411CBU3, STM32G411CBU6, STM32G411CCT3, STM32G411CCT6, STM32G411CCU3, STM32G411CCU6, STM32G411K6T3, STM32G411K6T6, STM32G411K6U3, STM32G411K6U6, STM32G411K8T3, STM32G411K8T6, STM32G411K8U3, STM32G411K8U6, STM32G411KBT3, STM32G411KBT6, STM32G411KBU3, STM32G411KBU6, STM32G411M6T3, STM32G411M6T6, STM32G411M8T3, STM32G411M8T6, STM32G411MBT3, STM32G411MBT6, STM32G411MCT3, STM32G411MCT6, STM32G411R6T3, STM32G411R6T6, STM32G411R8T3, STM32G411R8T6, STM32G411RBT3, STM32G411RBT6, STM32G411RCT3, STM32G411RCT6, STM32G414CBT3, STM32G414CBT6, STM32G414CBU3, STM32G414CBU6, STM32G414CCT3, STM32G414CCT6, STM32G414CCU3, STM32G414CCU6, STM32G414MBT3, STM32G414MBT6, STM32G414MCT3, STM32G414MCT6, STM32G414RBT3, STM32G414RBT6, STM32G414RCT3, STM32G414RCT6, STM32G414VBT3, STM32G414VBT6, STM32G414VCT3, STM32G414VCT6, STM32G431CBT3Z, STM32G431RBT3Z, STM32G471CCT6, STM32G471CCU6, STM32G471CET3, STM32G471CET6, STM32G471CEU3, STM32G471CEU6, STM32G471MCT6, STM32G471MET3, STM32G471MET6, STM32G471MEY6TR, STM32G471QCT6, STM32G471QET3, STM32G471RCT6, STM32G471RET3, STM32G471RET6, STM32G471VCH6, STM32G471VCI6, STM32G471VCT6, STM32G471VEH3, STM32G471VEH6, STM32G471VEI3, STM32G471VEI6, STM32G471VET3, STM32G471VET6, STM32G473QET3Z, STM32G473RET3Z, STM32G474CCT6, STM32G491RET3Z, STM32H503CBT6, STM32H503CBU6, STM32H503EBY6TR, STM32H503KBU6, STM32H503RBT6, STM32H523CCT6, STM32H523CCU6, STM32H523CET6, STM32H523CEU6, STM32H523HEY6TR, STM32H523RCT6, STM32H523RET6, STM32H523VCI6, STM32H523VCT6, STM32H523VEI6, STM32H523VET6, STM32H523ZCJ6, STM32H523ZCT6, STM32H523ZEJ6, STM32H523ZET6, STM32H533CET6, STM32H533CEU6, STM32H533HEY6TR, STM32H533RET6, STM32H533VEI6, STM32H533VET6, STM32H533ZEJ6, STM32H533ZET6, STM32H562AGI6, STM32H562AII6, STM32H562IGK6, STM32H562IGT6, STM32H562IIK6, STM32H562IIT6, STM32H562RGT6, STM32H562RGV6, STM32H562RIT6, STM32H562RIV6, STM32H562VGT6, STM32H562VIT6, STM32H562ZGT6, STM32H562ZIT6, STM32H563AGI6, STM32H563AII3Q, STM32H563AII6, STM32H563IGK6, STM32H563IGT6, STM32H563IIK3Q, STM32H563IIK6, STM32H563IIT3Q, STM32H563IIT6, STM32H563MIY3QTR, STM32H563RGT6, STM32H563RGV6, STM32H563RIT6, STM32H563RIV6, STM32H563VGT6, STM32H563VIT3Q, STM32H563VIT6, STM32H563ZGT6, STM32H563ZIT3Q, STM32H563ZIT6, STM32H573AII3Q, STM32H573AII6, STM32H573I-DK, STM32H573IIK3Q, STM32H573IIK6, STM32H573IIT3Q, STM32H573IIT6, STM32H573MIY3QTR, STM32H573RIT6, STM32H573RIV6, STM32H573VIT3Q, STM32H573VIT6, STM32H573ZIT3Q, STM32H573ZIT6, STM32H7R3A8I6, STM32H7R3I8K6, STM32H7R3I8T6, STM32H7R3L8H6, STM32H7R3L8H6H, STM32H7R3R8V6, STM32H7R3V8H6, STM32H7R3V8T6, STM32H7R3V8Y6TR, STM32H7R3Z8J6, STM32H7R3Z8T6, STM32H7R7A8I6, STM32H7R7I8K6, STM32H7R7I8T6, STM32H7R7L8H6, STM32H7R7L8H6H, STM32H7R7Z8J6, STM32H7S3A8I6, STM32H7S3I8K6, STM32H7S3I8T6, STM32H7S3L8H6, STM32H7S3L8H6H, STM32H7S3R8V6, STM32H7S3V8H6, STM32H7S3V8T6, STM32H7S3V8Y6TR, STM32H7S3Z8J6, STM32H7S3Z8T6, STM32H7S78-DK, STM32H7S7A8I6, STM32H7S7I8K6, STM32H7S7I8T6, STM32H7S7L8H6, STM32H7S7L8H6H, STM32H7S7Z8J6, STM32L4R5QGI6STR, STM32MP131AAE3, STM32MP131AAF3, STM32MP131AAG3, STM32MP131CAE3, STM32MP131CAF3, STM32MP131CAG3, STM32MP131DAE7, STM32MP131DAF7, STM32MP131DAG7, STM32MP131FAE7, STM32MP131FAF7, STM32MP131FAG7, STM32MP133AAE3, STM32MP133AAF3, STM32MP133AAG3, STM32MP133CAE3, STM32MP133CAF3, STM32MP133CAG3, STM32MP133DAE7, STM32MP133DAF7, STM32MP133DAG7, STM32MP133FAE7, STM32MP133FAF7, STM32MP133FAG7, STM32MP135AAE3, STM32MP135AAF3, STM32MP135AAG3, STM32MP135CAE3, STM32MP135CAF3, STM32MP135CAG3, STM32MP135DAE7, STM32MP135DAF7, STM32MP135DAG7, STM32MP135F-DK, STM32MP135FAE7, STM32MP135FAF7, STM32MP135FAF7T, STM32MP135FAF7U, STM32MP135FAG7, STM32MP231AAJ3, STM32MP231AAK3, STM32MP231AAL3, STM32MP231CAJ3, STM32MP231CAK3, STM32MP231CAL3, STM32MP231DAJ3, STM32MP231DAK3, STM32MP231DAL3, STM32MP231FAJ3, STM32MP231FAK3, STM32MP231FAL3, STM32MP233AAJ3, STM32MP233AAK3, STM32MP233AAL3, STM32MP233CAJ3, STM32MP233CAK3, STM32MP233CAL3, STM32MP233DAJ3, STM32MP233DAK3, STM32MP233DAL3, STM32MP233FAJ3, STM32MP233FAK3, STM32MP233FAL3, STM32MP235AAJ3, STM32MP235AAK3, STM32MP235AAL3, STM32MP235CAJ3, STM32MP235CAK3, STM32MP235CAL3, STM32MP235DAJ3, STM32MP235DAK3, STM32MP235DAL3, STM32MP235FAJ3, STM32MP235FAK3, STM32MP235FAL3, STM32MP251AAI3, STM32MP251AAJ3, STM32MP251AAK3, STM32MP251AAL3, STM32MP251CAI3, STM32MP251CAJ3, STM32MP251CAK3, STM32MP251CAL3, STM32MP251DAI3, STM32MP251DAJ3, STM32MP251DAK3, STM32MP251DAL3, STM32MP251FAI3, STM32MP251FAJ3, STM32MP251FAK3, STM32MP251FAL3, STM32MP253AAI3, STM32MP253AAJ3, STM32MP253AAK3, STM32MP253AAL3, STM32MP253CAI3, STM32MP253CAJ3, STM32MP253CAK3, STM32MP253CAL3, STM32MP253DAI3, STM32MP253DAJ3, STM32MP253DAK3, STM32MP253DAL3, STM32MP253FAI3, STM32MP253FAJ3, STM32MP253FAK3, STM32MP253FAL3, STM32MP255AAI3, STM32MP255AAJ3, STM32MP255AAK3, STM32MP255AAL3, STM32MP255CAI3, STM32MP255CAJ3, STM32MP255CAK3, STM32MP255CAL3, STM32MP255DAI3, STM32MP255DAJ3, STM32MP255DAK3, STM32MP255DAL3, STM32MP255FAI3, STM32MP255FAJ3, STM32MP255FAK3, STM32MP255FAL3, STM32MP257AAI3, STM32MP257AAJ3, STM32MP257AAK3, STM32MP257AAL3, STM32MP257CAI3, STM32MP257CAJ3, STM32MP257CAK3, STM32MP257CAL3, STM32MP257DAI3, STM32MP257DAJ3, STM32MP257DAK3, STM32MP257DAL3, STM32MP257F-DK, STM32MP257F-EV1, STM32MP257FAI3, STM32MP257FAJ3, STM32MP257FAK3, STM32MP257FAL3, STM32N645A0H3Q, STM32N645B0H3Q, STM32N645I0H3Q, STM32N645L0H3Q, STM32N645X0H3Q, STM32N645Z0H3Q, STM32N647A0H3Q, STM32N647B0H3Q, STM32N647I0H3Q, STM32N647L0H3Q, STM32N647X0H3Q, STM32N647Z0H3Q, STM32N655A0H3Q, STM32N655B0H3Q, STM32N655I0H3Q, STM32N655L0H3Q, STM32N655X0H3Q, STM32N655Z0H3Q, STM32N6570-DK, STM32N657A0H3Q, STM32N657B0H3Q, STM32N657I0H3Q, STM32N657L0H3Q, STM32N657X0H3Q, STM32N657Z0H3Q, STM32U031C6T6, STM32U031C6U6, STM32U031C8T6, STM32U031C8U6, STM32U031F4P6, STM32U031F6P6, STM32U031F8P6, STM32U031G6Y6TR, STM32U031G8Y6TR, STM32U031K4U6, STM32U031K6U6, STM32U031K8U6, STM32U031R6I6, STM32U031R6T6, STM32U031R8I6, STM32U031R8T6, STM32U073C8T6, STM32U073C8U6, STM32U073CBT6, STM32U073CBU6, STM32U073CCT6, STM32U073CCU6, STM32U073H8Y6TR, STM32U073HBY6TR, STM32U073HCY6TR, STM32U073K8U6, STM32U073KBU6, STM32U073KCU6, STM32U073M8I6, STM32U073M8T6, STM32U073MBI6, STM32U073MBT6, STM32U073MCI6, STM32U073MCT6, STM32U073R8I6, STM32U073R8T6, STM32U073RBI6, STM32U073RBT6, STM32U073RCI6, STM32U073RCT6, STM32U083C-DK, STM32U083CCT6, STM32U083CCU6, STM32U083HCY6TR, STM32U083KCU6, STM32U083MCI6, STM32U083MCT6, STM32U083RCI6, STM32U083RCT6, STM32U375CET6, STM32U375CET6Q, STM32U375CEU6, STM32U375CEU6Q, STM32U375CEY6QTR, STM32U375CGT6, STM32U375CGT6Q, STM32U375CGU6, STM32U375CGU6Q, STM32U375CGY6QTR, STM32U375KEU6, STM32U375KGU6, STM32U375REI6, STM32U375REI6Q, STM32U375RET6, STM32U375RET6Q, STM32U375REY6GTR, STM32U375REY6QTR, STM32U375RGI6, STM32U375RGI6Q, STM32U375RGT6, STM32U375RGT6Q, STM32U375RGY6GTR, STM32U375RGY6QTR, STM32U375VEI6, STM32U375VEI6Q, STM32U375VET6, STM32U375VET6Q, STM32U375VGI6, STM32U375VGI6Q, STM32U375VGT6, STM32U375VGT6Q, STM32U385CGT6, STM32U385CGT6Q, STM32U385CGU6, STM32U385CGU6Q, STM32U385CGY6QTR, STM32U385KGU6, STM32U385RGI6, STM32U385RGI6Q, STM32U385RGT6, STM32U385RGT6Q, STM32U385RGY6GTR, STM32U385RGY6QTR, STM32U385VGI6, STM32U385VGI6Q, STM32U385VGT6, STM32U385VGT6Q, STM32U535CBT6, STM32U535CBT6Q, STM32U535CBU6, STM32U535CBU6Q, STM32U535CCT6, STM32U535CCT6Q, STM32U535CCU6, STM32U535CCU6Q, STM32U535CET6, STM32U535CET6Q, STM32U535CEU6, STM32U535CEU6Q, STM32U535JEY6QTR, STM32U535NCY6QTR, STM32U535NEY6QTR, STM32U535RBI6, STM32U535RBI6Q, STM32U535RBT6, STM32U535RBT6Q, STM32U535RCI6, STM32U535RCI6Q, STM32U535RCT6, STM32U535RCT6Q, STM32U535REI6, STM32U535REI6Q, STM32U535RET6, STM32U535RET6Q, STM32U535VCI6, STM32U535VCI6Q, STM32U535VCT6, STM32U535VCT6Q, STM32U535VEI6, STM32U535VEI6Q, STM32U535VET6, STM32U535VET6Q, STM32U545CET6, STM32U545CET6Q, STM32U545CEU6, STM32U545CEU6Q, STM32U545JEY6QTR, STM32U545NEY6QTR, STM32U545REI6, STM32U545REI6Q, STM32U545RET6, STM32U545RET6Q, STM32U545VEI6, STM32U545VEI6Q, STM32U545VET6, STM32U545VET6Q, STM32U595AIH6, STM32U595AIH6Q, STM32U595AJH6, STM32U595AJH6Q, STM32U595QII6, STM32U595QII6Q, STM32U595QJI6, STM32U595QJI6Q, STM32U595RIT6, STM32U595RIT6Q, STM32U595RJT6, STM32U595RJT6Q, STM32U595VIT6, STM32U595VIT6Q, STM32U595VJT6, STM32U595VJT6Q, STM32U595ZIT6, STM32U595ZIT6Q, STM32U595ZIY6QTR, STM32U595ZJT6, STM32U595ZJT6Q, STM32U595ZJY6QTR, STM32U599BJY6QTR, STM32U599NIH6Q, STM32U599NJH6Q, STM32U599VIT6Q, STM32U599VJT6, STM32U599VJT6Q, STM32U599ZIT6Q, STM32U599ZIY6QTR, STM32U599ZJT6Q, STM32U599ZJY6QTR, STM32U5A5AJH6, STM32U5A5AJH6Q, STM32U5A5QII3Q , STM32U5A5QJI6, STM32U5A5QJI6Q, STM32U5A5RJT6, STM32U5A5RJT6Q, STM32U5A5VJT6, STM32U5A5VJT6Q, STM32U5A5ZJT6, STM32U5A5ZJT6Q, STM32U5A5ZJY6QTR, STM32U5A9BJY6QTR, STM32U5A9J-DK, STM32U5A9NJH6Q, STM32U5A9VJT6Q, STM32U5A9ZJT6Q, STM32U5A9ZJY6QTR, STM32U5F7VIT6, STM32U5F7VIT6Q, STM32U5F7VJT6, STM32U5F7VJT6Q, STM32U5F9BJY6QTR, STM32U5F9NJH6Q, STM32U5F9VIT6Q, STM32U5F9VJT6Q, STM32U5F9ZIJ6QTR, STM32U5F9ZIT6Q, STM32U5F9ZJJ6QTR, STM32U5F9ZJT6Q, STM32U5G7VJT6, STM32U5G7VJT6Q, STM32U5G9BJY6QTR, STM32U5G9J-DK1, STM32U5G9J-DK2, STM32U5G9NJH6Q, STM32U5G9VJT6Q, STM32U5G9ZJJ6QTR, STM32U5G9ZJT6Q, STM32WB05KZV6TR, STM32WB05KZV7TR, STM32WB05TZF6TR, STM32WB05TZF7TR, STM32WB06CCF6TR, STM32WB06CCF7TR, STM32WB06CCV6TR, STM32WB06CCV7TR, STM32WB06KCV6TR, STM32WB06KCV7TR, STM32WB07CCF6TR, STM32WB07CCF7TR, STM32WB07CCV6TR, STM32WB07CCV7TR, STM32WB07KCV6TR, STM32WB07KCV7TR, STM32WB09KEV6TR, STM32WB09KEV7TR, STM32WB09TEF6TR, STM32WB09TEF7TR, STM32WB1MMCH6, STM32WBA50KGU6, STM32WBA50KGU6TR, STM32WBA52CEU6, STM32WBA52CEU6TR, STM32WBA52CEU7, STM32WBA52CEU7TR, STM32WBA52CGU6, STM32WBA52CGU6TR, STM32WBA52CGU6U, STM32WBA52CGU7, STM32WBA52CGU7TR, STM32WBA52KEU6, STM32WBA52KEU6TR, STM32WBA52KGU6, STM32WBA52KGU6TR, STM32WBA54CEU6, STM32WBA54CEU6TR, STM32WBA54CEU7, STM32WBA54CEU7TR, STM32WBA54CGU6, STM32WBA54CGU6TR, STM32WBA54CGU7, STM32WBA54CGU7TR, STM32WBA54KEU6, STM32WBA54KEU6TR, STM32WBA54KEU7, STM32WBA54KEU7TR, STM32WBA54KGU6, STM32WBA54KGU6TR, STM32WBA54KGU7, STM32WBA54KGU7TR, STM32WBA55CEU6, STM32WBA55CEU6TR, STM32WBA55CEU7, STM32WBA55CEU7TR, STM32WBA55CGU6, STM32WBA55CGU6TR, STM32WBA55CGU6U, STM32WBA55CGU7, STM32WBA55CGU7TR, STM32WBA55G-DK1, STM32WBA55HEF6, STM32WBA55HEF7, STM32WBA55HGF6, STM32WBA55HGF7, STM32WBA55UEI6, STM32WBA55UEI6TR, STM32WBA55UEI7, STM32WBA55UEI7TR, STM32WBA55UGI6, STM32WBA55UGI6TR, STM32WBA55UGI7, STM32WBA55UGI7TR, STM32WBA5MJGH6TR, STM32WBA62CGU6, STM32WBA62CIU6, STM32WBA62MGF6, STM32WBA62MIF6, STM32WBA62PGI6, STM32WBA62PII6, STM32WBA63CGU6, STM32WBA63CGU7, STM32WBA63CIU6, STM32WBA63CIU7, STM32WBA64CGU6, STM32WBA64CGU7, STM32WBA64CIU6, STM32WBA64CIU7, STM32WBA65CGU6, STM32WBA65CGU7, STM32WBA65CIU6, STM32WBA65CIU7, STM32WBA65I-DK1, STM32WBA65MGF6, STM32WBA65MGF7, STM32WBA65MIF6, STM32WBA65MIF7, STM32WBA65PGI6, STM32WBA65PGI7, STM32WBA65PII6, STM32WBA65PII7, STM32WBA65RGV6, STM32WBA65RGV7, STM32WBA65RIV6, STM32WBA65RIV7, STM32WL30K8V6, STM32WL30KBV6, STM32WL31C8V6, STM32WL31CBV6, STM32WL31K8V6, STM32WL31KBV6, STM32WL33C8V6, STM32WL33C8V6TR, STM32WL33C8V7, STM32WL33C8V7TR, STM32WL33CBV6, STM32WL33CBV6TR, STM32WL33CBV7, STM32WL33CBV7TR, STM32WL33CCV6, STM32WL33CCV6TR, STM32WL33CCV7, STM32WL33CCV7A, STM32WL33CCV7ATR, STM32WL33CCV7TR, STM32WL33K8V6, STM32WL33K8V6TR, STM32WL33K8V7, STM32WL33K8V7TR, STM32WL33KBV6, STM32WL33KBV6TR, STM32WL33KBV7, STM32WL33KBV7TR, STM32WL33KCV6, STM32WL33KCV6TR, STM32WL33KCV7, STM32WL33KCV7TR, STM32WL5MOCH6, STM32WL5MOCH6TR]
2026-03-02 18:52:13,762 [INFO] DbMcus:218 - Found 4822 MCUs, 4822 are supported
2026-03-02 18:52:13,763 [INFO] ApiDb:423 - Load user favorites file C:\Users\lthst/.stm32cubeide/favorites.mcus.txt: 0 item(s)
2026-03-02 18:52:13,763 [INFO] ApiDb:427 - User favorites MCUs=[]
2026-03-02 18:52:13,763 [INFO] DbMcus:224 - Set 0 / 0 favorites MCUs
2026-03-02 18:52:14,567 [INFO] BoardInfo:889 - No configuration file found for board P-NUCLEO-WB55
2026-03-02 18:52:14,569 [INFO] DbBoards:161 - Kit is not supported: P-NUCLEO-WB55
2026-03-02 18:52:14,578 [INFO] BoardInfo:889 - No configuration file found for board STEVAL-BFA001V1B
2026-03-02 18:52:14,580 [INFO] DbBoards:161 - Kit is not supported: STEVAL-BFA001V1B
2026-03-02 18:52:14,581 [INFO] BoardInfo:889 - No configuration file found for board STEVAL-BFA001V2B
2026-03-02 18:52:14,583 [INFO] DbBoards:161 - Kit is not supported: STEVAL-BFA001V2B
2026-03-02 18:52:14,906 [INFO] DbBoards:168 - Found 211 boards, 208 are supported
2026-03-02 18:52:14,906 [INFO] DbBoards:169 - Found 211 boards, 43 of them is supported for  Bsp
2026-03-02 18:52:14,910 [INFO] ApiDb:423 - Load user favorites file C:\Users\lthst/.stm32cubeide/favorites.boards.txt: 0 item(s)
2026-03-02 18:52:14,910 [INFO] ApiDb:427 - User favorites Boards=[]
2026-03-02 18:52:14,910 [INFO] DbBoards:198 - Set 0 / 0 favorites Boards
2026-03-02 18:52:14,969 [INFO] UtilMem:75 - End LoadConfig() Used Memory: 266146664 Bytes (381681664)
2026-03-02 18:52:15,166 [WARN] ThirdParty:833 - waiting for thirdparty lock release [change project]
2026-03-02 18:52:15,167 [INFO] ThirdParty:835 - entering critical section [change project]
2026-03-02 18:52:15,167 [INFO] ThirdParty:1030 - CMSIS Pack Vendor :STMicroelectronics X-CUBE-PM33A1 1.0.0
2026-03-02 18:52:15,167 [INFO] ThirdParty:1030 - CMSIS Pack Vendor :STMicroelectronics USBPD 4.1
2026-03-02 18:52:15,167 [INFO] ThirdParty:1030 - CMSIS Pack Vendor :STMicroelectronics USB_HOST 2.0.0
2026-03-02 18:52:15,167 [INFO] ThirdParty:1030 - CMSIS Pack Vendor :STMicroelectronics FP-SNS-MOTENVWB1 1.4.0
2026-03-02 18:52:15,167 [INFO] ThirdParty:1030 - CMSIS Pack Vendor :STMicroelectronics X-CUBE-AZRTOS-F4 1.1.0
2026-03-02 18:52:15,167 [INFO] ThirdParty:1030 - CMSIS Pack Vendor :STMicroelectronics LIBJPEG 8.0.0
2026-03-02 18:52:15,167 [INFO] ThirdParty:1030 - CMSIS Pack Vendor :STMicroelectronics FP-ATR-ASTRA1 2.0.2
2026-03-02 18:52:15,167 [INFO] ThirdParty:1030 - CMSIS Pack Vendor :Avnet-IotConnect X-CUBE-IoTC-DA16k-PMOD 1.0.0
2026-03-02 18:52:15,167 [INFO] ThirdParty:1030 - CMSIS Pack Vendor :STMicroelectronics X-CUBE-SMBUS 2.1.0
2026-03-02 18:52:15,168 [INFO] ThirdParty:1030 - CMSIS Pack Vendor :STMicroelectronics X-CUBE-WB05N 1.1.0
2026-03-02 18:52:15,168 [INFO] ThirdParty:1030 - CMSIS Pack Vendor :STMicroelectronics X-CUBE-ISPU 2.1.0
2026-03-02 18:52:15,168 [INFO] ThirdParty:1030 - CMSIS Pack Vendor :STMicroelectronics X-CUBE-ST60 1.0.0
2026-03-02 18:52:15,168 [INFO] ThirdParty:1030 - CMSIS Pack Vendor :STMicroelectronics X-CUBE-NFC12 1.0.0
2026-03-02 18:52:15,168 [INFO] ThirdParty:1030 - CMSIS Pack Vendor :STMicroelectronics X-CUBE-AZRTOS-F7 1.1.0
2026-03-02 18:52:15,168 [INFO] ThirdParty:1030 - CMSIS Pack Vendor :STMicroelectronics X-CUBE-AZRTOS-L5 2.0.0
2026-03-02 18:52:15,168 [INFO] ThirdParty:1030 - CMSIS Pack Vendor :STMicroelectronics USB_DEVICE 2.0.0
2026-03-02 18:52:15,168 [INFO] ThirdParty:1030 - CMSIS Pack Vendor :STMicroelectronics X-CUBE-NFC6 3.1.0
2026-03-02 18:52:15,168 [INFO] ThirdParty:1030 - CMSIS Pack Vendor :STMicroelectronics FreeRTOS 0.0.1
2026-03-02 18:52:15,168 [INFO] ThirdParty:1030 - CMSIS Pack Vendor :STMicroelectronics X-CUBE-DPower 1.2.0
2026-03-02 18:52:15,168 [INFO] ThirdParty:1030 - CMSIS Pack Vendor :Infineon AIROC-Wi-Fi-Bluetooth-STM32 1.7.0
2026-03-02 18:52:15,168 [INFO] ThirdParty:1030 - CMSIS Pack Vendor :STMicroelectronics PDM2PCM 3.3.0
2026-03-02 18:52:15,168 [INFO] ThirdParty:1030 - CMSIS Pack Vendor :STMicroelectronics X-CUBE-AZRTOS-H7 3.4.0
2026-03-02 18:52:15,168 [INFO] ThirdParty:1030 - CMSIS Pack Vendor :STMicroelectronics X-CUBE-DISPLAY 3.0.0
2026-03-02 18:52:15,168 [INFO] ThirdParty:1030 - CMSIS Pack Vendor :STMicroelectronics X-CUBE-NFC10 1.0.0
2026-03-02 18:52:15,168 [INFO] ThirdParty:1030 - CMSIS Pack Vendor :STMicroelectronics X-CUBE-BLEMGR 4.0.0
2026-03-02 18:52:15,168 [INFO] ThirdParty:1030 - CMSIS Pack Vendor :STMicroelectronics X-CUBE-FREERTOS 1.3.1
2026-03-02 18:52:15,168 [INFO] ThirdParty:1030 - CMSIS Pack Vendor :STMicroelectronics HAL Drivers 0.0.0
2026-03-02 18:52:15,169 [INFO] ThirdParty:1030 - CMSIS Pack Vendor :STMicroelectronics X-CUBE-ST60 1.1.0
2026-03-02 18:52:15,169 [INFO] ThirdParty:1030 - CMSIS Pack Vendor :emotas I-CUBE-CANOPEN 1.3.0
2026-03-02 18:52:15,169 [INFO] ThirdParty:1030 - CMSIS Pack Vendor :STMicroelectronics X-CUBE-FREERTOS 1.3.0
2026-03-02 18:52:15,169 [INFO] ThirdParty:1030 - CMSIS Pack Vendor :STMicroelectronics X-CUBE-NFC7 1.0.1
2026-03-02 18:52:15,169 [INFO] ThirdParty:1030 - CMSIS Pack Vendor :STMicroelectronics MBEDTLS 2.14.1
2026-03-02 18:52:15,169 [INFO] ThirdParty:1030 - CMSIS Pack Vendor :STMicroelectronics X-CUBE-GNSS1 7.1.0
2026-03-02 18:52:15,169 [INFO] ThirdParty:1030 - CMSIS Pack Vendor :STMicroelectronics X-CUBE-TOUCHGFX 4.26.0
2026-03-02 18:52:15,169 [INFO] ThirdParty:1030 - CMSIS Pack Vendor :quantropi X-CUBE-qispace-sdk-base 2.0.0
2026-03-02 18:52:15,169 [INFO] ThirdParty:1030 - CMSIS Pack Vendor :STMicroelectronics X-CUBE-AI 10.0.0
2026-03-02 18:52:15,169 [INFO] ThirdParty:1030 - CMSIS Pack Vendor :STMicroelectronics FP-SNS-STAIOTCFT 1.0.0
2026-03-02 18:52:15,169 [INFO] ThirdParty:1030 - CMSIS Pack Vendor :STMicroelectronics FP-SNS-SMARTAG2 1.2.0
2026-03-02 18:52:15,169 [INFO] ThirdParty:1030 - CMSIS Pack Vendor :STMicroelectronics FP-SNS-FLIGHT1 5.1.0
2026-03-02 18:52:15,169 [INFO] ThirdParty:1030 - CMSIS Pack Vendor :STMicroelectronics X-CUBE-MEMS1 11.1.0
2026-03-02 18:52:15,169 [INFO] ThirdParty:1030 - CMSIS Pack Vendor :STMicroelectronics X-CUBE-AZRTOS-WL 2.0.0
2026-03-02 18:52:15,169 [INFO] ThirdParty:1030 - CMSIS Pack Vendor :STMicroelectronics X-CUBE-DPower 1.3.0
2026-03-02 18:52:15,169 [INFO] ThirdParty:1030 - CMSIS Pack Vendor :STMicroelectronics FP-SNS-MOTENV1 5.0.0
2026-03-02 18:52:15,170 [INFO] ThirdParty:1030 - CMSIS Pack Vendor :STMicroelectronics USB_DEVICE 1.0.0
2026-03-02 18:52:15,170 [INFO] ThirdParty:1030 - CMSIS Pack Vendor :STMicroelectronics X-CUBE-AZRTOS-H7RS 1.2.0
2026-03-02 18:52:15,170 [INFO] ThirdParty:1030 - CMSIS Pack Vendor :STMicroelectronics X-CUBE-AZRTOS-L4 2.0.0
2026-03-02 18:52:15,170 [INFO] ThirdParty:1030 - CMSIS Pack Vendor :STMicroelectronics ThreadX 0.0.2
2026-03-02 18:52:15,170 [INFO] ThirdParty:1030 - CMSIS Pack Vendor :WES I-CUBE-Cesium 1.3.0
2026-03-02 18:52:15,170 [INFO] ThirdParty:1030 - CMSIS Pack Vendor :STMicroelectronics lwIP 2.1.2
2026-03-02 18:52:15,170 [INFO] ThirdParty:1030 - CMSIS Pack Vendor :STMicroelectronics X-CUBE-SFXS2LP1 4.0.0
2026-03-02 18:52:15,170 [INFO] ThirdParty:1030 - CMSIS Pack Vendor :STMicroelectronics X-CUBE-BLE2 3.3.0
2026-03-02 18:52:15,170 [INFO] ThirdParty:1030 - CMSIS Pack Vendor :Avnet-IOTCONNECT X-CUBE-iotc-st67-sdk 1.0.0
2026-03-02 18:52:15,170 [INFO] ThirdParty:1030 - CMSIS Pack Vendor :STMicroelectronics PDM2PCM 3.2.0
2026-03-02 18:52:15,170 [INFO] ThirdParty:1030 - CMSIS Pack Vendor :STMicroelectronics X-CUBE-AZRTOS-H7 3.3.0
2026-03-02 18:52:15,170 [INFO] ThirdParty:1030 - CMSIS Pack Vendor :STMicroelectronics X-CUBE-NFC9 1.0.0
2026-03-02 18:52:15,170 [INFO] ThirdParty:1030 - CMSIS Pack Vendor :STMicroelectronics X-CUBE-BLE1 7.1.0
2026-03-02 18:52:15,170 [INFO] ThirdParty:1030 - CMSIS Pack Vendor :wolfSSL I-CUBE-wolfMQTT 1.19.2
2026-03-02 18:52:15,170 [INFO] ThirdParty:1030 - CMSIS Pack Vendor :STMicroelectronics USB_DEVICE 3.0.0
2026-03-02 18:52:15,170 [INFO] ThirdParty:1030 - CMSIS Pack Vendor :STMicroelectronics X-CUBE-EEPRMA1 5.2.0
2026-03-02 18:52:15,170 [INFO] ThirdParty:1030 - CMSIS Pack Vendor :STMicroelectronics X-CUBE-BLEMGR 4.1.0
2026-03-02 18:52:15,170 [INFO] ThirdParty:1030 - CMSIS Pack Vendor :STMicroelectronics X-CUBE-AZRTOS-WB 2.0.0
2026-03-02 18:52:15,171 [INFO] ThirdParty:1030 - CMSIS Pack Vendor :STMicroelectronics X-CUBE-GNSS1 7.0.1
2026-03-02 18:52:15,171 [INFO] ThirdParty:1030 - CMSIS Pack Vendor :STMicroelectronics X-CUBE-TOUCHGFX 4.25.0
2026-03-02 18:52:15,171 [INFO] ThirdParty:1030 - CMSIS Pack Vendor :STMicroelectronics X-CUBE-AI 10.1.0
2026-03-02 18:52:15,171 [INFO] ThirdParty:1030 - CMSIS Pack Vendor :STMicroelectronics FP-SNS-STBOX1 2.0.0
2026-03-02 18:52:15,171 [INFO] ThirdParty:1030 - CMSIS Pack Vendor :STMicroelectronics X-CUBE-MEMS1 12.0.0
2026-03-02 18:52:15,171 [INFO] ThirdParty:1030 - CMSIS Pack Vendor :STMicroelectronics X-CUBE-STSE01 2.0.0
2026-03-02 18:52:15,171 [INFO] ThirdParty:1030 - CMSIS Pack Vendor :STMicroelectronics X-CUBE-MEMS1 11.2.0
2026-03-02 18:52:15,171 [INFO] ThirdParty:1030 - CMSIS Pack Vendor :STMicroelectronics X-CUBE-AZRTOS-G0 1.1.0
2026-03-02 18:52:15,171 [INFO] ThirdParty:1030 - CMSIS Pack Vendor :STMicroelectronics X-CUBE-SAFEA1 1.2.2
2026-03-02 18:52:15,171 [INFO] ThirdParty:1030 - CMSIS Pack Vendor :STMicroelectronics X-CUBE-NFC4 3.0.0
2026-03-02 18:52:15,171 [INFO] ThirdParty:1030 - CMSIS Pack Vendor :STMicroelectronics X-CUBE-SUBG2 5.0.0
2026-03-02 18:52:15,171 [INFO] ThirdParty:1030 - CMSIS Pack Vendor :STMicroelectronics X-CUBE-AZRTOS-H7RS 1.1.0
2026-03-02 18:52:15,171 [INFO] ThirdParty:1030 - CMSIS Pack Vendor :STMicroelectronics STM32_WPAN 1.0.0
2026-03-02 18:52:15,171 [INFO] ThirdParty:1030 - CMSIS Pack Vendor :EmbeddedOffice I-CUBE-FS-RTOS 1.0.1
2026-03-02 18:52:15,171 [INFO] ThirdParty:1030 - CMSIS Pack Vendor :STMicroelectronics lwIP 2.0.3
2026-03-02 18:52:15,171 [INFO] ThirdParty:1030 - CMSIS Pack Vendor :Cesanta I-CUBE-Mongoose 7.13.0
2026-03-02 18:52:15,171 [INFO] ThirdParty:1030 - CMSIS Pack Vendor :STMicroelectronics USB_HOST 1.0.0
2026-03-02 18:52:15,172 [INFO] ThirdParty:1030 - CMSIS Pack Vendor :STMicroelectronics X-CUBE-AZRTOS-G4 2.0.0
2026-03-02 18:52:15,172 [INFO] ThirdParty:1030 - CMSIS Pack Vendor :STMicroelectronics X-CUBE-WB05N 2.0.0
2026-03-02 18:52:15,172 [INFO] ThirdParty:1030 - CMSIS Pack Vendor :STMicroelectronics PDM2PCM 3.1.0
2026-03-02 18:52:15,172 [INFO] ThirdParty:1030 - CMSIS Pack Vendor :wolfSSL I-CUBE-wolfTPM 3.8.0
2026-03-02 18:52:15,172 [INFO] ThirdParty:1030 - CMSIS Pack Vendor :wolfSSL I-CUBE-wolfSSH 1.4.20
2026-03-02 18:52:15,172 [INFO] ThirdParty:1030 - CMSIS Pack Vendor :STMicroelectronics X-CUBE-NFC7 2.0.0
2026-03-02 18:52:15,172 [INFO] ThirdParty:1030 - CMSIS Pack Vendor :STMicroelectronics X-CUBE-TCPP 4.2.0
2026-03-02 18:52:15,172 [INFO] ThirdParty:1030 - CMSIS Pack Vendor :RealThread X-CUBE-RT-Thread_Nano 4.1.1
2026-03-02 18:52:15,172 [INFO] ThirdParty:1030 - CMSIS Pack Vendor :STMicroelectronics FP-ATR-SIGFOX1 3.2.0
2026-03-02 18:52:15,172 [INFO] ThirdParty:1030 - CMSIS Pack Vendor :STMicroelectronics X-CUBE-EEPRMA1 5.1.0
2026-03-02 18:52:15,172 [INFO] ThirdParty:1030 - CMSIS Pack Vendor :STMicroelectronics MBEDTLS 2.16.2
2026-03-02 18:52:15,172 [INFO] ThirdParty:1030 - CMSIS Pack Vendor :STMicroelectronics X-CUBE-IPS 3.1.0
2026-03-02 18:52:15,172 [INFO] ThirdParty:1030 - CMSIS Pack Vendor :STMicroelectronics X-CUBE-ALS 1.0.2
2026-03-02 18:52:15,172 [INFO] ThirdParty:1030 - CMSIS Pack Vendor :wolfSSL I-CUBE-wolfSSL 5.7.6
2026-03-02 18:52:15,172 [INFO] ThirdParty:1030 - CMSIS Pack Vendor :ITTIA_DB I-CUBE-ITTIADB 8.9.0
2026-03-02 18:52:15,172 [INFO] ThirdParty:1030 - CMSIS Pack Vendor :STMicroelectronics X-CUBE-STSE01 1.0.0
2026-03-02 18:52:15,172 [INFO] ThirdParty:1030 - CMSIS Pack Vendor :portGmbH I-Cube-SoM-uGOAL 1.1.0
2026-03-02 18:52:15,172 [INFO] ThirdParty:1030 - CMSIS Pack Vendor :STMicroelectronics X-CUBE-NFC6 3.2.0
2026-03-02 18:52:15,172 [INFO] ThirdParty:1030 - CMSIS Pack Vendor :STMicroelectronics X-CUBE-ST67W61 1.0.0
2026-03-02 18:52:15,173 [INFO] ThirdParty:1030 - CMSIS Pack Vendor :STMicroelectronics X-CUBE-AI 10.2.0
2026-03-02 18:52:15,173 [INFO] ThirdParty:1030 - CMSIS Pack Vendor :STMicroelectronics ThreadX 1.0.0
2026-03-02 18:52:15,173 [INFO] ThirdParty:1030 - CMSIS Pack Vendor :SEGGER I-CUBE-embOS 1.3.1
2026-03-02 18:52:15,173 [INFO] ThirdParty:1030 - CMSIS Pack Vendor :STMicroelectronics X-CUBE-ALGOBUILD 1.4.0
2026-03-02 18:52:15,173 [INFO] ThirdParty:1030 - CMSIS Pack Vendor :STMicroelectronics X-CUBE-MEMS1 11.3.0
2026-03-02 18:52:15,173 [INFO] ThirdParty:1030 - CMSIS Pack Vendor :STMicroelectronics X-CUBE-TOF1 3.4.2
2026-03-02 18:52:15,173 [INFO] ThirdParty:1030 - CMSIS Pack Vendor :STMicroelectronics X-CUBE-TOF1 3.4.3
2026-03-02 18:52:15,173 [INFO] ThirdParty:841 - exiting critical section [change project]
2026-03-02 18:52:15,863 [INFO] PinOutPanel:1589 - setPackage(No Configuration,No Configuration)
2026-03-02 18:52:15,866 [INFO] PinOutPanel:1589 - setPackage(STM32F446RETx,LQFP64)
2026-03-02 18:52:17,109 [INFO] UtilMem:75 - Before build in PCC Used Memory: 344573952 Bytes (381681664)
2026-03-02 18:52:18,814 [INFO] UtilMem:75 - After build in PCC Used Memory: 273512312 Bytes (381681664)
2026-03-02 18:52:18,883 [INFO] IPUIPlugin:80 - create IPUIPlugin
2026-03-02 18:52:18,883 [INFO] IPUIPlugin:80 - create IPUIPlugin
2026-03-02 18:52:18,884 [INFO] IPUIPlugin:80 - create IPUIPlugin
2026-03-02 18:52:18,884 [INFO] IPUIPlugin:80 - create IPUIPlugin
2026-03-02 18:52:18,884 [INFO] IPUIPlugin:80 - create IPUIPlugin
2026-03-02 18:52:18,884 [INFO] IPUIPlugin:80 - create IPUIPlugin
2026-03-02 18:52:18,885 [INFO] IPUIPlugin:80 - create IPUIPlugin
2026-03-02 18:52:18,886 [INFO] IPUIPlugin:80 - create IPUIPlugin
2026-03-02 18:52:18,886 [INFO] IPUIPlugin:80 - create IPUIPlugin
2026-03-02 18:52:18,886 [INFO] IPUIPlugin:80 - create IPUIPlugin
2026-03-02 18:52:18,886 [INFO] IPUIPlugin:80 - create IPUIPlugin
2026-03-02 18:52:18,887 [INFO] IPUIPlugin:80 - create IPUIPlugin
2026-03-02 18:52:18,887 [INFO] IPUIPlugin:80 - create IPUIPlugin
2026-03-02 18:52:18,887 [INFO] IPUIPlugin:80 - create IPUIPlugin
2026-03-02 18:52:18,888 [INFO] IPUIPlugin:80 - create IPUIPlugin
2026-03-02 18:52:18,888 [INFO] IPUIPlugin:80 - create IPUIPlugin
2026-03-02 18:52:18,888 [INFO] IPUIPlugin:80 - create IPUIPlugin
2026-03-02 18:52:18,888 [INFO] IPUIPlugin:80 - create IPUIPlugin
2026-03-02 18:52:18,889 [INFO] IPUIPlugin:80 - create IPUIPlugin
2026-03-02 18:52:18,889 [INFO] IPUIPlugin:80 - create IPUIPlugin
2026-03-02 18:52:18,889 [INFO] IPUIPlugin:80 - create IPUIPlugin
2026-03-02 18:52:18,890 [INFO] IPUIPlugin:80 - create IPUIPlugin
2026-03-02 18:52:18,891 [INFO] IPUIPlugin:80 - create IPUIPlugin
2026-03-02 18:52:18,891 [INFO] IPUIPlugin:80 - create IPUIPlugin
2026-03-02 18:52:18,892 [INFO] IPUIPlugin:80 - create IPUIPlugin
2026-03-02 18:52:18,892 [INFO] IPUIPlugin:80 - create IPUIPlugin
2026-03-02 18:52:18,892 [INFO] IPUIPlugin:80 - create IPUIPlugin
2026-03-02 18:52:18,893 [INFO] IPUIPlugin:80 - create IPUIPlugin
2026-03-02 18:52:18,893 [INFO] IPUIPlugin:80 - create IPUIPlugin
2026-03-02 18:52:18,893 [INFO] IPUIPlugin:80 - create IPUIPlugin
2026-03-02 18:52:18,894 [INFO] IPUIPlugin:80 - create IPUIPlugin
2026-03-02 18:52:18,894 [INFO] IPUIPlugin:80 - create IPUIPlugin
2026-03-02 18:52:18,894 [INFO] IPUIPlugin:80 - create IPUIPlugin
2026-03-02 18:52:18,895 [INFO] IPUIPlugin:80 - create IPUIPlugin
2026-03-02 18:52:18,895 [INFO] IPUIPlugin:80 - create IPUIPlugin
2026-03-02 18:52:18,895 [INFO] IPUIPlugin:80 - create IPUIPlugin
2026-03-02 18:52:18,896 [INFO] IPUIPlugin:80 - create IPUIPlugin
2026-03-02 18:52:18,896 [INFO] IPUIPlugin:80 - create IPUIPlugin
2026-03-02 18:52:18,897 [INFO] IPUIPlugin:80 - create IPUIPlugin
2026-03-02 18:52:18,897 [INFO] IPUIPlugin:80 - create IPUIPlugin
2026-03-02 18:52:18,898 [INFO] IPUIPlugin:80 - create IPUIPlugin
2026-03-02 18:52:18,899 [INFO] IPUIPlugin:80 - create IPUIPlugin
2026-03-02 18:52:18,899 [INFO] IPUIPlugin:80 - create IPUIPlugin
2026-03-02 18:52:18,900 [INFO] IPUIPlugin:80 - create IPUIPlugin
2026-03-02 18:52:18,900 [INFO] IPUIPlugin:80 - create IPUIPlugin
2026-03-02 18:52:18,902 [INFO] IPUIPlugin:80 - create IPUIPlugin
2026-03-02 18:52:18,903 [INFO] IPUIPlugin:80 - create IPUIPlugin
2026-03-02 18:52:18,904 [INFO] IPUIPlugin:80 - create IPUIPlugin
2026-03-02 18:52:18,905 [INFO] IPUIPlugin:80 - create IPUIPlugin
2026-03-02 18:52:18,905 [INFO] IPUIPlugin:80 - create IPUIPlugin
2026-03-02 18:52:18,906 [INFO] IPUIPlugin:80 - create IPUIPlugin
2026-03-02 18:52:18,907 [INFO] IPUIPlugin:80 - create IPUIPlugin
2026-03-02 18:52:18,908 [INFO] IPUIPlugin:80 - create IPUIPlugin
2026-03-02 18:52:18,909 [INFO] IPUIPlugin:80 - create IPUIPlugin
2026-03-02 18:52:18,909 [INFO] IPUIPlugin:80 - create IPUIPlugin
2026-03-02 18:52:18,910 [INFO] IPUIPlugin:80 - create IPUIPlugin
2026-03-02 18:52:18,911 [INFO] IPUIPlugin:80 - create IPUIPlugin
2026-03-02 18:52:18,912 [INFO] IPUIPlugin:80 - create IPUIPlugin
2026-03-02 18:52:18,913 [INFO] IPUIPlugin:80 - create IPUIPlugin
2026-03-02 18:52:18,914 [INFO] IPUIPlugin:80 - create IPUIPlugin
2026-03-02 18:52:19,099 [INFO] ApiDbMcu:508 - Load IP Config File for PDM2PCM
2026-03-02 18:52:19,659 [INFO] CADModel:165 - CPN selected for project levelSTM32F446RET6
2026-03-02 18:52:19,659 [INFO] CADModel:114 - Register for checkConnection events
2026-03-02 18:52:19,725 [INFO] OpenFileManager:385 - Restore cursor
2026-03-02 18:53:10,159 [INFO] NvicIntPanel:101 - NVIC parent = com.st.microxplorer.plugins.ip.nvic.MultiNvicIntPanel[,0,0,0x0,invalid,layout=javax.swing.BoxLayout,alignmentX=0.0,alignmentY=0.0,border=,flags=9,maximumSize=,minimumSize=,preferredSize=]
2026-03-02 18:54:46,641 [INFO] NvicIntPanel:101 - NVIC parent = com.st.microxplorer.plugins.ip.nvic.MultiNvicIntPanel[,0,0,0x0,invalid,layout=javax.swing.BoxLayout,alignmentX=0.0,alignmentY=0.0,border=,flags=9,maximumSize=,minimumSize=,preferredSize=]
2026-03-02 18:54:49,893 [INFO] UtilMem:75 - End SaveConfig() Used Memory: 211730968 Bytes (570425344)
2026-03-02 18:54:53,516 [INFO] UtilMem:75 - End SaveConfig() Used Memory: 317360984 Bytes (570425344)
2026-03-02 18:54:56,010 [INFO] BlockDiagram:2775 - set Specific Code input for plugin: TIM1_8
2026-03-02 18:54:56,011 [INFO] BlockDiagram:2775 - set Specific Code input for plugin: TIM1_8
2026-03-02 18:54:56,011 [INFO] BlockDiagram:2775 - set Specific Code input for plugin: SYS
2026-03-02 18:54:56,011 [INFO] BlockDiagram:2775 - set Specific Code input for plugin: RCC
2026-03-02 18:54:56,012 [INFO] BlockDiagram:2775 - set Specific Code input for plugin: NVIC
2026-03-02 18:54:56,012 [INFO] BlockDiagram:2775 - set Specific Code input for plugin: USART
2026-03-02 18:54:56,012 [INFO] BlockDiagram:2775 - set Specific Code input for plugin: GPIO
2026-03-02 18:54:56,014 [INFO] CodeGenerator:882 - code generatio: config db path: C:\ST\STM32CubeIDE_1.18.0\STM32CubeIDE\plugins\com.st.stm32cube.common.mx_6.14.0.202502271554\\db\
2026-03-02 18:54:56,624 [INFO] CodeEngine:263 - oldGeneratedFile, C:\Users\lthst\Desktop\aquaponics\Automated-Aquaponics-System\sec_convey\sec_convey_cart\MXTmpFiles\license.tmp_save
2026-03-02 18:54:58,624 [INFO] CodeEngine:287 - Generated code: C:\Users\lthst\Desktop\aquaponics\Automated-Aquaponics-System\sec_convey\sec_convey_cart\MXTmpFiles\license.tmp
2026-03-02 18:54:58,982 [INFO] CodeEngine:263 - oldGeneratedFile, C:\Users\lthst\Desktop\aquaponics\Automated-Aquaponics-System\sec_convey\sec_convey_cart\MXTmpFiles\gpio.tmp_save
2026-03-02 18:54:59,457 [INFO] CodeEngine:287 - Generated code: C:\Users\lthst\Desktop\aquaponics\Automated-Aquaponics-System\sec_convey\sec_convey_cart\MXTmpFiles\gpio.tmp
2026-03-02 18:55:00,265 [INFO] CodeEngine:263 - oldGeneratedFile, C:\Users\lthst\Desktop\aquaponics\Automated-Aquaponics-System\sec_convey\sec_convey_cart\Core\Src\stm32f4xx_it.c_save
2026-03-02 18:55:00,825 [INFO] CodeEngine:287 - Generated code: C:\Users\lthst\Desktop\aquaponics\Automated-Aquaponics-System\sec_convey\sec_convey_cart\Core\Src\stm32f4xx_it.c
2026-03-02 18:55:00,908 [INFO] CodeEngine:263 - oldGeneratedFile, C:\Users\lthst\Desktop\aquaponics\Automated-Aquaponics-System\sec_convey\sec_convey_cart\Core\Inc\stm32f4xx_it.h_save
2026-03-02 18:55:01,235 [INFO] CodeEngine:287 - Generated code: C:\Users\lthst\Desktop\aquaponics\Automated-Aquaponics-System\sec_convey\sec_convey_cart\Core\Inc\stm32f4xx_it.h
2026-03-02 18:55:01,345 [INFO] CodeEngine:263 - oldGeneratedFile, C:\Users\lthst\Desktop\aquaponics\Automated-Aquaponics-System\sec_convey\sec_convey_cart\Core\Src\stm32f4xx_hal_msp.c_save
2026-03-02 18:55:01,896 [INFO] CodeEngine:287 - Generated code: C:\Users\lthst\Desktop\aquaponics\Automated-Aquaponics-System\sec_convey\sec_convey_cart\Core\Src\stm32f4xx_hal_msp.c
2026-03-02 18:55:01,943 [INFO] CodeEngine:263 - oldGeneratedFile, C:\Users\lthst\Desktop\aquaponics\Automated-Aquaponics-System\sec_convey\sec_convey_cart\MXTmpFiles\system.tmp_save
2026-03-02 18:55:02,191 [INFO] CodeEngine:287 - Generated code: C:\Users\lthst\Desktop\aquaponics\Automated-Aquaponics-System\sec_convey\sec_convey_cart\MXTmpFiles\system.tmp
2026-03-02 18:55:02,291 [INFO] CodeEngine:319 - oldGeneratedFile, C:\Users\lthst\Desktop\aquaponics\Automated-Aquaponics-System\sec_convey\sec_convey_cart\Core\Inc\stm32f4xx_hal_conf.h_save
2026-03-02 18:55:02,578 [INFO] CodeEngine:343 - Generated code: C:\Users\lthst\Desktop\aquaponics\Automated-Aquaponics-System\sec_convey\sec_convey_cart\Core\Inc\stm32f4xx_hal_conf.h
2026-03-02 18:55:02,708 [WARN] IPConfigManager:3174 - Warning: the RefConfig PLL2P_FOR_MCO is not available in your config.xml file
2026-03-02 18:55:02,761 [INFO] ApiDbMcu:508 - Load IP Config File for TIM3
2026-03-02 18:55:02,808 [INFO] ApiDbMcu:508 - Load IP Config File for TIM5
2026-03-02 18:55:02,818 [INFO] ApiDbMcu:508 - Load IP Config File for USART2
2026-03-02 18:55:02,829 [INFO] ApiDbMcu:508 - Load IP Config File for RCC
2026-03-02 18:55:02,835 [WARN] IPConfigManager:3747 - IP not found : TIM
2026-03-02 18:55:02,841 [WARN] CodeGenerator:4198 - IP not found : null
2026-03-02 18:55:02,943 [INFO] CodeEngine:263 - oldGeneratedFile, C:\Users\lthst\Desktop\aquaponics\Automated-Aquaponics-System\sec_convey\sec_convey_cart\Core\Inc\main.h_save
2026-03-02 18:55:03,340 [INFO] CodeEngine:287 - Generated code: C:\Users\lthst\Desktop\aquaponics\Automated-Aquaponics-System\sec_convey\sec_convey_cart\Core\Inc\main.h
2026-03-02 18:55:03,385 [INFO] CodeEngine:263 - oldGeneratedFile, C:\Users\lthst\Desktop\aquaponics\Automated-Aquaponics-System\sec_convey\sec_convey_cart\Core\Src\main.c_save
2026-03-02 18:55:03,919 [INFO] CodeEngine:287 - Generated code: C:\Users\lthst\Desktop\aquaponics\Automated-Aquaponics-System\sec_convey\sec_convey_cart\Core\Src\main.c
2026-03-02 18:55:05,079 [INFO] ProjectBuilder:3324 - Time for Copy HAL[1] : 499mS.
2026-03-02 18:55:05,092 [INFO] ProjectBuilder:4912 - Project Generator version: 4.6.0-B36
2026-03-02 18:55:05,360 [INFO] ConfigFileManager:1590 - The Die is : DIE421
2026-03-02 18:55:05,415 [INFO] ApiDbMcu:508 - Load IP Config File for FATFS
2026-03-02 18:55:05,452 [INFO] ApiDbMcu:508 - Load IP Config File for FREERTOS
2026-03-02 18:55:05,487 [INFO] ApiDbMcu:508 - Load IP Config File for LIBJPEG
2026-03-02 18:55:05,527 [INFO] ApiDbMcu:508 - Load IP Config File for MBEDTLS
2026-03-02 18:55:05,559 [INFO] ApiDbMcu:508 - Load IP Config File for USB_DEVICE
2026-03-02 18:55:05,580 [INFO] ApiDbMcu:508 - Load IP Config File for USB_HOST
2026-03-02 18:55:08,599 [INFO] LogOutputStream:77 - [STDOUT_REDIRECT] 
2026-03-02 18:55:15,961 [INFO] ProjectBuilder:5191 - Time for Generating toolchain IDE Files: 10868mS.
2026-03-02 18:55:15,967 [INFO] ProjectBuilder:3181 - Time for Copy CMSIS : 4mS.
2026-03-02 18:55:15,981 [INFO] ProjectBuilder:3181 - Time for Copy CMSIS : 0mS.
