2026-02-19 15:47:04,046 [INFO] Activator:176 - 


2026-02-19 15:47:04,056 [INFO] Activator:177 - !SESSION log4j initialized
2026-02-19 15:47:15,589 [INFO] LogOutputStream:77 - [STDOUT_REDIRECT] 
2026-02-19 15:47:22,868 [INFO] ApplicationProperties:184 - Using Application install path: C:\ST\STM32CubeIDE_1.18.0\STM32CubeIDE\plugins\com.st.stm32cube.common.mx_6.14.0.202502271554
2026-02-19 15:47:22,897 [INFO] DbMcusXml:78 - Set database path to: C:\ST\STM32CubeIDE_1.18.0\STM32CubeIDE\plugins\com.st.stm32cube.common.mx_6.14.0.202502271554\\db\/mcu/
2026-02-19 15:47:22,897 [INFO] ApiDb:274 - Set plugin database path to: C:\ST\STM32CubeIDE_1.18.0\STM32CubeIDE\plugins\com.st.stm32cube.common.mx_6.14.0.202502271554\\db\/plugins/boardmanager/
2026-02-19 15:47:22,898 [WARN] ApiDb:259 - Overriding images path with different value:  => C:\ST\STM32CubeIDE_1.18.0\STM32CubeIDE\plugins\com.st.stm32cube.common.mx_6.14.0.202502271554\\db\/plugins/mcufinder/images/
2026-02-19 15:47:22,909 [INFO] ApiDb:250 - Set database path to: C:\Users\lthst\.stmcufinder\plugins\mcufinder//mcu/
2026-02-19 15:47:22,911 [INFO] DbMcusAds:125 - Set database path to: C:\Users\lthst\.stmcufinder\plugins\mcufinder//mcu/
2026-02-19 15:47:22,915 [INFO] CrossReferenceDbSqlite:203 - Set database path to: C:\Users\lthst\.stmcufinder\plugins\mcufinder//mcu/cs/
2026-02-19 15:47:23,152 [INFO] RulesReader:64 - Compatibility file has been processed (301 Rules)
2026-02-19 15:47:23,329 [INFO] DbMcusXml:78 - Set database path to: C:\ST\STM32CubeIDE_1.18.0\STM32CubeIDE\plugins\com.st.stm32cube.common.mx_6.14.0.202502271554\\db\/mcu/
2026-02-19 15:47:23,329 [INFO] ApiDb:274 - Set plugin database path to: C:\ST\STM32CubeIDE_1.18.0\STM32CubeIDE\plugins\com.st.stm32cube.common.mx_6.14.0.202502271554\\db\/plugins/boardmanager/
2026-02-19 15:47:23,329 [INFO] ApiDb:261 - Set plugin images path to: C:\ST\STM32CubeIDE_1.18.0\STM32CubeIDE\plugins\com.st.stm32cube.common.mx_6.14.0.202502271554\\db\/plugins/mcufinder/images/
2026-02-19 15:47:23,330 [WARN] DbFile:41 - Overriding database path with different value: C:\Users\lthst\.stmcufinder\plugins\mcufinder/ => C:\Users\lthst\.stmcufinder\plugins\mcufinder
2026-02-19 15:47:23,330 [INFO] ApiDb:250 - Set database path to: C:\Users\lthst\.stmcufinder\plugins\mcufinder//mcu/
2026-02-19 15:47:23,330 [WARN] DbFile:41 - Overriding database path with different value: C:\Users\lthst\.stmcufinder\plugins\mcufinder/ => C:\Users\lthst\.stmcufinder\plugins\mcufinder
2026-02-19 15:47:23,330 [INFO] DbMcusAds:125 - Set database path to: C:\Users\lthst\.stmcufinder\plugins\mcufinder//mcu/
2026-02-19 15:47:23,331 [WARN] DbFile:41 - Overriding database path with different value: C:\Users\lthst\.stmcufinder\plugins\mcufinder/ => C:\Users\lthst\.stmcufinder\plugins\mcufinder
2026-02-19 15:47:23,331 [WARN] DbFile:41 - Overriding database path with different value: C:\Users\lthst\.stmcufinder\plugins\mcufinder/ => C:\Users\lthst\.stmcufinder\plugins\mcufinder
2026-02-19 15:47:23,331 [INFO] CrossReferenceDbSqlite:203 - Set database path to: C:\Users\lthst\.stmcufinder\plugins\mcufinder//mcu/cs/
2026-02-19 15:47:23,496 [INFO] MainPanel:272 - HeapMemory: 268435456
2026-02-19 15:47:23,691 [INFO] DbMcusXml:78 - Set database path to: C:\ST\STM32CubeIDE_1.18.0\STM32CubeIDE\plugins\com.st.stm32cube.common.mx_6.14.0.202502271554\\db\/mcu/
2026-02-19 15:47:23,691 [INFO] ApiDb:274 - Set plugin database path to: C:\ST\STM32CubeIDE_1.18.0\STM32CubeIDE\plugins\com.st.stm32cube.common.mx_6.14.0.202502271554\\db\/plugins/boardmanager/
2026-02-19 15:47:23,691 [INFO] ApiDb:261 - Set plugin images path to: C:\ST\STM32CubeIDE_1.18.0\STM32CubeIDE\plugins\com.st.stm32cube.common.mx_6.14.0.202502271554\\db\/plugins/mcufinder/images/
2026-02-19 15:47:23,692 [WARN] DbFile:41 - Overriding database path with different value: C:\Users\lthst\.stmcufinder\plugins\mcufinder/ => C:\Users\lthst\.stmcufinder\plugins\mcufinder
2026-02-19 15:47:23,692 [INFO] ApiDb:250 - Set database path to: C:\Users\lthst\.stmcufinder\plugins\mcufinder//mcu/
2026-02-19 15:47:23,692 [WARN] DbFile:41 - Overriding database path with different value: C:\Users\lthst\.stmcufinder\plugins\mcufinder/ => C:\Users\lthst\.stmcufinder\plugins\mcufinder
2026-02-19 15:47:23,692 [INFO] DbMcusAds:125 - Set database path to: C:\Users\lthst\.stmcufinder\plugins\mcufinder//mcu/
2026-02-19 15:47:23,692 [WARN] DbFile:41 - Overriding database path with different value: C:\Users\lthst\.stmcufinder\plugins\mcufinder/ => C:\Users\lthst\.stmcufinder\plugins\mcufinder
2026-02-19 15:47:23,692 [WARN] DbFile:41 - Overriding database path with different value: C:\Users\lthst\.stmcufinder\plugins\mcufinder/ => C:\Users\lthst\.stmcufinder\plugins\mcufinder
2026-02-19 15:47:23,692 [INFO] CrossReferenceDbSqlite:203 - Set database path to: C:\Users\lthst\.stmcufinder\plugins\mcufinder//mcu/cs/
2026-02-19 15:47:23,729 [INFO] ApplicationProperties:184 - Using Application install path: C:\ST\STM32CubeIDE_1.18.0\STM32CubeIDE\plugins\com.st.stm32cube.common.mx_6.14.0.202502271554
2026-02-19 15:47:23,731 [INFO] PluginManage:196 - Search for loadable plugins [exclusion list=, ]
2026-02-19 15:47:23,735 [INFO] PluginManage:310 - Check plugin analytics
2026-02-19 15:47:24,141 [INFO] AnalyticsPlugin:253 - Accepted Software Licenses: 
2026-02-19 15:47:24,142 [INFO] AnalyticsPlugin:255 - Accepted CMSIS Pack Licenses: 
2026-02-19 15:47:24,142 [INFO] AnalyticsPlugin:257 - Accepted Firmware Licenses: FW.F4.1.28.0
2026-02-19 15:47:24,148 [INFO] PluginManage:359 - Loaded plugin analytics (category:tool,tabindex:-1)
2026-02-19 15:47:24,149 [INFO] PluginManage:310 - Check plugin cadmodel
2026-02-19 15:47:24,200 [INFO] CADModel:105 - Init CAD model plugin
2026-02-19 15:47:24,201 [INFO] PluginManage:359 - Loaded plugin cadmodel (category:power,tabindex:5)
2026-02-19 15:47:24,201 [INFO] PluginManage:310 - Check plugin clock
2026-02-19 15:47:24,250 [INFO] PluginManage:359 - Loaded plugin clock (category:base,tabindex:2)
2026-02-19 15:47:24,251 [INFO] PluginManage:310 - Check plugin ddr
2026-02-19 15:47:24,255 [INFO] PluginManage:359 - Loaded plugin ddr (category:tool,tabindex:6)
2026-02-19 15:47:24,256 [INFO] PluginManage:310 - Check plugin filemanager
2026-02-19 15:47:24,546 [INFO] PluginManage:359 - Loaded plugin filemanager (category:base,tabindex:10)
2026-02-19 15:47:24,546 [INFO] PluginManage:310 - Check plugin ipmanager
2026-02-19 15:47:24,559 [INFO] PluginManage:359 - Loaded plugin ipmanager (category:base,tabindex:5)
2026-02-19 15:47:24,560 [INFO] PluginManage:310 - Check plugin lpbam
2026-02-19 15:47:24,598 [INFO] PluginManage:359 - Loaded plugin lpbam (category:base,tabindex:0)
2026-02-19 15:47:24,598 [INFO] PluginManage:310 - Check plugin memorymap
2026-02-19 15:47:24,653 [INFO] PluginManage:359 - Loaded plugin memorymap (category:base,tabindex:4)
2026-02-19 15:47:24,653 [INFO] PluginManage:310 - Check plugin pinoutandconfiguration
2026-02-19 15:47:24,694 [INFO] PluginManage:359 - Loaded plugin pinoutandconfiguration (category:base,tabindex:1)
2026-02-19 15:47:24,694 [INFO] PluginManage:310 - Check plugin pinoutconfig
2026-02-19 15:47:24,865 [WARN] SupportedApi:132 - Cannot load RTOS API schema: s4s-elt-must-match.1: The content of 'definitions' must match (annotation?, (simpleType | complexType)?, (unique | key | keyref)*)). A problem was found starting at: attribute.
2026-02-19 15:47:25,127 [INFO] PluginManage:359 - Loaded plugin pinoutconfig (category:base,tabindex:0)
2026-02-19 15:47:25,128 [INFO] PluginManage:310 - Check plugin power
2026-02-19 15:47:25,181 [INFO] PluginManage:359 - Loaded plugin power (category:power,tabindex:4)
2026-02-19 15:47:25,182 [INFO] PluginManage:310 - Check plugin projectmanager
2026-02-19 15:47:25,214 [INFO] PluginManage:359 - Loaded plugin projectmanager (category:projectmanager,tabindex:4)
2026-02-19 15:47:25,214 [INFO] PluginManage:310 - Check plugin rif
2026-02-19 15:47:25,265 [INFO] PluginManage:359 - Loaded plugin rif (category:base,tabindex:3)
2026-02-19 15:47:25,265 [INFO] PluginManage:310 - Check plugin thirdparty
2026-02-19 15:47:25,894 [INFO] PluginManage:359 - Loaded plugin thirdparty (category:base,tabindex:-1)
2026-02-19 15:47:25,894 [WARN] IntegrityCheckThread:84 - waiting for thirdparty lock release [integrity check]
2026-02-19 15:47:25,894 [INFO] PluginManage:310 - Check plugin tools
2026-02-19 15:47:25,894 [INFO] IntegrityCheckThread:86 - entering critical section [integrity check]
2026-02-19 15:47:25,895 [INFO] ThirdPartyUpdaterWithRetryManager:70 - Updater plugin not ready yet. [1/15]
2026-02-19 15:47:25,979 [INFO] PluginManage:359 - Loaded plugin tools (category:base,tabindex:7)
2026-02-19 15:47:25,979 [INFO] PluginManage:310 - Check plugin tutovideos
2026-02-19 15:47:26,277 [INFO] PluginManage:359 - Loaded plugin tutovideos (category:base,tabindex:-1)
2026-02-19 15:47:26,277 [INFO] PluginManage:310 - Check plugin updater
2026-02-19 15:47:26,313 [INFO] PluginManage:359 - Loaded plugin updater (category:base,tabindex:12)
2026-02-19 15:47:26,314 [INFO] PluginManage:310 - Check plugin userauth
2026-02-19 15:47:26,320 [INFO] UserAuth:118 - Init User Auth plugin
2026-02-19 15:47:26,321 [INFO] PluginManage:359 - Loaded plugin userauth (category:base,tabindex:14)
2026-02-19 15:47:26,321 [INFO] PluginManage:283 - PluginManage : Loaded plugins [18]
2026-02-19 15:47:26,677 [INFO] PinOutPanel:1589 - setPackage(No Configuration,No Configuration)
2026-02-19 15:47:26,824 [INFO] CADModel:165 - CPN selected for project level
2026-02-19 15:47:26,824 [INFO] CADModel:114 - Register for checkConnection events
2026-02-19 15:47:26,878 [INFO] IPUIPlugin:80 - create IPUIPlugin
2026-02-19 15:47:26,878 [INFO] PluginManager:220 - loadIPPluginJar : add adc
2026-02-19 15:47:26,961 [INFO] IPUIPlugin:80 - create IPUIPlugin
2026-02-19 15:47:26,961 [INFO] PluginManager:220 - loadIPPluginJar : add aes
2026-02-19 15:47:27,052 [INFO] IPUIPlugin:80 - create IPUIPlugin
2026-02-19 15:47:27,052 [INFO] PluginManager:220 - loadIPPluginJar : add can
2026-02-19 15:47:27,106 [INFO] IPUIPlugin:80 - create IPUIPlugin
2026-02-19 15:47:27,106 [INFO] PluginManager:220 - loadIPPluginJar : add comp
2026-02-19 15:47:27,175 [INFO] IPUIPlugin:80 - create IPUIPlugin
2026-02-19 15:47:27,175 [INFO] PluginManager:220 - loadIPPluginJar : add cryp
2026-02-19 15:47:27,210 [INFO] IPUIPlugin:80 - create IPUIPlugin
2026-02-19 15:47:27,210 [INFO] PluginManager:220 - loadIPPluginJar : add ddr_ctrl_phy
2026-02-19 15:47:27,270 [INFO] IPUIPlugin:80 - create IPUIPlugin
2026-02-19 15:47:27,270 [INFO] PluginManager:220 - loadIPPluginJar : add dfsdm
2026-02-19 15:47:27,301 [INFO] IPUIPlugin:80 - create IPUIPlugin
2026-02-19 15:47:27,303 [INFO] PluginManager:220 - loadIPPluginJar : add dma
2026-02-19 15:47:27,379 [INFO] IPUIPlugin:80 - create IPUIPlugin
2026-02-19 15:47:27,379 [INFO] PluginManager:220 - loadIPPluginJar : add dma3
2026-02-19 15:47:27,460 [INFO] IPUIPlugin:80 - create IPUIPlugin
2026-02-19 15:47:27,460 [INFO] PluginManager:220 - loadIPPluginJar : add extmemmanager
2026-02-19 15:47:27,501 [INFO] IPUIPlugin:80 - create IPUIPlugin
2026-02-19 15:47:27,502 [INFO] PluginManager:220 - loadIPPluginJar : add fatfs
2026-02-19 15:47:27,586 [INFO] IPUIPlugin:80 - create IPUIPlugin
2026-02-19 15:47:27,586 [INFO] PluginManager:220 - loadIPPluginJar : add fmc
2026-02-19 15:47:27,610 [INFO] IPUIPlugin:80 - create IPUIPlugin
2026-02-19 15:47:27,610 [INFO] PluginManager:220 - loadIPPluginJar : add freertos
2026-02-19 15:47:27,648 [INFO] IPUIPlugin:80 - create IPUIPlugin
2026-02-19 15:47:27,648 [INFO] PluginManager:220 - loadIPPluginJar : add genericplugin
2026-02-19 15:47:27,812 [INFO] IPUIPlugin:80 - create IPUIPlugin
2026-02-19 15:47:27,812 [INFO] PluginManager:220 - loadIPPluginJar : add gfxmmu
2026-02-19 15:47:28,049 [INFO] IPUIPlugin:80 - create IPUIPlugin
2026-02-19 15:47:28,049 [INFO] PluginManager:220 - loadIPPluginJar : add gic
2026-02-19 15:47:28,072 [INFO] IPUIPlugin:80 - create IPUIPlugin
2026-02-19 15:47:28,072 [INFO] PluginManager:220 - loadIPPluginJar : add gpio
2026-02-19 15:47:28,247 [INFO] IPUIPlugin:80 - create IPUIPlugin
2026-02-19 15:47:28,247 [INFO] PluginManager:220 - loadIPPluginJar : add gtzc
2026-02-19 15:47:28,319 [INFO] IPUIPlugin:80 - create IPUIPlugin
2026-02-19 15:47:28,319 [INFO] PluginManager:220 - loadIPPluginJar : add hash
2026-02-19 15:47:28,416 [INFO] IPUIPlugin:80 - create IPUIPlugin
2026-02-19 15:47:28,416 [INFO] PluginManager:220 - loadIPPluginJar : add i2c
2026-02-19 15:47:28,489 [INFO] IPUIPlugin:80 - create IPUIPlugin
2026-02-19 15:47:28,490 [INFO] PluginManager:220 - loadIPPluginJar : add i2s
2026-02-19 15:47:28,573 [INFO] IPUIPlugin:80 - create IPUIPlugin
2026-02-19 15:47:28,573 [INFO] PluginManager:220 - loadIPPluginJar : add i3c
2026-02-19 15:47:28,732 [INFO] IPUIPlugin:80 - create IPUIPlugin
2026-02-19 15:47:28,732 [INFO] PluginManager:220 - loadIPPluginJar : add ipddr
2026-02-19 15:47:28,880 [INFO] IPUIPlugin:80 - create IPUIPlugin
2026-02-19 15:47:28,880 [INFO] PluginManager:220 - loadIPPluginJar : add linkedlist
2026-02-19 15:47:28,896 [INFO] ThirdPartyUpdaterWithRetryManager:70 - Updater plugin not ready yet. [2/15]
2026-02-19 15:47:28,937 [INFO] IPUIPlugin:80 - create IPUIPlugin
2026-02-19 15:47:28,937 [INFO] PluginManager:220 - loadIPPluginJar : add lorawan
2026-02-19 15:47:28,999 [INFO] IPUIPlugin:80 - create IPUIPlugin
2026-02-19 15:47:28,999 [INFO] PluginManager:220 - loadIPPluginJar : add ltdc
2026-02-19 15:47:29,020 [INFO] IPUIPlugin:80 - create IPUIPlugin
2026-02-19 15:47:29,021 [INFO] PluginManager:220 - loadIPPluginJar : add mdma
2026-02-19 15:47:29,040 [INFO] IPUIPlugin:80 - create IPUIPlugin
2026-02-19 15:47:29,041 [INFO] PluginManager:220 - loadIPPluginJar : add nvic
2026-02-19 15:47:29,109 [INFO] IPUIPlugin:80 - create IPUIPlugin
2026-02-19 15:47:29,109 [INFO] PluginManager:220 - loadIPPluginJar : add opamp
2026-02-19 15:47:29,212 [INFO] IPUIPlugin:80 - create IPUIPlugin
2026-02-19 15:47:29,213 [INFO] PluginManager:220 - loadIPPluginJar : add openamp
2026-02-19 15:47:29,286 [INFO] IPUIPlugin:80 - create IPUIPlugin
2026-02-19 15:47:29,286 [INFO] PluginManager:220 - loadIPPluginJar : add pdm2pcm
2026-02-19 15:47:29,308 [INFO] IPUIPlugin:80 - create IPUIPlugin
2026-02-19 15:47:29,310 [INFO] PluginManager:220 - loadIPPluginJar : add plateformsettings
2026-02-19 15:47:29,351 [INFO] IPUIPlugin:80 - create IPUIPlugin
2026-02-19 15:47:29,352 [INFO] PluginManager:220 - loadIPPluginJar : add quadspi
2026-02-19 15:47:29,406 [INFO] IPUIPlugin:80 - create IPUIPlugin
2026-02-19 15:47:29,407 [INFO] PluginManager:220 - loadIPPluginJar : add radio
2026-02-19 15:47:29,427 [INFO] IPUIPlugin:80 - create IPUIPlugin
2026-02-19 15:47:29,427 [INFO] PluginManager:220 - loadIPPluginJar : add resmgrutility
2026-02-19 15:47:29,509 [INFO] IPUIPlugin:80 - create IPUIPlugin
2026-02-19 15:47:29,509 [INFO] PluginManager:220 - loadIPPluginJar : add sai
2026-02-19 15:47:29,584 [INFO] IPUIPlugin:80 - create IPUIPlugin
2026-02-19 15:47:29,584 [INFO] PluginManager:220 - loadIPPluginJar : add spi
2026-02-19 15:47:29,706 [INFO] IPUIPlugin:80 - create IPUIPlugin
2026-02-19 15:47:29,706 [INFO] PluginManager:220 - loadIPPluginJar : add stm32_wpan
2026-02-19 15:47:29,765 [INFO] IPUIPlugin:80 - create IPUIPlugin
2026-02-19 15:47:29,766 [INFO] PluginManager:220 - loadIPPluginJar : add tim
2026-02-19 15:47:29,870 [INFO] IPUIPlugin:80 - create IPUIPlugin
2026-02-19 15:47:29,870 [INFO] PluginManager:220 - loadIPPluginJar : add touchsensing
2026-02-19 15:47:29,907 [INFO] IPUIPlugin:80 - create IPUIPlugin
2026-02-19 15:47:29,907 [INFO] PluginManager:220 - loadIPPluginJar : add tracer_emb
2026-02-19 15:47:29,948 [INFO] IPUIPlugin:80 - create IPUIPlugin
2026-02-19 15:47:29,948 [INFO] PluginManager:220 - loadIPPluginJar : add ts
2026-02-19 15:47:29,986 [INFO] IPUIPlugin:80 - create IPUIPlugin
2026-02-19 15:47:29,986 [INFO] PluginManager:220 - loadIPPluginJar : add tsc
2026-02-19 15:47:30,023 [INFO] IPUIPlugin:80 - create IPUIPlugin
2026-02-19 15:47:30,023 [INFO] PluginManager:220 - loadIPPluginJar : add ucpd
2026-02-19 15:47:30,095 [INFO] IPUIPlugin:80 - create IPUIPlugin
2026-02-19 15:47:30,096 [INFO] PluginManager:220 - loadIPPluginJar : add usart
2026-02-19 15:47:30,168 [INFO] IPUIPlugin:80 - create IPUIPlugin
2026-02-19 15:47:30,168 [INFO] PluginManager:220 - loadIPPluginJar : add usbx
2026-02-19 15:47:30,324 [FATAL] Updater:351 - Updater called before beeing initialized
2026-02-19 15:47:30,360 [INFO] RulesReader:64 - Compatibility file has been processed (301 Rules)
2026-02-19 15:47:30,377 [INFO] RulesReader:64 - Compatibility file has been processed (301 Rules)
2026-02-19 15:47:30,387 [INFO] CADModel:165 - CPN selected for project level
2026-02-19 15:47:30,388 [INFO] CADModel:114 - Register for checkConnection events
2026-02-19 15:47:30,388 [FATAL] Updater:351 - Updater called before beeing initialized
2026-02-19 15:47:30,388 [ERROR] CADModel:125 - Updater not yet initialized, retry later 
2026-02-19 15:47:30,578 [FATAL] Updater:351 - Updater called before beeing initialized
2026-02-19 15:47:30,581 [INFO] CADModel:165 - CPN selected for project level
2026-02-19 15:47:30,581 [INFO] CADModel:114 - Register for checkConnection events
2026-02-19 15:47:30,581 [FATAL] Updater:351 - Updater called before beeing initialized
2026-02-19 15:47:30,582 [ERROR] CADModel:125 - Updater not yet initialized, retry later 
2026-02-19 15:47:30,587 [FATAL] Updater:351 - Updater called before beeing initialized
2026-02-19 15:47:30,800 [FATAL] Updater:351 - Updater called before beeing initialized
2026-02-19 15:47:30,824 [INFO] DbMcusAds:53 - JSON generation date=Fri Jan 09 00:57:51 KST 2026 (1767887871456)
2026-02-19 15:47:30,824 [FATAL] Updater:351 - Updater called before beeing initialized
2026-02-19 15:47:30,880 [WARN] DetailPanel:346 - Failed to get advertising image, set to default
2026-02-19 15:47:31,274 [FATAL] Updater:351 - Updater called before beeing initialized
2026-02-19 15:47:31,277 [FATAL] Updater:351 - Updater called before beeing initialized
2026-02-19 15:47:31,277 [FATAL] Updater:351 - Updater called before beeing initialized
2026-02-19 15:47:31,277 [WARN] DetailPanel:346 - Failed to get advertising image, set to default
2026-02-19 15:47:31,278 [FATAL] Updater:351 - Updater called before beeing initialized
2026-02-19 15:47:31,359 [ERROR] Updater:1198 - MainUpdater not yet initialized. External WinMGr cannot be set.
2026-02-19 15:47:31,380 [INFO] Updater:1134 - Updater Version found : 6.14.0
2026-02-19 15:47:31,401 [INFO] ApplicationProperties:184 - Using Application install path: C:\ST\STM32CubeIDE_1.18.0\STM32CubeIDE\plugins\com.st.stm32cube.common.mx_6.14.0.202502271554
2026-02-19 15:47:31,897 [INFO] ThirdPartyUpdaterWithRetryManager:70 - Updater plugin not ready yet. [3/15]
2026-02-19 15:47:34,898 [FATAL] Updater:351 - Updater called before beeing initialized
2026-02-19 15:47:34,899 [ERROR] IntegrityCheckThread:130 - Cannot retrieve database content from updater: error 21
2026-02-19 15:47:34,899 [INFO] ThirdParty:978 - Integrity check success = false
2026-02-19 15:47:34,899 [INFO] IntegrityCheckThread:100 - exiting critical section [integrity check]
2026-02-19 15:47:34,899 [INFO] IntegrityCheckThread:103 - End integrity checks thread
2026-02-19 15:47:36,523 [WARN] CheckConnectionManager:291 - Warning during Server Connection :  timeout Connect to sw-center.st.com:443 [sw-center.st.com/23.208.31.179, sw-center.st.com/23.208.31.147] failed: Connect timed out
2026-02-19 15:47:40,527 [WARN] CheckConnectionManager:291 - Warning during Server Connection :  timeout Connect to sw-center.st.com:443 [sw-center.st.com/23.208.31.179, sw-center.st.com/23.208.31.147] failed: Connect timed out
2026-02-19 15:47:40,532 [INFO] MainUpdater:2872 - connection check result : 22
2026-02-19 15:47:40,533 [INFO] MainUpdater:289 - Updater Check For Update Now.
2026-02-19 15:47:40,534 [INFO] MicroXplorer:498 - Change Database Version : DB.6.0.140
2026-02-19 15:47:40,556 [INFO] McuFinderGlobals:63 - Set McuFinder mode to 2 (CubeIDE integrated)
2026-02-19 15:47:40,567 [INFO] UserAuth:486 - Internet connection configuration mode: 2
2026-02-19 15:47:40,570 [INFO] UserAuth:486 - Internet connection configuration mode: 2
2026-02-19 15:47:40,766 [INFO] CheckServerUpdateThread:120 - End of CheckServer Thread
2026-02-19 16:13:08,917 [ERROR] ConfigurationRetriever:142 - IOException on connection: sw-center.st.com
2026-02-19 16:13:08,919 [ERROR] ConfigurationRetriever:142 - IOException on connection: sw-center.st.com
2026-02-19 16:13:08,920 [ERROR] ConfigurationRetriever:142 - IOException on connection: sw-center.st.com
2026-02-19 16:13:13,713 [ERROR] ConfigurationRetriever:142 - IOException on connection: sw-center.st.com
2026-02-19 16:13:13,714 [ERROR] ConfigurationRetriever:142 - IOException on connection: sw-center.st.com
2026-02-19 16:13:13,715 [ERROR] ConfigurationRetriever:142 - IOException on connection: sw-center.st.com
2026-02-19 17:26:19,474 [ERROR] ConfigurationRetriever:142 - IOException on connection: sw-center.st.com
2026-02-19 17:26:19,475 [ERROR] ConfigurationRetriever:142 - IOException on connection: sw-center.st.com
2026-02-19 17:26:19,476 [ERROR] ConfigurationRetriever:142 - IOException on connection: sw-center.st.com
2026-02-19 17:26:19,638 [ERROR] ConfigurationRetriever:142 - IOException on connection: sw-center.st.com
2026-02-19 17:26:19,638 [ERROR] ConfigurationRetriever:142 - IOException on connection: sw-center.st.com
2026-02-19 17:26:19,638 [ERROR] ConfigurationRetriever:142 - IOException on connection: sw-center.st.com
2026-02-19 17:31:08,379 [INFO] McuFinderGlobals:63 - Set McuFinder mode to 2 (CubeIDE integrated)
2026-02-19 17:31:08,642 [INFO] MainUpdater:2872 - connection check result : 10
2026-02-19 17:31:08,654 [INFO] MainUpdater:2872 - connection check result : 10
2026-02-19 17:31:08,881 [INFO] MicroXplorer:468 - Change Database Path : 
2026-02-19 17:31:08,881 [INFO] MicroXplorer:498 - Change Database Version : DB.6.0.140
2026-02-19 17:31:08,888 [WARN] ThirdParty:871 - waiting for thirdparty lock release [close project]
2026-02-19 17:31:08,888 [INFO] ThirdParty:873 - entering critical section [close project]
2026-02-19 17:31:08,922 [INFO] ThirdParty:883 - exiting critical section [close project]
2026-02-19 17:31:08,925 [INFO] PinOutPanel:1589 - setPackage(No Configuration,No Configuration)
2026-02-19 17:31:08,931 [INFO] UtilMem:75 - Begin LoadConfig() Used Memory: 813827280 Bytes (1073741824)
2026-02-19 17:31:08,933 [INFO] MicroXplorer:468 - Change Database Path : 
2026-02-19 17:31:08,933 [INFO] MicroXplorer:498 - Change Database Version : DB.6.0.140
2026-02-19 17:31:08,934 [INFO] OpenFileManager:354 - Change cursor
2026-02-19 17:31:08,952 [WARN] IntegrityCheckThread:84 - waiting for thirdparty lock release [integrity check]
2026-02-19 17:31:08,952 [INFO] IntegrityCheckThread:86 - entering critical section [integrity check]
2026-02-19 17:31:09,256 [WARN] PackLoader:240 - Cannot read IP mode file for STMicroelectronics.FP-SNS-MOTENVWB1.1.4.0
2026-02-19 17:31:09,279 [WARN] PackLoader:240 - Cannot read IP mode file for STMicroelectronics.FP-ATR-ASTRA1.2.0.2
2026-02-19 17:31:09,304 [WARN] PackLoader:240 - Cannot read IP mode file for STMicroelectronics.X-CUBE-SMBUS.2.1.0
2026-02-19 17:31:09,324 [WARN] PackLoader:240 - Cannot read IP mode file for STMicroelectronics.X-CUBE-WB05N.1.1.0
2026-02-19 17:31:09,342 [WARN] PackLoader:240 - Cannot read IP mode file for STMicroelectronics.X-CUBE-ST60.1.0.0
2026-02-19 17:31:09,384 [WARN] PackLoader:240 - Cannot read IP mode file for STMicroelectronics.X-CUBE-AZRTOS-F7.1.1.0
2026-02-19 17:31:09,405 [ERROR] Engine:466 - C:\Users\lthst\.stm32cubemx\thirdparties\pdsc\STMicroelectronics.FP-SNS-MOTENV1.5.1.0.pdsc: PDSC version is not supported
2026-02-19 17:31:09,442 [WARN] PackLoader:240 - Cannot read IP mode file for Infineon.AIROC-Wi-Fi-Bluetooth-STM32.1.7.0
2026-02-19 17:31:09,486 [WARN] PackLoader:240 - Cannot read IP mode file for STMicroelectronics.X-CUBE-AZRTOS-H7.3.4.0
2026-02-19 17:31:09,506 [WARN] PackLoader:240 - Cannot read IP mode file for STMicroelectronics.X-CUBE-DISPLAY.3.0.0
2026-02-19 17:31:09,534 [WARN] PackLoader:240 - Cannot read IP mode file for STMicroelectronics.X-CUBE-NFC10.1.0.0
2026-02-19 17:31:09,557 [WARN] PackLoader:240 - Cannot read IP mode file for STMicroelectronics.X-CUBE-BLEMGR.4.0.0
2026-02-19 17:31:09,578 [WARN] PackLoader:240 - Cannot read IP mode file for STMicroelectronics.X-CUBE-ST60.1.1.0
2026-02-19 17:31:09,599 [WARN] PackLoader:240 - Cannot read IP mode file for emotas.I-CUBE-CANOPEN.1.3.0
2026-02-19 17:31:09,618 [WARN] PackLoader:240 - Cannot read IP mode file for STMicroelectronics.X-CUBE-GNSS1.7.1.0
2026-02-19 17:31:09,639 [WARN] ConditionMgr:438 - getConditionDescription Invalid condition id : Cortex-A Device cause : null
2026-02-19 17:31:09,667 [WARN] ConditionMgr:1044 - genDependencies : Invalid condition id : Cortex-A Device cause : null
2026-02-19 17:31:09,668 [WARN] ConditionMgr:1044 - genDependencies : Invalid condition id : Cortex-A Device cause : null
2026-02-19 17:31:09,668 [WARN] ConditionMgr:1044 - genDependencies : Invalid condition id : Cortex-A Device cause : null
2026-02-19 17:31:09,684 [WARN] PackLoader:240 - Cannot read IP mode file for STMicroelectronics.X-CUBE-AI.10.0.0
2026-02-19 17:31:09,699 [ERROR] Engine:466 - C:\Users\lthst\.stm32cubemx\thirdparties\pdsc\STMicroelectronics.FP-SNS-STBOX1.2.1.0.pdsc: PDSC version is not supported
2026-02-19 17:31:09,715 [WARN] PackLoader:240 - Cannot read IP mode file for STMicroelectronics.FP-SNS-SMARTAG2.1.2.0
2026-02-19 17:31:09,731 [WARN] PackLoader:240 - Cannot read IP mode file for STMicroelectronics.FP-SNS-FLIGHT1.5.1.0
2026-02-19 17:31:09,781 [WARN] PackLoader:240 - Cannot read IP mode file for STMicroelectronics.X-CUBE-MEMS1.11.1.0
2026-02-19 17:31:09,873 [INFO] LogOutputStream:77 - [STDOUT_REDIRECT] 1 : Invalid condition id : UX_CORESTACK_Condition cause : null
2026-02-19 17:31:09,874 [INFO] LogOutputStream:77 - [STDOUT_REDIRECT] 1 : Invalid condition id : UX_CORESTACK_Condition cause : null
2026-02-19 17:31:09,874 [INFO] LogOutputStream:77 - [STDOUT_REDIRECT] 1 : Invalid condition id : UX_CORESTACK_Condition cause : null
2026-02-19 17:31:09,875 [INFO] LogOutputStream:77 - [STDOUT_REDIRECT] 1 : Invalid condition id : UX_CORESTACK_Condition cause : null
2026-02-19 17:31:09,876 [INFO] LogOutputStream:77 - [STDOUT_REDIRECT] 1 : Invalid condition id : UX_CORESTACK_Condition cause : null
2026-02-19 17:31:09,879 [WARN] PackLoader:240 - Cannot read IP mode file for STMicroelectronics.X-CUBE-AZRTOS-WL.2.0.0
2026-02-19 17:31:09,901 [WARN] PackLoader:240 - Cannot read IP mode file for STMicroelectronics.FP-SNS-MOTENV1.5.0.0
2026-02-19 17:31:09,938 [WARN] PackLoader:240 - Cannot read IP mode file for STMicroelectronics.X-CUBE-AZRTOS-H7RS.1.2.0
2026-02-19 17:31:09,959 [WARN] PackLoader:240 - Cannot read IP mode file for WES.I-CUBE-Cesium.1.3.0
2026-02-19 17:31:09,977 [WARN] PackLoader:240 - Cannot read IP mode file for STMicroelectronics.X-CUBE-BLE2.3.3.0
2026-02-19 17:31:10,026 [WARN] PackLoader:240 - Cannot read IP mode file for STMicroelectronics.X-CUBE-NFC9.1.0.0
2026-02-19 17:31:10,043 [WARN] PackLoader:240 - Cannot read IP mode file for STMicroelectronics.X-CUBE-BLE1.7.1.0
2026-02-19 17:31:10,057 [WARN] PackLoader:240 - Cannot read IP mode file for wolfSSL.I-CUBE-wolfMQTT.1.19.2
2026-02-19 17:31:10,070 [ERROR] Engine:466 - C:\Users\lthst\.stm32cubemx\thirdparties\pdsc\STMicroelectronics.X-CUBE-FREERTOS.1.4.0.pdsc: PDSC version is not supported
2026-02-19 17:31:10,085 [WARN] PackLoader:240 - Cannot read IP mode file for STMicroelectronics.X-CUBE-EEPRMA1.5.2.0
2026-02-19 17:31:10,121 [ERROR] Engine:466 - C:\Users\lthst\.stm32cubemx\thirdparties\pdsc\STMicroelectronics.X-CUBE-ST67W61.1.1.0.pdsc: PDSC version is not supported
2026-02-19 17:31:10,135 [WARN] PackLoader:240 - Cannot read IP mode file for STMicroelectronics.X-CUBE-AI.10.1.0
2026-02-19 17:31:10,190 [WARN] PackLoader:240 - Cannot read IP mode file for STMicroelectronics.X-CUBE-MEMS1.12.0.0
2026-02-19 17:31:10,275 [WARN] PackLoader:240 - Cannot read IP mode file for STMicroelectronics.X-CUBE-MEMS1.11.2.0
2026-02-19 17:31:10,356 [WARN] PackLoader:240 - Cannot read IP mode file for STMicroelectronics.X-CUBE-AZRTOS-G0.1.1.0
2026-02-19 17:31:10,374 [WARN] PackLoader:240 - Cannot read IP mode file for STMicroelectronics.X-CUBE-SAFEA1.1.2.2
2026-02-19 17:31:10,391 [WARN] PackLoader:240 - Cannot read IP mode file for STMicroelectronics.X-CUBE-NFC4.3.0.0
2026-02-19 17:31:10,411 [WARN] PackLoader:240 - Cannot read IP mode file for EmbeddedOffice.I-CUBE-FS-RTOS.1.0.1
2026-02-19 17:31:10,429 [WARN] PackLoader:240 - Cannot read IP mode file for STMicroelectronics.X-CUBE-WB05N.2.0.0
2026-02-19 17:31:10,444 [WARN] PackLoader:240 - Cannot read IP mode file for wolfSSL.I-CUBE-wolfTPM.3.8.0
2026-02-19 17:31:10,459 [WARN] PackLoader:240 - Cannot read IP mode file for STMicroelectronics.X-CUBE-TCPP.4.2.0
2026-02-19 17:31:10,475 [WARN] PackLoader:240 - Cannot read IP mode file for RealThread.X-CUBE-RT-Thread_Nano.4.1.1
2026-02-19 17:31:10,494 [WARN] PackLoader:240 - Cannot read IP mode file for STMicroelectronics.FP-ATR-SIGFOX1.3.2.0
2026-02-19 17:31:10,512 [WARN] PackLoader:240 - Cannot read IP mode file for STMicroelectronics.X-CUBE-EEPRMA1.5.1.0
2026-02-19 17:31:10,532 [WARN] PackLoader:240 - Cannot read IP mode file for wolfSSL.I-CUBE-wolfSSL.5.7.6
2026-02-19 17:31:10,549 [WARN] PackLoader:240 - Cannot read IP mode file for ITTIA_DB.I-CUBE-ITTIADB.8.9.0
2026-02-19 17:31:10,568 [WARN] PackLoader:240 - Cannot read IP mode file for STMicroelectronics.X-CUBE-NFC6.3.2.0
2026-02-19 17:31:10,586 [WARN] PackLoader:240 - Cannot read IP mode file for STMicroelectronics.X-CUBE-ST67W61.1.0.0
2026-02-19 17:31:10,606 [WARN] PackLoader:240 - Cannot read IP mode file for STMicroelectronics.X-CUBE-AI.10.2.0
2026-02-19 17:31:10,640 [WARN] PackLoader:240 - Cannot read IP mode file for SEGGER.I-CUBE-embOS.1.3.1
2026-02-19 17:31:10,677 [WARN] PackLoader:240 - Cannot read IP mode file for STMicroelectronics.X-CUBE-ALGOBUILD.1.4.0
2026-02-19 17:31:10,723 [WARN] PackLoader:240 - Cannot read IP mode file for STMicroelectronics.X-CUBE-MEMS1.11.3.0
2026-02-19 17:31:10,802 [WARN] PackLoader:240 - Cannot read IP mode file for STMicroelectronics.X-CUBE-PM33A1.1.0.0
2026-02-19 17:31:10,834 [WARN] PackLoader:240 - Cannot read IP mode file for STMicroelectronics.X-CUBE-AZRTOS-F4.1.1.0
2026-02-19 17:31:10,849 [WARN] PackLoader:240 - Cannot read IP mode file for Avnet-IotConnect.X-CUBE-IoTC-DA16k-PMOD.1.0.0
2026-02-19 17:31:10,865 [WARN] PackLoader:240 - Cannot read IP mode file for STMicroelectronics.X-CUBE-ISPU.2.1.0
2026-02-19 17:31:10,881 [ERROR] Engine:466 - C:\Users\lthst\.stm32cubemx\thirdparties\pdsc\STMicroelectronics.X-CUBE-IPS.3.2.0.pdsc: PDSC version is not supported
2026-02-19 17:31:10,899 [WARN] PackLoader:240 - Cannot read IP mode file for STMicroelectronics.X-CUBE-NFC12.1.0.0
2026-02-19 17:31:10,926 [WARN] PackLoader:240 - Cannot read IP mode file for STMicroelectronics.X-CUBE-AZRTOS-L5.2.0.0
2026-02-19 17:31:10,945 [WARN] PackLoader:240 - Cannot read IP mode file for STMicroelectronics.X-CUBE-NFC6.3.1.0
2026-02-19 17:31:10,962 [WARN] PackLoader:240 - Cannot read IP mode file for STMicroelectronics.X-CUBE-DPower.1.2.0
2026-02-19 17:31:10,979 [WARN] PackLoader:240 - Cannot read IP mode file for STMicroelectronics.X-CUBE-FREERTOS.1.3.1
2026-02-19 17:31:10,995 [WARN] PackLoader:240 - Cannot read IP mode file for STMicroelectronics.X-CUBE-FREERTOS.1.3.0
2026-02-19 17:31:11,010 [WARN] PackLoader:240 - Cannot read IP mode file for STMicroelectronics.X-CUBE-NFC7.1.0.1
2026-02-19 17:31:11,030 [WARN] PackLoader:240 - Cannot read IP mode file for STMicroelectronics.X-CUBE-TOUCHGFX.4.26.0
2026-02-19 17:31:11,047 [WARN] PackLoader:240 - Cannot read IP mode file for STMicroelectronics.FP-SNS-STAIOTCFT.1.0.0
2026-02-19 17:31:11,062 [WARN] PackLoader:240 - Cannot read IP mode file for STMicroelectronics.X-CUBE-DPower.1.3.0
2026-02-19 17:31:11,095 [WARN] ConditionMgr:438 - getConditionDescription Invalid condition id : LAN8742 Phy interface Condition cause : null
2026-02-19 17:31:11,095 [WARN] PackLoader:240 - Cannot read IP mode file for STMicroelectronics.X-CUBE-AZRTOS-L4.2.0.0
2026-02-19 17:31:11,096 [WARN] ConditionMgr:1044 - genDependencies : Invalid condition id : LAN8742 Phy interface Condition cause : null
2026-02-19 17:31:11,096 [WARN] ConditionMgr:1044 - genDependencies : Invalid condition id : LAN8742 Phy interface Condition cause : null
2026-02-19 17:31:11,096 [WARN] ConditionMgr:1044 - genDependencies : Invalid condition id : LAN8742 Phy interface Condition cause : null
2026-02-19 17:31:11,114 [WARN] PackLoader:240 - Cannot read IP mode file for STMicroelectronics.X-CUBE-SFXS2LP1.4.0.0
2026-02-19 17:31:11,129 [ERROR] Engine:466 - C:\Users\lthst\.stm32cubemx\thirdparties\pdsc\STMicroelectronics.X-CUBE-ST67W61.1.2.0.pdsc: PDSC version is not supported
2026-02-19 17:31:11,156 [WARN] PackLoader:240 - Cannot read IP mode file for STMicroelectronics.X-CUBE-AZRTOS-H7.3.3.0
2026-02-19 17:31:11,178 [WARN] PackLoader:240 - Cannot read IP mode file for STMicroelectronics.X-CUBE-BLEMGR.4.1.0
2026-02-19 17:31:11,207 [WARN] ConditionMgr:438 - getConditionDescription Invalid condition id : UX DEVICE CLASS RTOS Condition cause : null
2026-02-19 17:31:11,207 [WARN] ConditionMgr:438 - getConditionDescription Invalid condition id : UX DEVICE CLASS RTOS Condition cause : null
2026-02-19 17:31:11,208 [WARN] PackLoader:240 - Cannot read IP mode file for STMicroelectronics.X-CUBE-AZRTOS-WB.2.0.0
2026-02-19 17:31:11,208 [WARN] ConditionMgr:1044 - genDependencies : Invalid condition id : UX DEVICE CLASS RTOS Condition cause : null
2026-02-19 17:31:11,208 [WARN] ConditionMgr:1044 - genDependencies : Invalid condition id : UX DEVICE CLASS RTOS Condition cause : null
2026-02-19 17:31:11,210 [WARN] ConditionMgr:1044 - genDependencies : Invalid condition id : UX DEVICE CLASS RTOS Condition cause : null
2026-02-19 17:31:11,210 [WARN] ConditionMgr:1044 - genDependencies : Invalid condition id : UX DEVICE CLASS RTOS Condition cause : null
2026-02-19 17:31:11,210 [WARN] ConditionMgr:1044 - genDependencies : Invalid condition id : UX DEVICE CLASS RTOS Condition cause : null
2026-02-19 17:31:11,225 [WARN] PackLoader:240 - Cannot read IP mode file for STMicroelectronics.X-CUBE-GNSS1.7.0.1
2026-02-19 17:31:11,240 [WARN] PackLoader:240 - Cannot read IP mode file for STMicroelectronics.X-CUBE-TOUCHGFX.4.25.0
2026-02-19 17:31:11,261 [WARN] PackLoader:240 - Cannot read IP mode file for STMicroelectronics.FP-SNS-STBOX1.2.0.0
2026-02-19 17:31:11,278 [WARN] PackLoader:240 - Cannot read IP mode file for STMicroelectronics.X-CUBE-STSE01.2.0.0
2026-02-19 17:31:11,298 [WARN] PackLoader:240 - Cannot read IP mode file for STMicroelectronics.X-CUBE-SUBG2.5.0.0
2026-02-19 17:31:11,331 [WARN] PackLoader:240 - Cannot read IP mode file for STMicroelectronics.X-CUBE-AZRTOS-H7RS.1.1.0
2026-02-19 17:31:11,349 [WARN] PackLoader:240 - Cannot read IP mode file for Cesanta.I-CUBE-Mongoose.7.13.0
2026-02-19 17:31:11,372 [WARN] PackLoader:240 - Cannot read IP mode file for STMicroelectronics.X-CUBE-AZRTOS-G4.2.0.0
2026-02-19 17:31:11,387 [WARN] PackLoader:240 - Cannot read IP mode file for wolfSSL.I-CUBE-wolfSSH.1.4.20
2026-02-19 17:31:11,402 [WARN] PackLoader:240 - Cannot read IP mode file for STMicroelectronics.X-CUBE-NFC7.2.0.0
2026-02-19 17:31:11,421 [WARN] PackLoader:240 - Cannot read IP mode file for STMicroelectronics.X-CUBE-IPS.3.1.0
2026-02-19 17:31:11,456 [WARN] PackLoader:240 - Cannot read IP mode file for STMicroelectronics.X-CUBE-ALS.1.0.2
2026-02-19 17:31:11,473 [WARN] PackLoader:240 - Cannot read IP mode file for STMicroelectronics.X-CUBE-STSE01.1.0.0
2026-02-19 17:31:11,491 [WARN] PackLoader:240 - Cannot read IP mode file for portGmbH.I-Cube-SoM-uGOAL.1.1.0
2026-02-19 17:31:11,511 [WARN] PackLoader:240 - Cannot read IP mode file for STMicroelectronics.X-CUBE-TOF1.3.4.2
2026-02-19 17:31:11,536 [WARN] PackLoader:240 - Cannot read IP mode file for STMicroelectronics.X-CUBE-TOF1.3.4.3
2026-02-19 17:31:11,541 [INFO] ThirdParty:978 - Integrity check success = true
2026-02-19 17:31:11,541 [INFO] IntegrityCheckThread:100 - exiting critical section [integrity check]
2026-02-19 17:31:11,541 [INFO] IntegrityCheckThread:103 - End integrity checks thread
2026-02-19 17:31:11,588 [INFO] Mcu:2011 - Initializing MCU STM32F446R(C-E)Tx STM32F446RETx STM32F446RET6
2026-02-19 17:31:13,289 [INFO] Context:756 - Trying to add GPIOservice into a context  which must be forbidden
2026-02-19 17:31:13,748 [INFO] ImportTextPane:218 - (OptionalMessage_ERROR) Pin10 (VP_RIF_VS_RIF1) cannot be retrieved for this MCU
2026-02-19 17:31:13,832 [INFO] RtosManager:558 - Registered RTOS mode: class=CMSIS, group=RTOS, mode=CMSIS_V1, owner=FREERTOS
2026-02-19 17:31:13,832 [INFO] RtosManager:558 - Registered RTOS mode: class=CMSIS, group=RTOS2, mode=CMSIS_V2, owner=FREERTOS
2026-02-19 17:31:13,832 [INFO] RtosManager:558 - Registered RTOS mode: class=RTOS, group=Core, mode=CMSIS_V1, owner=FREERTOS
2026-02-19 17:31:13,832 [INFO] RtosManager:558 - Registered RTOS mode: class=RTOS, group=Core, mode=CMSIS_V2, owner=FREERTOS
2026-02-19 17:31:13,833 [WARN] ModelIntegratedComponent:184 - Missing modes for component STMicroelectronics:FreeRTOS:0.0.1:STMicroelectronics:RTOS:FreeRTOS:Core:::10.2.0:
2026-02-19 17:31:13,843 [WARN] ModelIntegratedComponent:63 - No mode defined for component null
2026-02-19 17:31:13,843 [WARN] ModelIntegratedComponent:63 - No mode defined for component null
2026-02-19 17:31:13,843 [WARN] ModelIntegratedComponent:63 - No mode defined for component null
2026-02-19 17:31:13,843 [WARN] ModelIntegratedComponent:63 - No mode defined for component null
2026-02-19 17:31:13,843 [WARN] ModelIntegratedComponent:63 - No mode defined for component null
2026-02-19 17:31:13,844 [WARN] ModelIntegratedComponent:63 - No mode defined for component null
2026-02-19 17:31:13,844 [WARN] ModelIntegratedComponent:63 - No mode defined for component null
2026-02-19 17:31:13,844 [WARN] ModelIntegratedComponent:63 - No mode defined for component null
2026-02-19 17:31:13,844 [WARN] ModelIntegratedComponent:63 - No mode defined for component null
2026-02-19 17:31:13,844 [WARN] ModelIntegratedComponent:63 - No mode defined for component null
2026-02-19 17:31:13,844 [WARN] ModelIntegratedComponent:63 - No mode defined for component null
2026-02-19 17:31:13,844 [WARN] ModelIntegratedComponent:63 - No mode defined for component null
2026-02-19 17:31:13,844 [WARN] ModelIntegratedComponent:63 - No mode defined for component null
2026-02-19 17:31:13,844 [WARN] ModelIntegratedComponent:63 - No mode defined for component null
2026-02-19 17:31:13,844 [WARN] ModelIntegratedComponent:63 - No mode defined for component null
2026-02-19 17:31:13,844 [WARN] ModelIntegratedComponent:63 - No mode defined for component null
2026-02-19 17:31:13,844 [WARN] ModelIntegratedComponent:63 - No mode defined for component null
2026-02-19 17:31:13,844 [WARN] ModelIntegratedComponent:63 - No mode defined for component null
2026-02-19 17:31:13,845 [WARN] ModelIntegratedComponent:63 - No mode defined for component null
2026-02-19 17:31:13,845 [WARN] ModelIntegratedComponent:63 - No mode defined for component null
2026-02-19 17:31:13,845 [WARN] ModelIntegratedComponent:63 - No mode defined for component null
2026-02-19 17:31:13,845 [WARN] ModelIntegratedComponent:63 - No mode defined for component null
2026-02-19 17:31:13,845 [WARN] ModelIntegratedComponent:63 - No mode defined for component null
2026-02-19 17:31:13,845 [WARN] ModelIntegratedComponent:63 - No mode defined for component null
2026-02-19 17:31:13,845 [WARN] ModelIntegratedComponent:63 - No mode defined for component null
2026-02-19 17:31:13,845 [WARN] ModelIntegratedComponent:63 - No mode defined for component null
2026-02-19 17:31:13,845 [WARN] ModelIntegratedComponent:63 - No mode defined for component null
2026-02-19 17:31:13,845 [WARN] ModelIntegratedComponent:63 - No mode defined for component null
2026-02-19 17:31:13,845 [WARN] ModelIntegratedComponent:63 - No mode defined for component null
2026-02-19 17:31:13,845 [WARN] ModelIntegratedComponent:63 - No mode defined for component null
2026-02-19 17:31:13,845 [WARN] ModelIntegratedComponent:63 - No mode defined for component null
2026-02-19 17:31:13,845 [WARN] ModelIntegratedComponent:63 - No mode defined for component null
2026-02-19 17:31:13,845 [WARN] ModelIntegratedComponent:63 - No mode defined for component null
2026-02-19 17:31:13,845 [WARN] ModelIntegratedComponent:63 - No mode defined for component null
2026-02-19 17:31:13,845 [WARN] ModelIntegratedComponent:63 - No mode defined for component null
2026-02-19 17:31:13,845 [WARN] ModelPack:524 - Component already loaded: STMicroelectronics:HAL Drivers:0.0.0:STMicroelectronics:Device:STMicro_Driver:XSPI:HAL::0.0.1:HAL_XSPI
2026-02-19 17:31:14,121 [INFO] ThirdPartyModel:298 - Start build external matchings
2026-02-19 17:31:15,069 [INFO] ThirdPartyModel:316 - End build external matchings
2026-02-19 17:31:15,471 [INFO] ApiDb:581 - Connected to CubeFinder SQLite database (C:\Users\lthst\.stmcufinder\plugins\mcufinder\mcu\cube-finder-db.db)
2026-02-19 17:31:15,555 [INFO] ApiDb:668 - CubeFinder database Data Model version=2.1
2026-02-19 17:31:15,555 [INFO] ApiDb:669 - CubeFinder database Configuration version=3.0.39
2026-02-19 17:31:15,557 [INFO] ApiDb:670 - CubeFinder database generation date=2025-12-22 (1766407740)
2026-02-19 17:31:15,557 [INFO] ApiDb:671 - CubeFinder database FW Pack versions=[FP-ATR-ASTRA1_V2.0.0, FP-SNS-FLIGHT1_V5.1.0, FP-SNS-MOTENV1_V5.1.0, FP-SNS-MOTENVWB1_V1.4.0, FP-SNS-SMARTAG2_V1.2.0, FP-SNS-STBOX1_V2.1.0, STM32Cube_FW_C0_V1.4.0, STM32Cube_FW_F4_V1.28.3, STM32Cube_FW_F7_V1.17.4, STM32Cube_FW_G0_V1.6.2, STM32Cube_FW_G4_V1.6.1, STM32Cube_FW_H5_V1.5.1, STM32Cube_FW_H7RS_V1.3.0, STM32Cube_FW_H7_V1.12.1, STM32Cube_FW_L0_V1.12.2, STM32Cube_FW_L4_V1.18.1, STM32Cube_FW_L5_V1.6.0, STM32Cube_FW_N6_V1.3.0, STM32Cube_FW_U0_V1.3.0, STM32Cube_FW_U3_V1.2.1, STM32Cube_FW_U5_V1.8.0, STM32Cube_FW_WB0_V1.4.0, STM32Cube_FW_WBA_V1.8.0, STM32Cube_FW_WB_V1.24.0, STM32Cube_FW_WL3_V1.3.0, STM32Cube_FW_WL_V1.4.0, X-CUBE-ALGOBUILD_V1.4.0, X-CUBE-ALS_V1.0.2, X-CUBE-AZRTOS-F4_V1.1.0, X-CUBE-AZRTOS-F7_V1.1.0, X-CUBE-AZRTOS-G0_V1.1.0, X-CUBE-AZRTOS-G4_V2.0.0, X-CUBE-AZRTOS-H7RS_V1.1.0, X-CUBE-AZRTOS-H7_V3.4.0, X-CUBE-AZRTOS-L4_V2.0.0, X-CUBE-AZRTOS-L5_V2.0.0, X-CUBE-AZRTOS-WB_V2.0.0, X-CUBE-AZRTOS-WL_V2.0.0, X-CUBE-BLE1_V7.1.0, X-CUBE-BLE2_V3.3.0, X-CUBE-BLEMGR_V4.1.0, X-CUBE-EEPRMA1_V5.2.0, X-CUBE-FREERTOS_V1.3.1, X-CUBE-GNSS1_V6.0.0, X-CUBE-MEMS1_V12.0.0, X-CUBE-NFC4_V3.0.0, X-CUBE-NFC7_V2.0.0, X-CUBE-SFXS2LP1_V4.0.0, X-CUBE-ST67W61_V1.1.0, X-CUBE-SUBG2_V5.0.0, X-CUBE-TOF1_V3.4.3]
2026-02-19 17:31:15,675 [INFO] DbBoardsSqlite:226 - include board P-NUCLEO-WB55-NUCLEO as a kit item of type 'Nucleo-64'
2026-02-19 17:31:15,675 [INFO] DbBoardsSqlite:226 - include board P-NUCLEO-WB55-USBDONGLE as a kit item of type 'Nucleo USB Dongle'
2026-02-19 17:31:15,676 [INFO] DbBoardsSqlite:226 - include board STEVAL-IDP005V1 as a kit item of type 'Evaluation Board'
2026-02-19 17:31:15,677 [INFO] DbBoardsSqlite:226 - include board STEVAL-IDP005V2 as a kit item of type 'Evaluation Board'
2026-02-19 17:31:15,992 [INFO] ApiDb:240 - Found 895 in-development CPN: [B-G473E-ZEST1S, B-WB1M-WPAN1, B-WBA5M-WPAN, B-WL5M-SUBG1, NUCLEO-C031C6, NUCLEO-C051C8, NUCLEO-C071RB, NUCLEO-C092RC, NUCLEO-H503RB, NUCLEO-H533RE, NUCLEO-H563ZI, NUCLEO-H7S3L8, NUCLEO-N657X0-Q, NUCLEO-U031R8, NUCLEO-U083RC, NUCLEO-U385RG-Q, NUCLEO-U545RE-Q, NUCLEO-U5A5ZJ-Q, NUCLEO-WB05KZ, NUCLEO-WB07CC, NUCLEO-WB09KE, NUCLEO-WBA52CG, NUCLEO-WBA55CG, NUCLEO-WBA65RI, NUCLEO-WL33CC1, NUCLEO-WL33CC2, STEVAL-PROTEUS1, STEVAL-SMARTAG2, STEVAL-STWINBX1, STM320518-EVAL, STM32C0116-DK, STM32C011D6Y3TR, STM32C011D6Y6TR, STM32C011F4P3, STM32C011F4P6, STM32C011F4U3, STM32C011F4U6TR, STM32C011F6P3, STM32C011F6P6, STM32C011F6U3, STM32C011F6U6TR, STM32C011J4M3, STM32C011J4M6, STM32C011J6M3, STM32C011J6M6, STM32C0316-DK, STM32C031C4T3, STM32C031C4T6, STM32C031C4U3, STM32C031C4U6, STM32C031C6T3, STM32C031C6T6, STM32C031C6U3, STM32C031C6U6, STM32C031F4P3, STM32C031F4P6, STM32C031F6P3, STM32C031F6P6, STM32C031G4U3, STM32C031G4U6, STM32C031G6U3, STM32C031G6U6, STM32C031K4T3, STM32C031K4T6, STM32C031K4U3, STM32C031K4U6, STM32C031K6T3, STM32C031K6T6, STM32C031K6U3, STM32C031K6U6, STM32C051C6T6, STM32C051C6U6, STM32C051C8T6, STM32C051C8U6, STM32C051D8Y6TR, STM32C051F6P6, STM32C051F8P6, STM32C051G6U6, STM32C051G8U6, STM32C051K6T6, STM32C051K6U6, STM32C051K8T6, STM32C071C8T6, STM32C071C8T6N, STM32C071C8U6, STM32C071C8U6N, STM32C071CBT6, STM32C071CBT6N, STM32C071CBU6, STM32C071CBU6N, STM32C071F8P6, STM32C071F8P6N, STM32C071FBP6, STM32C071FBP6N, STM32C071FBY6TR, STM32C071G8U6, STM32C071G8U6N, STM32C071GBU6, STM32C071GBU6N, STM32C071K8T6, STM32C071K8T6N, STM32C071K8U6, STM32C071K8U6N, STM32C071KBT6, STM32C071KBT6N, STM32C071KBU6, STM32C071KBU6N, STM32C071R8T6, STM32C071R8T6N, STM32C071RBI6N, STM32C071RBT6, STM32C071RBT6N, STM32C091CBT6, STM32C091CBU6, STM32C091CCT6, STM32C091CCU6, STM32C091ECY6TR, STM32C091FBP6, STM32C091FCP6, STM32C091GBU6, STM32C091GCU6, STM32C091KBT6, STM32C091KBU6, STM32C091KCT6, STM32C091KCU6, STM32C091RBT6, STM32C091RCI6, STM32C091RCT6, STM32C092CBT6, STM32C092CBU6, STM32C092CCT6, STM32C092CCU6, STM32C092ECY6TR, STM32C092FBP6, STM32C092FCP6, STM32C092GBU6, STM32C092GCU6, STM32C092KBT6, STM32C092KBU6, STM32C092KCT6, STM32C092KCU6, STM32C092RBT6, STM32C092RCI6, STM32C092RCT6, STM32G071K8TXN, STM32G071K8UXN, STM32G081GBU6N, STM32G081KBT6N, STM32G081KBUXN, STM32G0B1CCT6N, STM32G0B1KCT6, STM32G0B1NEY6TR, STM32G0B1RCT6N, STM32G0C1CCT6, STM32G0C1CCT6N, STM32G0C1CCU6N, STM32G0C1CET6N, STM32G0C1CEU6N, STM32G0C1KCT6, STM32G0C1NEY6TR, STM32G0C1RCI6N, STM32G0C1RCT6N, STM32G0C1REI6N, STM32G0C1RET6N, STM32G0C1VCI6, STM32G0C1VEI6, STM32G411C6T3, STM32G411C6T6, STM32G411C6U3, STM32G411C6U6, STM32G411C8T3, STM32G411C8T6, STM32G411C8U3, STM32G411C8U6, STM32G411CBT3, STM32G411CBT6, STM32G411CBU3, STM32G411CBU6, STM32G411CCT3, STM32G411CCT6, STM32G411CCU3, STM32G411CCU6, STM32G411K6T3, STM32G411K6T6, STM32G411K6U3, STM32G411K6U6, STM32G411K8T3, STM32G411K8T6, STM32G411K8U3, STM32G411K8U6, STM32G411KBT3, STM32G411KBT6, STM32G411KBU3, STM32G411KBU6, STM32G411M6T3, STM32G411M6T6, STM32G411M8T3, STM32G411M8T6, STM32G411MBT3, STM32G411MBT6, STM32G411MCT3, STM32G411MCT6, STM32G411R6T3, STM32G411R6T6, STM32G411R8T3, STM32G411R8T6, STM32G411RBT3, STM32G411RBT6, STM32G411RCT3, STM32G411RCT6, STM32G414CBT3, STM32G414CBT6, STM32G414CBU3, STM32G414CBU6, STM32G414CCT3, STM32G414CCT6, STM32G414CCU3, STM32G414CCU6, STM32G414MBT3, STM32G414MBT6, STM32G414MCT3, STM32G414MCT6, STM32G414RBT3, STM32G414RBT6, STM32G414RCT3, STM32G414RCT6, STM32G414VBT3, STM32G414VBT6, STM32G414VCT3, STM32G414VCT6, STM32G431CBT3Z, STM32G431RBT3Z, STM32G471CCT6, STM32G471CCU6, STM32G471CET3, STM32G471CET6, STM32G471CEU3, STM32G471CEU6, STM32G471MCT6, STM32G471MET3, STM32G471MET6, STM32G471MEY6TR, STM32G471QCT6, STM32G471QET3, STM32G471RCT6, STM32G471RET3, STM32G471RET6, STM32G471VCH6, STM32G471VCI6, STM32G471VCT6, STM32G471VEH3, STM32G471VEH6, STM32G471VEI3, STM32G471VEI6, STM32G471VET3, STM32G471VET6, STM32G473QET3Z, STM32G473RET3Z, STM32G474CCT6, STM32G491RET3Z, STM32H503CBT6, STM32H503CBU6, STM32H503EBY6TR, STM32H503KBU6, STM32H503RBT6, STM32H523CCT6, STM32H523CCU6, STM32H523CET6, STM32H523CEU6, STM32H523HEY6TR, STM32H523RCT6, STM32H523RET6, STM32H523VCI6, STM32H523VCT6, STM32H523VEI6, STM32H523VET6, STM32H523ZCJ6, STM32H523ZCT6, STM32H523ZEJ6, STM32H523ZET6, STM32H533CET6, STM32H533CEU6, STM32H533HEY6TR, STM32H533RET6, STM32H533VEI6, STM32H533VET6, STM32H533ZEJ6, STM32H533ZET6, STM32H562AGI6, STM32H562AII6, STM32H562IGK6, STM32H562IGT6, STM32H562IIK6, STM32H562IIT6, STM32H562RGT6, STM32H562RGV6, STM32H562RIT6, STM32H562RIV6, STM32H562VGT6, STM32H562VIT6, STM32H562ZGT6, STM32H562ZIT6, STM32H563AGI6, STM32H563AII3Q, STM32H563AII6, STM32H563IGK6, STM32H563IGT6, STM32H563IIK3Q, STM32H563IIK6, STM32H563IIT3Q, STM32H563IIT6, STM32H563MIY3QTR, STM32H563RGT6, STM32H563RGV6, STM32H563RIT6, STM32H563RIV6, STM32H563VGT6, STM32H563VIT3Q, STM32H563VIT6, STM32H563ZGT6, STM32H563ZIT3Q, STM32H563ZIT6, STM32H573AII3Q, STM32H573AII6, STM32H573I-DK, STM32H573IIK3Q, STM32H573IIK6, STM32H573IIT3Q, STM32H573IIT6, STM32H573MIY3QTR, STM32H573RIT6, STM32H573RIV6, STM32H573VIT3Q, STM32H573VIT6, STM32H573ZIT3Q, STM32H573ZIT6, STM32H7R3A8I6, STM32H7R3I8K6, STM32H7R3I8T6, STM32H7R3L8H6, STM32H7R3L8H6H, STM32H7R3R8V6, STM32H7R3V8H6, STM32H7R3V8T6, STM32H7R3V8Y6TR, STM32H7R3Z8J6, STM32H7R3Z8T6, STM32H7R7A8I6, STM32H7R7I8K6, STM32H7R7I8T6, STM32H7R7L8H6, STM32H7R7L8H6H, STM32H7R7Z8J6, STM32H7S3A8I6, STM32H7S3I8K6, STM32H7S3I8T6, STM32H7S3L8H6, STM32H7S3L8H6H, STM32H7S3R8V6, STM32H7S3V8H6, STM32H7S3V8T6, STM32H7S3V8Y6TR, STM32H7S3Z8J6, STM32H7S3Z8T6, STM32H7S78-DK, STM32H7S7A8I6, STM32H7S7I8K6, STM32H7S7I8T6, STM32H7S7L8H6, STM32H7S7L8H6H, STM32H7S7Z8J6, STM32L4R5QGI6STR, STM32MP131AAE3, STM32MP131AAF3, STM32MP131AAG3, STM32MP131CAE3, STM32MP131CAF3, STM32MP131CAG3, STM32MP131DAE7, STM32MP131DAF7, STM32MP131DAG7, STM32MP131FAE7, STM32MP131FAF7, STM32MP131FAG7, STM32MP133AAE3, STM32MP133AAF3, STM32MP133AAG3, STM32MP133CAE3, STM32MP133CAF3, STM32MP133CAG3, STM32MP133DAE7, STM32MP133DAF7, STM32MP133DAG7, STM32MP133FAE7, STM32MP133FAF7, STM32MP133FAG7, STM32MP135AAE3, STM32MP135AAF3, STM32MP135AAG3, STM32MP135CAE3, STM32MP135CAF3, STM32MP135CAG3, STM32MP135DAE7, STM32MP135DAF7, STM32MP135DAG7, STM32MP135F-DK, STM32MP135FAE7, STM32MP135FAF7, STM32MP135FAF7T, STM32MP135FAF7U, STM32MP135FAG7, STM32MP231AAJ3, STM32MP231AAK3, STM32MP231AAL3, STM32MP231CAJ3, STM32MP231CAK3, STM32MP231CAL3, STM32MP231DAJ3, STM32MP231DAK3, STM32MP231DAL3, STM32MP231FAJ3, STM32MP231FAK3, STM32MP231FAL3, STM32MP233AAJ3, STM32MP233AAK3, STM32MP233AAL3, STM32MP233CAJ3, STM32MP233CAK3, STM32MP233CAL3, STM32MP233DAJ3, STM32MP233DAK3, STM32MP233DAL3, STM32MP233FAJ3, STM32MP233FAK3, STM32MP233FAL3, STM32MP235AAJ3, STM32MP235AAK3, STM32MP235AAL3, STM32MP235CAJ3, STM32MP235CAK3, STM32MP235CAL3, STM32MP235DAJ3, STM32MP235DAK3, STM32MP235DAL3, STM32MP235FAJ3, STM32MP235FAK3, STM32MP235FAL3, STM32MP251AAI3, STM32MP251AAJ3, STM32MP251AAK3, STM32MP251AAL3, STM32MP251CAI3, STM32MP251CAJ3, STM32MP251CAK3, STM32MP251CAL3, STM32MP251DAI3, STM32MP251DAJ3, STM32MP251DAK3, STM32MP251DAL3, STM32MP251FAI3, STM32MP251FAJ3, STM32MP251FAK3, STM32MP251FAL3, STM32MP253AAI3, STM32MP253AAJ3, STM32MP253AAK3, STM32MP253AAL3, STM32MP253CAI3, STM32MP253CAJ3, STM32MP253CAK3, STM32MP253CAL3, STM32MP253DAI3, STM32MP253DAJ3, STM32MP253DAK3, STM32MP253DAL3, STM32MP253FAI3, STM32MP253FAJ3, STM32MP253FAK3, STM32MP253FAL3, STM32MP255AAI3, STM32MP255AAJ3, STM32MP255AAK3, STM32MP255AAL3, STM32MP255CAI3, STM32MP255CAJ3, STM32MP255CAK3, STM32MP255CAL3, STM32MP255DAI3, STM32MP255DAJ3, STM32MP255DAK3, STM32MP255DAL3, STM32MP255FAI3, STM32MP255FAJ3, STM32MP255FAK3, STM32MP255FAL3, STM32MP257AAI3, STM32MP257AAJ3, STM32MP257AAK3, STM32MP257AAL3, STM32MP257CAI3, STM32MP257CAJ3, STM32MP257CAK3, STM32MP257CAL3, STM32MP257DAI3, STM32MP257DAJ3, STM32MP257DAK3, STM32MP257DAL3, STM32MP257F-DK, STM32MP257F-EV1, STM32MP257FAI3, STM32MP257FAJ3, STM32MP257FAK3, STM32MP257FAL3, STM32N645A0H3Q, STM32N645B0H3Q, STM32N645I0H3Q, STM32N645L0H3Q, STM32N645X0H3Q, STM32N645Z0H3Q, STM32N647A0H3Q, STM32N647B0H3Q, STM32N647I0H3Q, STM32N647L0H3Q, STM32N647X0H3Q, STM32N647Z0H3Q, STM32N655A0H3Q, STM32N655B0H3Q, STM32N655I0H3Q, STM32N655L0H3Q, STM32N655X0H3Q, STM32N655Z0H3Q, STM32N6570-DK, STM32N657A0H3Q, STM32N657B0H3Q, STM32N657I0H3Q, STM32N657L0H3Q, STM32N657X0H3Q, STM32N657Z0H3Q, STM32U031C6T6, STM32U031C6U6, STM32U031C8T6, STM32U031C8U6, STM32U031F4P6, STM32U031F6P6, STM32U031F8P6, STM32U031G6Y6TR, STM32U031G8Y6TR, STM32U031K4U6, STM32U031K6U6, STM32U031K8U6, STM32U031R6I6, STM32U031R6T6, STM32U031R8I6, STM32U031R8T6, STM32U073C8T6, STM32U073C8U6, STM32U073CBT6, STM32U073CBU6, STM32U073CCT6, STM32U073CCU6, STM32U073H8Y6TR, STM32U073HBY6TR, STM32U073HCY6TR, STM32U073K8U6, STM32U073KBU6, STM32U073KCU6, STM32U073M8I6, STM32U073M8T6, STM32U073MBI6, STM32U073MBT6, STM32U073MCI6, STM32U073MCT6, STM32U073R8I6, STM32U073R8T6, STM32U073RBI6, STM32U073RBT6, STM32U073RCI6, STM32U073RCT6, STM32U083C-DK, STM32U083CCT6, STM32U083CCU6, STM32U083HCY6TR, STM32U083KCU6, STM32U083MCI6, STM32U083MCT6, STM32U083RCI6, STM32U083RCT6, STM32U375CET6, STM32U375CET6Q, STM32U375CEU6, STM32U375CEU6Q, STM32U375CEY6QTR, STM32U375CGT6, STM32U375CGT6Q, STM32U375CGU6, STM32U375CGU6Q, STM32U375CGY6QTR, STM32U375KEU6, STM32U375KGU6, STM32U375REI6, STM32U375REI6Q, STM32U375RET6, STM32U375RET6Q, STM32U375REY6GTR, STM32U375REY6QTR, STM32U375RGI6, STM32U375RGI6Q, STM32U375RGT6, STM32U375RGT6Q, STM32U375RGY6GTR, STM32U375RGY6QTR, STM32U375VEI6, STM32U375VEI6Q, STM32U375VET6, STM32U375VET6Q, STM32U375VGI6, STM32U375VGI6Q, STM32U375VGT6, STM32U375VGT6Q, STM32U385CGT6, STM32U385CGT6Q, STM32U385CGU6, STM32U385CGU6Q, STM32U385CGY6QTR, STM32U385KGU6, STM32U385RGI6, STM32U385RGI6Q, STM32U385RGT6, STM32U385RGT6Q, STM32U385RGY6GTR, STM32U385RGY6QTR, STM32U385VGI6, STM32U385VGI6Q, STM32U385VGT6, STM32U385VGT6Q, STM32U535CBT6, STM32U535CBT6Q, STM32U535CBU6, STM32U535CBU6Q, STM32U535CCT6, STM32U535CCT6Q, STM32U535CCU6, STM32U535CCU6Q, STM32U535CET6, STM32U535CET6Q, STM32U535CEU6, STM32U535CEU6Q, STM32U535JEY6QTR, STM32U535NCY6QTR, STM32U535NEY6QTR, STM32U535RBI6, STM32U535RBI6Q, STM32U535RBT6, STM32U535RBT6Q, STM32U535RCI6, STM32U535RCI6Q, STM32U535RCT6, STM32U535RCT6Q, STM32U535REI6, STM32U535REI6Q, STM32U535RET6, STM32U535RET6Q, STM32U535VCI6, STM32U535VCI6Q, STM32U535VCT6, STM32U535VCT6Q, STM32U535VEI6, STM32U535VEI6Q, STM32U535VET6, STM32U535VET6Q, STM32U545CET6, STM32U545CET6Q, STM32U545CEU6, STM32U545CEU6Q, STM32U545JEY6QTR, STM32U545NEY6QTR, STM32U545REI6, STM32U545REI6Q, STM32U545RET6, STM32U545RET6Q, STM32U545VEI6, STM32U545VEI6Q, STM32U545VET6, STM32U545VET6Q, STM32U595AIH6, STM32U595AIH6Q, STM32U595AJH6, STM32U595AJH6Q, STM32U595QII6, STM32U595QII6Q, STM32U595QJI6, STM32U595QJI6Q, STM32U595RIT6, STM32U595RIT6Q, STM32U595RJT6, STM32U595RJT6Q, STM32U595VIT6, STM32U595VIT6Q, STM32U595VJT6, STM32U595VJT6Q, STM32U595ZIT6, STM32U595ZIT6Q, STM32U595ZIY6QTR, STM32U595ZJT6, STM32U595ZJT6Q, STM32U595ZJY6QTR, STM32U599BJY6QTR, STM32U599NIH6Q, STM32U599NJH6Q, STM32U599VIT6Q, STM32U599VJT6, STM32U599VJT6Q, STM32U599ZIT6Q, STM32U599ZIY6QTR, STM32U599ZJT6Q, STM32U599ZJY6QTR, STM32U5A5AJH6, STM32U5A5AJH6Q, STM32U5A5QII3Q , STM32U5A5QJI6, STM32U5A5QJI6Q, STM32U5A5RJT6, STM32U5A5RJT6Q, STM32U5A5VJT6, STM32U5A5VJT6Q, STM32U5A5ZJT6, STM32U5A5ZJT6Q, STM32U5A5ZJY6QTR, STM32U5A9BJY6QTR, STM32U5A9J-DK, STM32U5A9NJH6Q, STM32U5A9VJT6Q, STM32U5A9ZJT6Q, STM32U5A9ZJY6QTR, STM32U5F7VIT6, STM32U5F7VIT6Q, STM32U5F7VJT6, STM32U5F7VJT6Q, STM32U5F9BJY6QTR, STM32U5F9NJH6Q, STM32U5F9VIT6Q, STM32U5F9VJT6Q, STM32U5F9ZIJ6QTR, STM32U5F9ZIT6Q, STM32U5F9ZJJ6QTR, STM32U5F9ZJT6Q, STM32U5G7VJT6, STM32U5G7VJT6Q, STM32U5G9BJY6QTR, STM32U5G9J-DK1, STM32U5G9J-DK2, STM32U5G9NJH6Q, STM32U5G9VJT6Q, STM32U5G9ZJJ6QTR, STM32U5G9ZJT6Q, STM32WB05KZV6TR, STM32WB05KZV7TR, STM32WB05TZF6TR, STM32WB05TZF7TR, STM32WB06CCF6TR, STM32WB06CCF7TR, STM32WB06CCV6TR, STM32WB06CCV7TR, STM32WB06KCV6TR, STM32WB06KCV7TR, STM32WB07CCF6TR, STM32WB07CCF7TR, STM32WB07CCV6TR, STM32WB07CCV7TR, STM32WB07KCV6TR, STM32WB07KCV7TR, STM32WB09KEV6TR, STM32WB09KEV7TR, STM32WB09TEF6TR, STM32WB09TEF7TR, STM32WB1MMCH6, STM32WBA50KGU6, STM32WBA50KGU6TR, STM32WBA52CEU6, STM32WBA52CEU6TR, STM32WBA52CEU7, STM32WBA52CEU7TR, STM32WBA52CGU6, STM32WBA52CGU6TR, STM32WBA52CGU6U, STM32WBA52CGU7, STM32WBA52CGU7TR, STM32WBA52KEU6, STM32WBA52KEU6TR, STM32WBA52KGU6, STM32WBA52KGU6TR, STM32WBA54CEU6, STM32WBA54CEU6TR, STM32WBA54CEU7, STM32WBA54CEU7TR, STM32WBA54CGU6, STM32WBA54CGU6TR, STM32WBA54CGU7, STM32WBA54CGU7TR, STM32WBA54KEU6, STM32WBA54KEU6TR, STM32WBA54KEU7, STM32WBA54KEU7TR, STM32WBA54KGU6, STM32WBA54KGU6TR, STM32WBA54KGU7, STM32WBA54KGU7TR, STM32WBA55CEU6, STM32WBA55CEU6TR, STM32WBA55CEU7, STM32WBA55CEU7TR, STM32WBA55CGU6, STM32WBA55CGU6TR, STM32WBA55CGU6U, STM32WBA55CGU7, STM32WBA55CGU7TR, STM32WBA55G-DK1, STM32WBA55HEF6, STM32WBA55HEF7, STM32WBA55HGF6, STM32WBA55HGF7, STM32WBA55UEI6, STM32WBA55UEI6TR, STM32WBA55UEI7, STM32WBA55UEI7TR, STM32WBA55UGI6, STM32WBA55UGI6TR, STM32WBA55UGI7, STM32WBA55UGI7TR, STM32WBA5MJGH6TR, STM32WBA62CGU6, STM32WBA62CIU6, STM32WBA62MGF6, STM32WBA62MIF6, STM32WBA62PGI6, STM32WBA62PII6, STM32WBA63CGU6, STM32WBA63CGU7, STM32WBA63CIU6, STM32WBA63CIU7, STM32WBA64CGU6, STM32WBA64CGU7, STM32WBA64CIU6, STM32WBA64CIU7, STM32WBA65CGU6, STM32WBA65CGU7, STM32WBA65CIU6, STM32WBA65CIU7, STM32WBA65I-DK1, STM32WBA65MGF6, STM32WBA65MGF7, STM32WBA65MIF6, STM32WBA65MIF7, STM32WBA65PGI6, STM32WBA65PGI7, STM32WBA65PII6, STM32WBA65PII7, STM32WBA65RGV6, STM32WBA65RGV7, STM32WBA65RIV6, STM32WBA65RIV7, STM32WL30K8V6, STM32WL30KBV6, STM32WL31C8V6, STM32WL31CBV6, STM32WL31K8V6, STM32WL31KBV6, STM32WL33C8V6, STM32WL33C8V6TR, STM32WL33C8V7, STM32WL33C8V7TR, STM32WL33CBV6, STM32WL33CBV6TR, STM32WL33CBV7, STM32WL33CBV7TR, STM32WL33CCV6, STM32WL33CCV6TR, STM32WL33CCV7, STM32WL33CCV7A, STM32WL33CCV7ATR, STM32WL33CCV7TR, STM32WL33K8V6, STM32WL33K8V6TR, STM32WL33K8V7, STM32WL33K8V7TR, STM32WL33KBV6, STM32WL33KBV6TR, STM32WL33KBV7, STM32WL33KBV7TR, STM32WL33KCV6, STM32WL33KCV6TR, STM32WL33KCV7, STM32WL33KCV7TR, STM32WL5MOCH6, STM32WL5MOCH6TR]
2026-02-19 17:31:15,996 [INFO] ApiDb:668 - CubeFinder database Data Model version=2.1
2026-02-19 17:31:15,996 [INFO] ApiDb:669 - CubeFinder database Configuration version=3.0.39
2026-02-19 17:31:15,996 [INFO] ApiDb:670 - CubeFinder database generation date=2025-12-22 (1766407740)
2026-02-19 17:31:15,996 [INFO] ApiDb:671 - CubeFinder database FW Pack versions=[FP-ATR-ASTRA1_V2.0.0, FP-SNS-FLIGHT1_V5.1.0, FP-SNS-MOTENV1_V5.1.0, FP-SNS-MOTENVWB1_V1.4.0, FP-SNS-SMARTAG2_V1.2.0, FP-SNS-STBOX1_V2.1.0, STM32Cube_FW_C0_V1.4.0, STM32Cube_FW_F4_V1.28.3, STM32Cube_FW_F7_V1.17.4, STM32Cube_FW_G0_V1.6.2, STM32Cube_FW_G4_V1.6.1, STM32Cube_FW_H5_V1.5.1, STM32Cube_FW_H7RS_V1.3.0, STM32Cube_FW_H7_V1.12.1, STM32Cube_FW_L0_V1.12.2, STM32Cube_FW_L4_V1.18.1, STM32Cube_FW_L5_V1.6.0, STM32Cube_FW_N6_V1.3.0, STM32Cube_FW_U0_V1.3.0, STM32Cube_FW_U3_V1.2.1, STM32Cube_FW_U5_V1.8.0, STM32Cube_FW_WB0_V1.4.0, STM32Cube_FW_WBA_V1.8.0, STM32Cube_FW_WB_V1.24.0, STM32Cube_FW_WL3_V1.3.0, STM32Cube_FW_WL_V1.4.0, X-CUBE-ALGOBUILD_V1.4.0, X-CUBE-ALS_V1.0.2, X-CUBE-AZRTOS-F4_V1.1.0, X-CUBE-AZRTOS-F7_V1.1.0, X-CUBE-AZRTOS-G0_V1.1.0, X-CUBE-AZRTOS-G4_V2.0.0, X-CUBE-AZRTOS-H7RS_V1.1.0, X-CUBE-AZRTOS-H7_V3.4.0, X-CUBE-AZRTOS-L4_V2.0.0, X-CUBE-AZRTOS-L5_V2.0.0, X-CUBE-AZRTOS-WB_V2.0.0, X-CUBE-AZRTOS-WL_V2.0.0, X-CUBE-BLE1_V7.1.0, X-CUBE-BLE2_V3.3.0, X-CUBE-BLEMGR_V4.1.0, X-CUBE-EEPRMA1_V5.2.0, X-CUBE-FREERTOS_V1.3.1, X-CUBE-GNSS1_V6.0.0, X-CUBE-MEMS1_V12.0.0, X-CUBE-NFC4_V3.0.0, X-CUBE-NFC7_V2.0.0, X-CUBE-SFXS2LP1_V4.0.0, X-CUBE-ST67W61_V1.1.0, X-CUBE-SUBG2_V5.0.0, X-CUBE-TOF1_V3.4.3]
2026-02-19 17:31:18,290 [INFO] ApiDb:240 - Found 895 in-development CPN: [B-G473E-ZEST1S, B-WB1M-WPAN1, B-WBA5M-WPAN, B-WL5M-SUBG1, NUCLEO-C031C6, NUCLEO-C051C8, NUCLEO-C071RB, NUCLEO-C092RC, NUCLEO-H503RB, NUCLEO-H533RE, NUCLEO-H563ZI, NUCLEO-H7S3L8, NUCLEO-N657X0-Q, NUCLEO-U031R8, NUCLEO-U083RC, NUCLEO-U385RG-Q, NUCLEO-U545RE-Q, NUCLEO-U5A5ZJ-Q, NUCLEO-WB05KZ, NUCLEO-WB07CC, NUCLEO-WB09KE, NUCLEO-WBA52CG, NUCLEO-WBA55CG, NUCLEO-WBA65RI, NUCLEO-WL33CC1, NUCLEO-WL33CC2, STEVAL-PROTEUS1, STEVAL-SMARTAG2, STEVAL-STWINBX1, STM320518-EVAL, STM32C0116-DK, STM32C011D6Y3TR, STM32C011D6Y6TR, STM32C011F4P3, STM32C011F4P6, STM32C011F4U3, STM32C011F4U6TR, STM32C011F6P3, STM32C011F6P6, STM32C011F6U3, STM32C011F6U6TR, STM32C011J4M3, STM32C011J4M6, STM32C011J6M3, STM32C011J6M6, STM32C0316-DK, STM32C031C4T3, STM32C031C4T6, STM32C031C4U3, STM32C031C4U6, STM32C031C6T3, STM32C031C6T6, STM32C031C6U3, STM32C031C6U6, STM32C031F4P3, STM32C031F4P6, STM32C031F6P3, STM32C031F6P6, STM32C031G4U3, STM32C031G4U6, STM32C031G6U3, STM32C031G6U6, STM32C031K4T3, STM32C031K4T6, STM32C031K4U3, STM32C031K4U6, STM32C031K6T3, STM32C031K6T6, STM32C031K6U3, STM32C031K6U6, STM32C051C6T6, STM32C051C6U6, STM32C051C8T6, STM32C051C8U6, STM32C051D8Y6TR, STM32C051F6P6, STM32C051F8P6, STM32C051G6U6, STM32C051G8U6, STM32C051K6T6, STM32C051K6U6, STM32C051K8T6, STM32C071C8T6, STM32C071C8T6N, STM32C071C8U6, STM32C071C8U6N, STM32C071CBT6, STM32C071CBT6N, STM32C071CBU6, STM32C071CBU6N, STM32C071F8P6, STM32C071F8P6N, STM32C071FBP6, STM32C071FBP6N, STM32C071FBY6TR, STM32C071G8U6, STM32C071G8U6N, STM32C071GBU6, STM32C071GBU6N, STM32C071K8T6, STM32C071K8T6N, STM32C071K8U6, STM32C071K8U6N, STM32C071KBT6, STM32C071KBT6N, STM32C071KBU6, STM32C071KBU6N, STM32C071R8T6, STM32C071R8T6N, STM32C071RBI6N, STM32C071RBT6, STM32C071RBT6N, STM32C091CBT6, STM32C091CBU6, STM32C091CCT6, STM32C091CCU6, STM32C091ECY6TR, STM32C091FBP6, STM32C091FCP6, STM32C091GBU6, STM32C091GCU6, STM32C091KBT6, STM32C091KBU6, STM32C091KCT6, STM32C091KCU6, STM32C091RBT6, STM32C091RCI6, STM32C091RCT6, STM32C092CBT6, STM32C092CBU6, STM32C092CCT6, STM32C092CCU6, STM32C092ECY6TR, STM32C092FBP6, STM32C092FCP6, STM32C092GBU6, STM32C092GCU6, STM32C092KBT6, STM32C092KBU6, STM32C092KCT6, STM32C092KCU6, STM32C092RBT6, STM32C092RCI6, STM32C092RCT6, STM32G071K8TXN, STM32G071K8UXN, STM32G081GBU6N, STM32G081KBT6N, STM32G081KBUXN, STM32G0B1CCT6N, STM32G0B1KCT6, STM32G0B1NEY6TR, STM32G0B1RCT6N, STM32G0C1CCT6, STM32G0C1CCT6N, STM32G0C1CCU6N, STM32G0C1CET6N, STM32G0C1CEU6N, STM32G0C1KCT6, STM32G0C1NEY6TR, STM32G0C1RCI6N, STM32G0C1RCT6N, STM32G0C1REI6N, STM32G0C1RET6N, STM32G0C1VCI6, STM32G0C1VEI6, STM32G411C6T3, STM32G411C6T6, STM32G411C6U3, STM32G411C6U6, STM32G411C8T3, STM32G411C8T6, STM32G411C8U3, STM32G411C8U6, STM32G411CBT3, STM32G411CBT6, STM32G411CBU3, STM32G411CBU6, STM32G411CCT3, STM32G411CCT6, STM32G411CCU3, STM32G411CCU6, STM32G411K6T3, STM32G411K6T6, STM32G411K6U3, STM32G411K6U6, STM32G411K8T3, STM32G411K8T6, STM32G411K8U3, STM32G411K8U6, STM32G411KBT3, STM32G411KBT6, STM32G411KBU3, STM32G411KBU6, STM32G411M6T3, STM32G411M6T6, STM32G411M8T3, STM32G411M8T6, STM32G411MBT3, STM32G411MBT6, STM32G411MCT3, STM32G411MCT6, STM32G411R6T3, STM32G411R6T6, STM32G411R8T3, STM32G411R8T6, STM32G411RBT3, STM32G411RBT6, STM32G411RCT3, STM32G411RCT6, STM32G414CBT3, STM32G414CBT6, STM32G414CBU3, STM32G414CBU6, STM32G414CCT3, STM32G414CCT6, STM32G414CCU3, STM32G414CCU6, STM32G414MBT3, STM32G414MBT6, STM32G414MCT3, STM32G414MCT6, STM32G414RBT3, STM32G414RBT6, STM32G414RCT3, STM32G414RCT6, STM32G414VBT3, STM32G414VBT6, STM32G414VCT3, STM32G414VCT6, STM32G431CBT3Z, STM32G431RBT3Z, STM32G471CCT6, STM32G471CCU6, STM32G471CET3, STM32G471CET6, STM32G471CEU3, STM32G471CEU6, STM32G471MCT6, STM32G471MET3, STM32G471MET6, STM32G471MEY6TR, STM32G471QCT6, STM32G471QET3, STM32G471RCT6, STM32G471RET3, STM32G471RET6, STM32G471VCH6, STM32G471VCI6, STM32G471VCT6, STM32G471VEH3, STM32G471VEH6, STM32G471VEI3, STM32G471VEI6, STM32G471VET3, STM32G471VET6, STM32G473QET3Z, STM32G473RET3Z, STM32G474CCT6, STM32G491RET3Z, STM32H503CBT6, STM32H503CBU6, STM32H503EBY6TR, STM32H503KBU6, STM32H503RBT6, STM32H523CCT6, STM32H523CCU6, STM32H523CET6, STM32H523CEU6, STM32H523HEY6TR, STM32H523RCT6, STM32H523RET6, STM32H523VCI6, STM32H523VCT6, STM32H523VEI6, STM32H523VET6, STM32H523ZCJ6, STM32H523ZCT6, STM32H523ZEJ6, STM32H523ZET6, STM32H533CET6, STM32H533CEU6, STM32H533HEY6TR, STM32H533RET6, STM32H533VEI6, STM32H533VET6, STM32H533ZEJ6, STM32H533ZET6, STM32H562AGI6, STM32H562AII6, STM32H562IGK6, STM32H562IGT6, STM32H562IIK6, STM32H562IIT6, STM32H562RGT6, STM32H562RGV6, STM32H562RIT6, STM32H562RIV6, STM32H562VGT6, STM32H562VIT6, STM32H562ZGT6, STM32H562ZIT6, STM32H563AGI6, STM32H563AII3Q, STM32H563AII6, STM32H563IGK6, STM32H563IGT6, STM32H563IIK3Q, STM32H563IIK6, STM32H563IIT3Q, STM32H563IIT6, STM32H563MIY3QTR, STM32H563RGT6, STM32H563RGV6, STM32H563RIT6, STM32H563RIV6, STM32H563VGT6, STM32H563VIT3Q, STM32H563VIT6, STM32H563ZGT6, STM32H563ZIT3Q, STM32H563ZIT6, STM32H573AII3Q, STM32H573AII6, STM32H573I-DK, STM32H573IIK3Q, STM32H573IIK6, STM32H573IIT3Q, STM32H573IIT6, STM32H573MIY3QTR, STM32H573RIT6, STM32H573RIV6, STM32H573VIT3Q, STM32H573VIT6, STM32H573ZIT3Q, STM32H573ZIT6, STM32H7R3A8I6, STM32H7R3I8K6, STM32H7R3I8T6, STM32H7R3L8H6, STM32H7R3L8H6H, STM32H7R3R8V6, STM32H7R3V8H6, STM32H7R3V8T6, STM32H7R3V8Y6TR, STM32H7R3Z8J6, STM32H7R3Z8T6, STM32H7R7A8I6, STM32H7R7I8K6, STM32H7R7I8T6, STM32H7R7L8H6, STM32H7R7L8H6H, STM32H7R7Z8J6, STM32H7S3A8I6, STM32H7S3I8K6, STM32H7S3I8T6, STM32H7S3L8H6, STM32H7S3L8H6H, STM32H7S3R8V6, STM32H7S3V8H6, STM32H7S3V8T6, STM32H7S3V8Y6TR, STM32H7S3Z8J6, STM32H7S3Z8T6, STM32H7S78-DK, STM32H7S7A8I6, STM32H7S7I8K6, STM32H7S7I8T6, STM32H7S7L8H6, STM32H7S7L8H6H, STM32H7S7Z8J6, STM32L4R5QGI6STR, STM32MP131AAE3, STM32MP131AAF3, STM32MP131AAG3, STM32MP131CAE3, STM32MP131CAF3, STM32MP131CAG3, STM32MP131DAE7, STM32MP131DAF7, STM32MP131DAG7, STM32MP131FAE7, STM32MP131FAF7, STM32MP131FAG7, STM32MP133AAE3, STM32MP133AAF3, STM32MP133AAG3, STM32MP133CAE3, STM32MP133CAF3, STM32MP133CAG3, STM32MP133DAE7, STM32MP133DAF7, STM32MP133DAG7, STM32MP133FAE7, STM32MP133FAF7, STM32MP133FAG7, STM32MP135AAE3, STM32MP135AAF3, STM32MP135AAG3, STM32MP135CAE3, STM32MP135CAF3, STM32MP135CAG3, STM32MP135DAE7, STM32MP135DAF7, STM32MP135DAG7, STM32MP135F-DK, STM32MP135FAE7, STM32MP135FAF7, STM32MP135FAF7T, STM32MP135FAF7U, STM32MP135FAG7, STM32MP231AAJ3, STM32MP231AAK3, STM32MP231AAL3, STM32MP231CAJ3, STM32MP231CAK3, STM32MP231CAL3, STM32MP231DAJ3, STM32MP231DAK3, STM32MP231DAL3, STM32MP231FAJ3, STM32MP231FAK3, STM32MP231FAL3, STM32MP233AAJ3, STM32MP233AAK3, STM32MP233AAL3, STM32MP233CAJ3, STM32MP233CAK3, STM32MP233CAL3, STM32MP233DAJ3, STM32MP233DAK3, STM32MP233DAL3, STM32MP233FAJ3, STM32MP233FAK3, STM32MP233FAL3, STM32MP235AAJ3, STM32MP235AAK3, STM32MP235AAL3, STM32MP235CAJ3, STM32MP235CAK3, STM32MP235CAL3, STM32MP235DAJ3, STM32MP235DAK3, STM32MP235DAL3, STM32MP235FAJ3, STM32MP235FAK3, STM32MP235FAL3, STM32MP251AAI3, STM32MP251AAJ3, STM32MP251AAK3, STM32MP251AAL3, STM32MP251CAI3, STM32MP251CAJ3, STM32MP251CAK3, STM32MP251CAL3, STM32MP251DAI3, STM32MP251DAJ3, STM32MP251DAK3, STM32MP251DAL3, STM32MP251FAI3, STM32MP251FAJ3, STM32MP251FAK3, STM32MP251FAL3, STM32MP253AAI3, STM32MP253AAJ3, STM32MP253AAK3, STM32MP253AAL3, STM32MP253CAI3, STM32MP253CAJ3, STM32MP253CAK3, STM32MP253CAL3, STM32MP253DAI3, STM32MP253DAJ3, STM32MP253DAK3, STM32MP253DAL3, STM32MP253FAI3, STM32MP253FAJ3, STM32MP253FAK3, STM32MP253FAL3, STM32MP255AAI3, STM32MP255AAJ3, STM32MP255AAK3, STM32MP255AAL3, STM32MP255CAI3, STM32MP255CAJ3, STM32MP255CAK3, STM32MP255CAL3, STM32MP255DAI3, STM32MP255DAJ3, STM32MP255DAK3, STM32MP255DAL3, STM32MP255FAI3, STM32MP255FAJ3, STM32MP255FAK3, STM32MP255FAL3, STM32MP257AAI3, STM32MP257AAJ3, STM32MP257AAK3, STM32MP257AAL3, STM32MP257CAI3, STM32MP257CAJ3, STM32MP257CAK3, STM32MP257CAL3, STM32MP257DAI3, STM32MP257DAJ3, STM32MP257DAK3, STM32MP257DAL3, STM32MP257F-DK, STM32MP257F-EV1, STM32MP257FAI3, STM32MP257FAJ3, STM32MP257FAK3, STM32MP257FAL3, STM32N645A0H3Q, STM32N645B0H3Q, STM32N645I0H3Q, STM32N645L0H3Q, STM32N645X0H3Q, STM32N645Z0H3Q, STM32N647A0H3Q, STM32N647B0H3Q, STM32N647I0H3Q, STM32N647L0H3Q, STM32N647X0H3Q, STM32N647Z0H3Q, STM32N655A0H3Q, STM32N655B0H3Q, STM32N655I0H3Q, STM32N655L0H3Q, STM32N655X0H3Q, STM32N655Z0H3Q, STM32N6570-DK, STM32N657A0H3Q, STM32N657B0H3Q, STM32N657I0H3Q, STM32N657L0H3Q, STM32N657X0H3Q, STM32N657Z0H3Q, STM32U031C6T6, STM32U031C6U6, STM32U031C8T6, STM32U031C8U6, STM32U031F4P6, STM32U031F6P6, STM32U031F8P6, STM32U031G6Y6TR, STM32U031G8Y6TR, STM32U031K4U6, STM32U031K6U6, STM32U031K8U6, STM32U031R6I6, STM32U031R6T6, STM32U031R8I6, STM32U031R8T6, STM32U073C8T6, STM32U073C8U6, STM32U073CBT6, STM32U073CBU6, STM32U073CCT6, STM32U073CCU6, STM32U073H8Y6TR, STM32U073HBY6TR, STM32U073HCY6TR, STM32U073K8U6, STM32U073KBU6, STM32U073KCU6, STM32U073M8I6, STM32U073M8T6, STM32U073MBI6, STM32U073MBT6, STM32U073MCI6, STM32U073MCT6, STM32U073R8I6, STM32U073R8T6, STM32U073RBI6, STM32U073RBT6, STM32U073RCI6, STM32U073RCT6, STM32U083C-DK, STM32U083CCT6, STM32U083CCU6, STM32U083HCY6TR, STM32U083KCU6, STM32U083MCI6, STM32U083MCT6, STM32U083RCI6, STM32U083RCT6, STM32U375CET6, STM32U375CET6Q, STM32U375CEU6, STM32U375CEU6Q, STM32U375CEY6QTR, STM32U375CGT6, STM32U375CGT6Q, STM32U375CGU6, STM32U375CGU6Q, STM32U375CGY6QTR, STM32U375KEU6, STM32U375KGU6, STM32U375REI6, STM32U375REI6Q, STM32U375RET6, STM32U375RET6Q, STM32U375REY6GTR, STM32U375REY6QTR, STM32U375RGI6, STM32U375RGI6Q, STM32U375RGT6, STM32U375RGT6Q, STM32U375RGY6GTR, STM32U375RGY6QTR, STM32U375VEI6, STM32U375VEI6Q, STM32U375VET6, STM32U375VET6Q, STM32U375VGI6, STM32U375VGI6Q, STM32U375VGT6, STM32U375VGT6Q, STM32U385CGT6, STM32U385CGT6Q, STM32U385CGU6, STM32U385CGU6Q, STM32U385CGY6QTR, STM32U385KGU6, STM32U385RGI6, STM32U385RGI6Q, STM32U385RGT6, STM32U385RGT6Q, STM32U385RGY6GTR, STM32U385RGY6QTR, STM32U385VGI6, STM32U385VGI6Q, STM32U385VGT6, STM32U385VGT6Q, STM32U535CBT6, STM32U535CBT6Q, STM32U535CBU6, STM32U535CBU6Q, STM32U535CCT6, STM32U535CCT6Q, STM32U535CCU6, STM32U535CCU6Q, STM32U535CET6, STM32U535CET6Q, STM32U535CEU6, STM32U535CEU6Q, STM32U535JEY6QTR, STM32U535NCY6QTR, STM32U535NEY6QTR, STM32U535RBI6, STM32U535RBI6Q, STM32U535RBT6, STM32U535RBT6Q, STM32U535RCI6, STM32U535RCI6Q, STM32U535RCT6, STM32U535RCT6Q, STM32U535REI6, STM32U535REI6Q, STM32U535RET6, STM32U535RET6Q, STM32U535VCI6, STM32U535VCI6Q, STM32U535VCT6, STM32U535VCT6Q, STM32U535VEI6, STM32U535VEI6Q, STM32U535VET6, STM32U535VET6Q, STM32U545CET6, STM32U545CET6Q, STM32U545CEU6, STM32U545CEU6Q, STM32U545JEY6QTR, STM32U545NEY6QTR, STM32U545REI6, STM32U545REI6Q, STM32U545RET6, STM32U545RET6Q, STM32U545VEI6, STM32U545VEI6Q, STM32U545VET6, STM32U545VET6Q, STM32U595AIH6, STM32U595AIH6Q, STM32U595AJH6, STM32U595AJH6Q, STM32U595QII6, STM32U595QII6Q, STM32U595QJI6, STM32U595QJI6Q, STM32U595RIT6, STM32U595RIT6Q, STM32U595RJT6, STM32U595RJT6Q, STM32U595VIT6, STM32U595VIT6Q, STM32U595VJT6, STM32U595VJT6Q, STM32U595ZIT6, STM32U595ZIT6Q, STM32U595ZIY6QTR, STM32U595ZJT6, STM32U595ZJT6Q, STM32U595ZJY6QTR, STM32U599BJY6QTR, STM32U599NIH6Q, STM32U599NJH6Q, STM32U599VIT6Q, STM32U599VJT6, STM32U599VJT6Q, STM32U599ZIT6Q, STM32U599ZIY6QTR, STM32U599ZJT6Q, STM32U599ZJY6QTR, STM32U5A5AJH6, STM32U5A5AJH6Q, STM32U5A5QII3Q , STM32U5A5QJI6, STM32U5A5QJI6Q, STM32U5A5RJT6, STM32U5A5RJT6Q, STM32U5A5VJT6, STM32U5A5VJT6Q, STM32U5A5ZJT6, STM32U5A5ZJT6Q, STM32U5A5ZJY6QTR, STM32U5A9BJY6QTR, STM32U5A9J-DK, STM32U5A9NJH6Q, STM32U5A9VJT6Q, STM32U5A9ZJT6Q, STM32U5A9ZJY6QTR, STM32U5F7VIT6, STM32U5F7VIT6Q, STM32U5F7VJT6, STM32U5F7VJT6Q, STM32U5F9BJY6QTR, STM32U5F9NJH6Q, STM32U5F9VIT6Q, STM32U5F9VJT6Q, STM32U5F9ZIJ6QTR, STM32U5F9ZIT6Q, STM32U5F9ZJJ6QTR, STM32U5F9ZJT6Q, STM32U5G7VJT6, STM32U5G7VJT6Q, STM32U5G9BJY6QTR, STM32U5G9J-DK1, STM32U5G9J-DK2, STM32U5G9NJH6Q, STM32U5G9VJT6Q, STM32U5G9ZJJ6QTR, STM32U5G9ZJT6Q, STM32WB05KZV6TR, STM32WB05KZV7TR, STM32WB05TZF6TR, STM32WB05TZF7TR, STM32WB06CCF6TR, STM32WB06CCF7TR, STM32WB06CCV6TR, STM32WB06CCV7TR, STM32WB06KCV6TR, STM32WB06KCV7TR, STM32WB07CCF6TR, STM32WB07CCF7TR, STM32WB07CCV6TR, STM32WB07CCV7TR, STM32WB07KCV6TR, STM32WB07KCV7TR, STM32WB09KEV6TR, STM32WB09KEV7TR, STM32WB09TEF6TR, STM32WB09TEF7TR, STM32WB1MMCH6, STM32WBA50KGU6, STM32WBA50KGU6TR, STM32WBA52CEU6, STM32WBA52CEU6TR, STM32WBA52CEU7, STM32WBA52CEU7TR, STM32WBA52CGU6, STM32WBA52CGU6TR, STM32WBA52CGU6U, STM32WBA52CGU7, STM32WBA52CGU7TR, STM32WBA52KEU6, STM32WBA52KEU6TR, STM32WBA52KGU6, STM32WBA52KGU6TR, STM32WBA54CEU6, STM32WBA54CEU6TR, STM32WBA54CEU7, STM32WBA54CEU7TR, STM32WBA54CGU6, STM32WBA54CGU6TR, STM32WBA54CGU7, STM32WBA54CGU7TR, STM32WBA54KEU6, STM32WBA54KEU6TR, STM32WBA54KEU7, STM32WBA54KEU7TR, STM32WBA54KGU6, STM32WBA54KGU6TR, STM32WBA54KGU7, STM32WBA54KGU7TR, STM32WBA55CEU6, STM32WBA55CEU6TR, STM32WBA55CEU7, STM32WBA55CEU7TR, STM32WBA55CGU6, STM32WBA55CGU6TR, STM32WBA55CGU6U, STM32WBA55CGU7, STM32WBA55CGU7TR, STM32WBA55G-DK1, STM32WBA55HEF6, STM32WBA55HEF7, STM32WBA55HGF6, STM32WBA55HGF7, STM32WBA55UEI6, STM32WBA55UEI6TR, STM32WBA55UEI7, STM32WBA55UEI7TR, STM32WBA55UGI6, STM32WBA55UGI6TR, STM32WBA55UGI7, STM32WBA55UGI7TR, STM32WBA5MJGH6TR, STM32WBA62CGU6, STM32WBA62CIU6, STM32WBA62MGF6, STM32WBA62MIF6, STM32WBA62PGI6, STM32WBA62PII6, STM32WBA63CGU6, STM32WBA63CGU7, STM32WBA63CIU6, STM32WBA63CIU7, STM32WBA64CGU6, STM32WBA64CGU7, STM32WBA64CIU6, STM32WBA64CIU7, STM32WBA65CGU6, STM32WBA65CGU7, STM32WBA65CIU6, STM32WBA65CIU7, STM32WBA65I-DK1, STM32WBA65MGF6, STM32WBA65MGF7, STM32WBA65MIF6, STM32WBA65MIF7, STM32WBA65PGI6, STM32WBA65PGI7, STM32WBA65PII6, STM32WBA65PII7, STM32WBA65RGV6, STM32WBA65RGV7, STM32WBA65RIV6, STM32WBA65RIV7, STM32WL30K8V6, STM32WL30KBV6, STM32WL31C8V6, STM32WL31CBV6, STM32WL31K8V6, STM32WL31KBV6, STM32WL33C8V6, STM32WL33C8V6TR, STM32WL33C8V7, STM32WL33C8V7TR, STM32WL33CBV6, STM32WL33CBV6TR, STM32WL33CBV7, STM32WL33CBV7TR, STM32WL33CCV6, STM32WL33CCV6TR, STM32WL33CCV7, STM32WL33CCV7A, STM32WL33CCV7ATR, STM32WL33CCV7TR, STM32WL33K8V6, STM32WL33K8V6TR, STM32WL33K8V7, STM32WL33K8V7TR, STM32WL33KBV6, STM32WL33KBV6TR, STM32WL33KBV7, STM32WL33KBV7TR, STM32WL33KCV6, STM32WL33KCV6TR, STM32WL33KCV7, STM32WL33KCV7TR, STM32WL5MOCH6, STM32WL5MOCH6TR]
2026-02-19 17:31:18,294 [INFO] DbMcus:218 - Found 4822 MCUs, 4822 are supported
2026-02-19 17:31:18,295 [INFO] ApiDb:423 - Load user favorites file C:\Users\lthst/.stm32cubeide/favorites.mcus.txt: 0 item(s)
2026-02-19 17:31:18,295 [INFO] ApiDb:427 - User favorites MCUs=[]
2026-02-19 17:31:18,295 [INFO] DbMcus:224 - Set 0 / 0 favorites MCUs
2026-02-19 17:31:18,977 [INFO] BoardInfo:889 - No configuration file found for board P-NUCLEO-WB55
2026-02-19 17:31:18,978 [INFO] DbBoards:161 - Kit is not supported: P-NUCLEO-WB55
2026-02-19 17:31:18,985 [INFO] BoardInfo:889 - No configuration file found for board STEVAL-BFA001V1B
2026-02-19 17:31:18,986 [INFO] DbBoards:161 - Kit is not supported: STEVAL-BFA001V1B
2026-02-19 17:31:18,987 [INFO] BoardInfo:889 - No configuration file found for board STEVAL-BFA001V2B
2026-02-19 17:31:18,988 [INFO] DbBoards:161 - Kit is not supported: STEVAL-BFA001V2B
2026-02-19 17:31:19,193 [INFO] DbBoards:168 - Found 211 boards, 208 are supported
2026-02-19 17:31:19,193 [INFO] DbBoards:169 - Found 211 boards, 43 of them is supported for  Bsp
2026-02-19 17:31:19,205 [INFO] ApiDb:423 - Load user favorites file C:\Users\lthst/.stm32cubeide/favorites.boards.txt: 0 item(s)
2026-02-19 17:31:19,205 [INFO] ApiDb:427 - User favorites Boards=[]
2026-02-19 17:31:19,206 [INFO] DbBoards:198 - Set 0 / 0 favorites Boards
2026-02-19 17:31:19,279 [INFO] UtilMem:75 - End LoadConfig() Used Memory: 780305552 Bytes (1073741824)
2026-02-19 17:31:19,440 [WARN] ThirdParty:833 - waiting for thirdparty lock release [change project]
2026-02-19 17:31:19,440 [INFO] ThirdParty:835 - entering critical section [change project]
2026-02-19 17:31:19,441 [INFO] ThirdParty:1030 - CMSIS Pack Vendor :STMicroelectronics X-CUBE-PM33A1 1.0.0
2026-02-19 17:31:19,441 [INFO] ThirdParty:1030 - CMSIS Pack Vendor :STMicroelectronics USBPD 4.1
2026-02-19 17:31:19,441 [INFO] ThirdParty:1030 - CMSIS Pack Vendor :STMicroelectronics USB_HOST 2.0.0
2026-02-19 17:31:19,441 [INFO] ThirdParty:1030 - CMSIS Pack Vendor :STMicroelectronics FP-SNS-MOTENVWB1 1.4.0
2026-02-19 17:31:19,441 [INFO] ThirdParty:1030 - CMSIS Pack Vendor :STMicroelectronics X-CUBE-AZRTOS-F4 1.1.0
2026-02-19 17:31:19,441 [INFO] ThirdParty:1030 - CMSIS Pack Vendor :STMicroelectronics LIBJPEG 8.0.0
2026-02-19 17:31:19,441 [INFO] ThirdParty:1030 - CMSIS Pack Vendor :STMicroelectronics FP-ATR-ASTRA1 2.0.2
2026-02-19 17:31:19,441 [INFO] ThirdParty:1030 - CMSIS Pack Vendor :Avnet-IotConnect X-CUBE-IoTC-DA16k-PMOD 1.0.0
2026-02-19 17:31:19,441 [INFO] ThirdParty:1030 - CMSIS Pack Vendor :STMicroelectronics X-CUBE-SMBUS 2.1.0
2026-02-19 17:31:19,441 [INFO] ThirdParty:1030 - CMSIS Pack Vendor :STMicroelectronics X-CUBE-WB05N 1.1.0
2026-02-19 17:31:19,441 [INFO] ThirdParty:1030 - CMSIS Pack Vendor :STMicroelectronics X-CUBE-ISPU 2.1.0
2026-02-19 17:31:19,441 [INFO] ThirdParty:1030 - CMSIS Pack Vendor :STMicroelectronics X-CUBE-ST60 1.0.0
2026-02-19 17:31:19,441 [INFO] ThirdParty:1030 - CMSIS Pack Vendor :STMicroelectronics X-CUBE-NFC12 1.0.0
2026-02-19 17:31:19,441 [INFO] ThirdParty:1030 - CMSIS Pack Vendor :STMicroelectronics X-CUBE-AZRTOS-F7 1.1.0
2026-02-19 17:31:19,441 [INFO] ThirdParty:1030 - CMSIS Pack Vendor :STMicroelectronics X-CUBE-AZRTOS-L5 2.0.0
2026-02-19 17:31:19,441 [INFO] ThirdParty:1030 - CMSIS Pack Vendor :STMicroelectronics USB_DEVICE 2.0.0
2026-02-19 17:31:19,441 [INFO] ThirdParty:1030 - CMSIS Pack Vendor :STMicroelectronics X-CUBE-NFC6 3.1.0
2026-02-19 17:31:19,441 [INFO] ThirdParty:1030 - CMSIS Pack Vendor :STMicroelectronics FreeRTOS 0.0.1
2026-02-19 17:31:19,441 [INFO] ThirdParty:1030 - CMSIS Pack Vendor :STMicroelectronics X-CUBE-DPower 1.2.0
2026-02-19 17:31:19,441 [INFO] ThirdParty:1030 - CMSIS Pack Vendor :Infineon AIROC-Wi-Fi-Bluetooth-STM32 1.7.0
2026-02-19 17:31:19,441 [INFO] ThirdParty:1030 - CMSIS Pack Vendor :STMicroelectronics PDM2PCM 3.3.0
2026-02-19 17:31:19,441 [INFO] ThirdParty:1030 - CMSIS Pack Vendor :STMicroelectronics X-CUBE-AZRTOS-H7 3.4.0
2026-02-19 17:31:19,441 [INFO] ThirdParty:1030 - CMSIS Pack Vendor :STMicroelectronics X-CUBE-DISPLAY 3.0.0
2026-02-19 17:31:19,441 [INFO] ThirdParty:1030 - CMSIS Pack Vendor :STMicroelectronics X-CUBE-NFC10 1.0.0
2026-02-19 17:31:19,441 [INFO] ThirdParty:1030 - CMSIS Pack Vendor :STMicroelectronics X-CUBE-BLEMGR 4.0.0
2026-02-19 17:31:19,441 [INFO] ThirdParty:1030 - CMSIS Pack Vendor :STMicroelectronics X-CUBE-FREERTOS 1.3.1
2026-02-19 17:31:19,441 [INFO] ThirdParty:1030 - CMSIS Pack Vendor :STMicroelectronics HAL Drivers 0.0.0
2026-02-19 17:31:19,442 [INFO] ThirdParty:1030 - CMSIS Pack Vendor :STMicroelectronics X-CUBE-ST60 1.1.0
2026-02-19 17:31:19,442 [INFO] ThirdParty:1030 - CMSIS Pack Vendor :emotas I-CUBE-CANOPEN 1.3.0
2026-02-19 17:31:19,442 [INFO] ThirdParty:1030 - CMSIS Pack Vendor :STMicroelectronics X-CUBE-FREERTOS 1.3.0
2026-02-19 17:31:19,442 [INFO] ThirdParty:1030 - CMSIS Pack Vendor :STMicroelectronics X-CUBE-NFC7 1.0.1
2026-02-19 17:31:19,442 [INFO] ThirdParty:1030 - CMSIS Pack Vendor :STMicroelectronics MBEDTLS 2.14.1
2026-02-19 17:31:19,442 [INFO] ThirdParty:1030 - CMSIS Pack Vendor :STMicroelectronics X-CUBE-GNSS1 7.1.0
2026-02-19 17:31:19,442 [INFO] ThirdParty:1030 - CMSIS Pack Vendor :STMicroelectronics X-CUBE-TOUCHGFX 4.26.0
2026-02-19 17:31:19,442 [INFO] ThirdParty:1030 - CMSIS Pack Vendor :quantropi X-CUBE-qispace-sdk-base 2.0.0
2026-02-19 17:31:19,442 [INFO] ThirdParty:1030 - CMSIS Pack Vendor :STMicroelectronics X-CUBE-AI 10.0.0
2026-02-19 17:31:19,442 [INFO] ThirdParty:1030 - CMSIS Pack Vendor :STMicroelectronics FP-SNS-STAIOTCFT 1.0.0
2026-02-19 17:31:19,442 [INFO] ThirdParty:1030 - CMSIS Pack Vendor :STMicroelectronics FP-SNS-SMARTAG2 1.2.0
2026-02-19 17:31:19,442 [INFO] ThirdParty:1030 - CMSIS Pack Vendor :STMicroelectronics FP-SNS-FLIGHT1 5.1.0
2026-02-19 17:31:19,442 [INFO] ThirdParty:1030 - CMSIS Pack Vendor :STMicroelectronics X-CUBE-MEMS1 11.1.0
2026-02-19 17:31:19,442 [INFO] ThirdParty:1030 - CMSIS Pack Vendor :STMicroelectronics X-CUBE-AZRTOS-WL 2.0.0
2026-02-19 17:31:19,442 [INFO] ThirdParty:1030 - CMSIS Pack Vendor :STMicroelectronics X-CUBE-DPower 1.3.0
2026-02-19 17:31:19,442 [INFO] ThirdParty:1030 - CMSIS Pack Vendor :STMicroelectronics FP-SNS-MOTENV1 5.0.0
2026-02-19 17:31:19,442 [INFO] ThirdParty:1030 - CMSIS Pack Vendor :STMicroelectronics USB_DEVICE 1.0.0
2026-02-19 17:31:19,442 [INFO] ThirdParty:1030 - CMSIS Pack Vendor :STMicroelectronics X-CUBE-AZRTOS-H7RS 1.2.0
2026-02-19 17:31:19,442 [INFO] ThirdParty:1030 - CMSIS Pack Vendor :STMicroelectronics X-CUBE-AZRTOS-L4 2.0.0
2026-02-19 17:31:19,442 [INFO] ThirdParty:1030 - CMSIS Pack Vendor :STMicroelectronics ThreadX 0.0.2
2026-02-19 17:31:19,442 [INFO] ThirdParty:1030 - CMSIS Pack Vendor :WES I-CUBE-Cesium 1.3.0
2026-02-19 17:31:19,442 [INFO] ThirdParty:1030 - CMSIS Pack Vendor :STMicroelectronics lwIP 2.1.2
2026-02-19 17:31:19,442 [INFO] ThirdParty:1030 - CMSIS Pack Vendor :STMicroelectronics X-CUBE-SFXS2LP1 4.0.0
2026-02-19 17:31:19,442 [INFO] ThirdParty:1030 - CMSIS Pack Vendor :STMicroelectronics X-CUBE-BLE2 3.3.0
2026-02-19 17:31:19,442 [INFO] ThirdParty:1030 - CMSIS Pack Vendor :Avnet-IOTCONNECT X-CUBE-iotc-st67-sdk 1.0.0
2026-02-19 17:31:19,442 [INFO] ThirdParty:1030 - CMSIS Pack Vendor :STMicroelectronics PDM2PCM 3.2.0
2026-02-19 17:31:19,442 [INFO] ThirdParty:1030 - CMSIS Pack Vendor :STMicroelectronics X-CUBE-AZRTOS-H7 3.3.0
2026-02-19 17:31:19,442 [INFO] ThirdParty:1030 - CMSIS Pack Vendor :STMicroelectronics X-CUBE-NFC9 1.0.0
2026-02-19 17:31:19,442 [INFO] ThirdParty:1030 - CMSIS Pack Vendor :STMicroelectronics X-CUBE-BLE1 7.1.0
2026-02-19 17:31:19,442 [INFO] ThirdParty:1030 - CMSIS Pack Vendor :wolfSSL I-CUBE-wolfMQTT 1.19.2
2026-02-19 17:31:19,442 [INFO] ThirdParty:1030 - CMSIS Pack Vendor :STMicroelectronics USB_DEVICE 3.0.0
2026-02-19 17:31:19,443 [INFO] ThirdParty:1030 - CMSIS Pack Vendor :STMicroelectronics X-CUBE-EEPRMA1 5.2.0
2026-02-19 17:31:19,443 [INFO] ThirdParty:1030 - CMSIS Pack Vendor :STMicroelectronics X-CUBE-BLEMGR 4.1.0
2026-02-19 17:31:19,443 [INFO] ThirdParty:1030 - CMSIS Pack Vendor :STMicroelectronics X-CUBE-AZRTOS-WB 2.0.0
2026-02-19 17:31:19,443 [INFO] ThirdParty:1030 - CMSIS Pack Vendor :STMicroelectronics X-CUBE-GNSS1 7.0.1
2026-02-19 17:31:19,443 [INFO] ThirdParty:1030 - CMSIS Pack Vendor :STMicroelectronics X-CUBE-TOUCHGFX 4.25.0
2026-02-19 17:31:19,443 [INFO] ThirdParty:1030 - CMSIS Pack Vendor :STMicroelectronics X-CUBE-AI 10.1.0
2026-02-19 17:31:19,443 [INFO] ThirdParty:1030 - CMSIS Pack Vendor :STMicroelectronics FP-SNS-STBOX1 2.0.0
2026-02-19 17:31:19,443 [INFO] ThirdParty:1030 - CMSIS Pack Vendor :STMicroelectronics X-CUBE-MEMS1 12.0.0
2026-02-19 17:31:19,443 [INFO] ThirdParty:1030 - CMSIS Pack Vendor :STMicroelectronics X-CUBE-STSE01 2.0.0
2026-02-19 17:31:19,443 [INFO] ThirdParty:1030 - CMSIS Pack Vendor :STMicroelectronics X-CUBE-MEMS1 11.2.0
2026-02-19 17:31:19,443 [INFO] ThirdParty:1030 - CMSIS Pack Vendor :STMicroelectronics X-CUBE-AZRTOS-G0 1.1.0
2026-02-19 17:31:19,443 [INFO] ThirdParty:1030 - CMSIS Pack Vendor :STMicroelectronics X-CUBE-SAFEA1 1.2.2
2026-02-19 17:31:19,443 [INFO] ThirdParty:1030 - CMSIS Pack Vendor :STMicroelectronics X-CUBE-NFC4 3.0.0
2026-02-19 17:31:19,443 [INFO] ThirdParty:1030 - CMSIS Pack Vendor :STMicroelectronics X-CUBE-SUBG2 5.0.0
2026-02-19 17:31:19,443 [INFO] ThirdParty:1030 - CMSIS Pack Vendor :STMicroelectronics X-CUBE-AZRTOS-H7RS 1.1.0
2026-02-19 17:31:19,443 [INFO] ThirdParty:1030 - CMSIS Pack Vendor :STMicroelectronics STM32_WPAN 1.0.0
2026-02-19 17:31:19,443 [INFO] ThirdParty:1030 - CMSIS Pack Vendor :EmbeddedOffice I-CUBE-FS-RTOS 1.0.1
2026-02-19 17:31:19,443 [INFO] ThirdParty:1030 - CMSIS Pack Vendor :STMicroelectronics lwIP 2.0.3
2026-02-19 17:31:19,443 [INFO] ThirdParty:1030 - CMSIS Pack Vendor :Cesanta I-CUBE-Mongoose 7.13.0
2026-02-19 17:31:19,443 [INFO] ThirdParty:1030 - CMSIS Pack Vendor :STMicroelectronics USB_HOST 1.0.0
2026-02-19 17:31:19,443 [INFO] ThirdParty:1030 - CMSIS Pack Vendor :STMicroelectronics X-CUBE-AZRTOS-G4 2.0.0
2026-02-19 17:31:19,443 [INFO] ThirdParty:1030 - CMSIS Pack Vendor :STMicroelectronics X-CUBE-WB05N 2.0.0
2026-02-19 17:31:19,443 [INFO] ThirdParty:1030 - CMSIS Pack Vendor :STMicroelectronics PDM2PCM 3.1.0
2026-02-19 17:31:19,443 [INFO] ThirdParty:1030 - CMSIS Pack Vendor :wolfSSL I-CUBE-wolfTPM 3.8.0
2026-02-19 17:31:19,443 [INFO] ThirdParty:1030 - CMSIS Pack Vendor :wolfSSL I-CUBE-wolfSSH 1.4.20
2026-02-19 17:31:19,443 [INFO] ThirdParty:1030 - CMSIS Pack Vendor :STMicroelectronics X-CUBE-NFC7 2.0.0
2026-02-19 17:31:19,443 [INFO] ThirdParty:1030 - CMSIS Pack Vendor :STMicroelectronics X-CUBE-TCPP 4.2.0
2026-02-19 17:31:19,443 [INFO] ThirdParty:1030 - CMSIS Pack Vendor :RealThread X-CUBE-RT-Thread_Nano 4.1.1
2026-02-19 17:31:19,443 [INFO] ThirdParty:1030 - CMSIS Pack Vendor :STMicroelectronics FP-ATR-SIGFOX1 3.2.0
2026-02-19 17:31:19,443 [INFO] ThirdParty:1030 - CMSIS Pack Vendor :STMicroelectronics X-CUBE-EEPRMA1 5.1.0
2026-02-19 17:31:19,443 [INFO] ThirdParty:1030 - CMSIS Pack Vendor :STMicroelectronics MBEDTLS 2.16.2
2026-02-19 17:31:19,444 [INFO] ThirdParty:1030 - CMSIS Pack Vendor :STMicroelectronics X-CUBE-IPS 3.1.0
2026-02-19 17:31:19,444 [INFO] ThirdParty:1030 - CMSIS Pack Vendor :STMicroelectronics X-CUBE-ALS 1.0.2
2026-02-19 17:31:19,444 [INFO] ThirdParty:1030 - CMSIS Pack Vendor :wolfSSL I-CUBE-wolfSSL 5.7.6
2026-02-19 17:31:19,444 [INFO] ThirdParty:1030 - CMSIS Pack Vendor :ITTIA_DB I-CUBE-ITTIADB 8.9.0
2026-02-19 17:31:19,444 [INFO] ThirdParty:1030 - CMSIS Pack Vendor :STMicroelectronics X-CUBE-STSE01 1.0.0
2026-02-19 17:31:19,444 [INFO] ThirdParty:1030 - CMSIS Pack Vendor :portGmbH I-Cube-SoM-uGOAL 1.1.0
2026-02-19 17:31:19,444 [INFO] ThirdParty:1030 - CMSIS Pack Vendor :STMicroelectronics X-CUBE-NFC6 3.2.0
2026-02-19 17:31:19,444 [INFO] ThirdParty:1030 - CMSIS Pack Vendor :STMicroelectronics X-CUBE-ST67W61 1.0.0
2026-02-19 17:31:19,444 [INFO] ThirdParty:1030 - CMSIS Pack Vendor :STMicroelectronics X-CUBE-AI 10.2.0
2026-02-19 17:31:19,444 [INFO] ThirdParty:1030 - CMSIS Pack Vendor :STMicroelectronics ThreadX 1.0.0
2026-02-19 17:31:19,444 [INFO] ThirdParty:1030 - CMSIS Pack Vendor :SEGGER I-CUBE-embOS 1.3.1
2026-02-19 17:31:19,444 [INFO] ThirdParty:1030 - CMSIS Pack Vendor :STMicroelectronics X-CUBE-ALGOBUILD 1.4.0
2026-02-19 17:31:19,445 [INFO] ThirdParty:1030 - CMSIS Pack Vendor :STMicroelectronics X-CUBE-MEMS1 11.3.0
2026-02-19 17:31:19,445 [INFO] ThirdParty:1030 - CMSIS Pack Vendor :STMicroelectronics X-CUBE-TOF1 3.4.2
2026-02-19 17:31:19,445 [INFO] ThirdParty:1030 - CMSIS Pack Vendor :STMicroelectronics X-CUBE-TOF1 3.4.3
2026-02-19 17:31:19,445 [INFO] ThirdParty:841 - exiting critical section [change project]
2026-02-19 17:31:19,874 [INFO] PinOutPanel:1589 - setPackage(No Configuration,No Configuration)
2026-02-19 17:31:19,877 [INFO] PinOutPanel:1589 - setPackage(STM32F446RETx,LQFP64)
2026-02-19 17:31:20,452 [INFO] UtilMem:75 - Before build in PCC Used Memory: 653264896 Bytes (1073741824)
2026-02-19 17:31:22,881 [INFO] UtilMem:75 - After build in PCC Used Memory: 743964672 Bytes (1073741824)
2026-02-19 17:31:23,007 [INFO] IPUIPlugin:80 - create IPUIPlugin
2026-02-19 17:31:23,007 [INFO] IPUIPlugin:80 - create IPUIPlugin
2026-02-19 17:31:23,007 [INFO] IPUIPlugin:80 - create IPUIPlugin
2026-02-19 17:31:23,007 [INFO] IPUIPlugin:80 - create IPUIPlugin
2026-02-19 17:31:23,008 [INFO] IPUIPlugin:80 - create IPUIPlugin
2026-02-19 17:31:23,008 [INFO] IPUIPlugin:80 - create IPUIPlugin
2026-02-19 17:31:23,009 [INFO] IPUIPlugin:80 - create IPUIPlugin
2026-02-19 17:31:23,010 [INFO] IPUIPlugin:80 - create IPUIPlugin
2026-02-19 17:31:23,010 [INFO] IPUIPlugin:80 - create IPUIPlugin
2026-02-19 17:31:23,011 [INFO] IPUIPlugin:80 - create IPUIPlugin
2026-02-19 17:31:23,011 [INFO] IPUIPlugin:80 - create IPUIPlugin
2026-02-19 17:31:23,012 [INFO] IPUIPlugin:80 - create IPUIPlugin
2026-02-19 17:31:23,013 [INFO] IPUIPlugin:80 - create IPUIPlugin
2026-02-19 17:31:23,013 [INFO] IPUIPlugin:80 - create IPUIPlugin
2026-02-19 17:31:23,014 [INFO] IPUIPlugin:80 - create IPUIPlugin
2026-02-19 17:31:23,014 [INFO] IPUIPlugin:80 - create IPUIPlugin
2026-02-19 17:31:23,014 [INFO] IPUIPlugin:80 - create IPUIPlugin
2026-02-19 17:31:23,015 [INFO] IPUIPlugin:80 - create IPUIPlugin
2026-02-19 17:31:23,016 [INFO] IPUIPlugin:80 - create IPUIPlugin
2026-02-19 17:31:23,016 [INFO] IPUIPlugin:80 - create IPUIPlugin
2026-02-19 17:31:23,017 [INFO] IPUIPlugin:80 - create IPUIPlugin
2026-02-19 17:31:23,017 [INFO] IPUIPlugin:80 - create IPUIPlugin
2026-02-19 17:31:23,018 [INFO] IPUIPlugin:80 - create IPUIPlugin
2026-02-19 17:31:23,018 [INFO] IPUIPlugin:80 - create IPUIPlugin
2026-02-19 17:31:23,019 [INFO] IPUIPlugin:80 - create IPUIPlugin
2026-02-19 17:31:23,020 [INFO] IPUIPlugin:80 - create IPUIPlugin
2026-02-19 17:31:23,020 [INFO] IPUIPlugin:80 - create IPUIPlugin
2026-02-19 17:31:23,022 [INFO] IPUIPlugin:80 - create IPUIPlugin
2026-02-19 17:31:23,022 [INFO] IPUIPlugin:80 - create IPUIPlugin
2026-02-19 17:31:23,023 [INFO] IPUIPlugin:80 - create IPUIPlugin
2026-02-19 17:31:23,024 [INFO] IPUIPlugin:80 - create IPUIPlugin
2026-02-19 17:31:23,025 [INFO] IPUIPlugin:80 - create IPUIPlugin
2026-02-19 17:31:23,026 [INFO] IPUIPlugin:80 - create IPUIPlugin
2026-02-19 17:31:23,026 [INFO] IPUIPlugin:80 - create IPUIPlugin
2026-02-19 17:31:23,027 [INFO] IPUIPlugin:80 - create IPUIPlugin
2026-02-19 17:31:23,028 [INFO] IPUIPlugin:80 - create IPUIPlugin
2026-02-19 17:31:23,029 [INFO] IPUIPlugin:80 - create IPUIPlugin
2026-02-19 17:31:23,029 [INFO] IPUIPlugin:80 - create IPUIPlugin
2026-02-19 17:31:23,031 [INFO] IPUIPlugin:80 - create IPUIPlugin
2026-02-19 17:31:23,031 [INFO] IPUIPlugin:80 - create IPUIPlugin
2026-02-19 17:31:23,033 [INFO] IPUIPlugin:80 - create IPUIPlugin
2026-02-19 17:31:23,034 [INFO] IPUIPlugin:80 - create IPUIPlugin
2026-02-19 17:31:23,035 [INFO] IPUIPlugin:80 - create IPUIPlugin
2026-02-19 17:31:23,036 [INFO] IPUIPlugin:80 - create IPUIPlugin
2026-02-19 17:31:23,037 [INFO] IPUIPlugin:80 - create IPUIPlugin
2026-02-19 17:31:23,038 [INFO] IPUIPlugin:80 - create IPUIPlugin
2026-02-19 17:31:23,039 [INFO] IPUIPlugin:80 - create IPUIPlugin
2026-02-19 17:31:23,040 [INFO] IPUIPlugin:80 - create IPUIPlugin
2026-02-19 17:31:23,041 [INFO] IPUIPlugin:80 - create IPUIPlugin
2026-02-19 17:31:23,042 [INFO] IPUIPlugin:80 - create IPUIPlugin
2026-02-19 17:31:23,043 [INFO] IPUIPlugin:80 - create IPUIPlugin
2026-02-19 17:31:23,044 [INFO] IPUIPlugin:80 - create IPUIPlugin
2026-02-19 17:31:23,045 [INFO] IPUIPlugin:80 - create IPUIPlugin
2026-02-19 17:31:23,046 [INFO] IPUIPlugin:80 - create IPUIPlugin
2026-02-19 17:31:23,047 [INFO] IPUIPlugin:80 - create IPUIPlugin
2026-02-19 17:31:23,048 [INFO] IPUIPlugin:80 - create IPUIPlugin
2026-02-19 17:31:23,049 [INFO] IPUIPlugin:80 - create IPUIPlugin
2026-02-19 17:31:23,050 [INFO] IPUIPlugin:80 - create IPUIPlugin
2026-02-19 17:31:23,051 [INFO] IPUIPlugin:80 - create IPUIPlugin
2026-02-19 17:31:23,052 [INFO] IPUIPlugin:80 - create IPUIPlugin
2026-02-19 17:31:23,302 [INFO] ApiDbMcu:508 - Load IP Config File for PDM2PCM
2026-02-19 17:31:23,907 [INFO] CADModel:165 - CPN selected for project levelSTM32F446RET6
2026-02-19 17:31:23,908 [INFO] CADModel:114 - Register for checkConnection events
2026-02-19 17:31:23,985 [INFO] OpenFileManager:385 - Restore cursor
2026-02-19 17:31:58,931 [INFO] Gpio:277 - dependency for GPIO [SYS, TIM3, TIM5]
2026-02-19 17:32:19,073 [INFO] UtilMem:75 - End SaveConfig() Used Memory: 911410064 Bytes (1073741824)
2026-02-19 17:32:21,620 [INFO] UtilMem:75 - End SaveConfig() Used Memory: 687625296 Bytes (1073741824)
2026-02-19 17:32:22,106 [INFO] BlockDiagram:2775 - set Specific Code input for plugin: TIM1_8
2026-02-19 17:32:22,106 [INFO] BlockDiagram:2775 - set Specific Code input for plugin: TIM1_8
2026-02-19 17:32:22,106 [INFO] BlockDiagram:2775 - set Specific Code input for plugin: SYS
2026-02-19 17:32:22,106 [INFO] BlockDiagram:2775 - set Specific Code input for plugin: RCC
2026-02-19 17:32:22,106 [INFO] BlockDiagram:2775 - set Specific Code input for plugin: NVIC
2026-02-19 17:32:22,106 [INFO] BlockDiagram:2775 - set Specific Code input for plugin: GPIO
2026-02-19 17:32:22,109 [INFO] CodeGenerator:882 - code generatio: config db path: C:\ST\STM32CubeIDE_1.18.0\STM32CubeIDE\plugins\com.st.stm32cube.common.mx_6.14.0.202502271554\\db\
2026-02-19 17:32:22,308 [INFO] CodeEngine:263 - oldGeneratedFile, C:\Users\lthst\Desktop\aquaponics\Automated-Aquaponics-System\sec_convey\sec_convey_cart\MXTmpFiles\license.tmp_save
2026-02-19 17:32:22,713 [INFO] CodeEngine:287 - Generated code: C:\Users\lthst\Desktop\aquaponics\Automated-Aquaponics-System\sec_convey\sec_convey_cart\MXTmpFiles\license.tmp
2026-02-19 17:32:22,839 [INFO] CodeEngine:263 - oldGeneratedFile, C:\Users\lthst\Desktop\aquaponics\Automated-Aquaponics-System\sec_convey\sec_convey_cart\MXTmpFiles\gpio.tmp_save
2026-02-19 17:32:23,003 [INFO] CodeEngine:287 - Generated code: C:\Users\lthst\Desktop\aquaponics\Automated-Aquaponics-System\sec_convey\sec_convey_cart\MXTmpFiles\gpio.tmp
2026-02-19 17:32:23,210 [INFO] CodeEngine:263 - oldGeneratedFile, C:\Users\lthst\Desktop\aquaponics\Automated-Aquaponics-System\sec_convey\sec_convey_cart\Core\Src\stm32f4xx_it.c_save
2026-02-19 17:32:23,358 [INFO] CodeEngine:287 - Generated code: C:\Users\lthst\Desktop\aquaponics\Automated-Aquaponics-System\sec_convey\sec_convey_cart\Core\Src\stm32f4xx_it.c
2026-02-19 17:32:23,387 [INFO] CodeEngine:263 - oldGeneratedFile, C:\Users\lthst\Desktop\aquaponics\Automated-Aquaponics-System\sec_convey\sec_convey_cart\Core\Inc\stm32f4xx_it.h_save
2026-02-19 17:32:23,479 [INFO] CodeEngine:287 - Generated code: C:\Users\lthst\Desktop\aquaponics\Automated-Aquaponics-System\sec_convey\sec_convey_cart\Core\Inc\stm32f4xx_it.h
2026-02-19 17:32:23,528 [INFO] CodeEngine:263 - oldGeneratedFile, C:\Users\lthst\Desktop\aquaponics\Automated-Aquaponics-System\sec_convey\sec_convey_cart\Core\Src\stm32f4xx_hal_msp.c_save
2026-02-19 17:32:23,667 [INFO] CodeEngine:287 - Generated code: C:\Users\lthst\Desktop\aquaponics\Automated-Aquaponics-System\sec_convey\sec_convey_cart\Core\Src\stm32f4xx_hal_msp.c
2026-02-19 17:32:23,682 [INFO] CodeEngine:263 - oldGeneratedFile, C:\Users\lthst\Desktop\aquaponics\Automated-Aquaponics-System\sec_convey\sec_convey_cart\MXTmpFiles\system.tmp_save
2026-02-19 17:32:23,767 [INFO] CodeEngine:287 - Generated code: C:\Users\lthst\Desktop\aquaponics\Automated-Aquaponics-System\sec_convey\sec_convey_cart\MXTmpFiles\system.tmp
2026-02-19 17:32:23,814 [INFO] CodeEngine:319 - oldGeneratedFile, C:\Users\lthst\Desktop\aquaponics\Automated-Aquaponics-System\sec_convey\sec_convey_cart\Core\Inc\stm32f4xx_hal_conf.h_save
2026-02-19 17:32:23,937 [INFO] CodeEngine:343 - Generated code: C:\Users\lthst\Desktop\aquaponics\Automated-Aquaponics-System\sec_convey\sec_convey_cart\Core\Inc\stm32f4xx_hal_conf.h
2026-02-19 17:32:23,977 [WARN] IPConfigManager:3174 - Warning: the RefConfig PLL2P_FOR_MCO is not available in your config.xml file
2026-02-19 17:32:23,994 [INFO] ApiDbMcu:508 - Load IP Config File for TIM3
2026-02-19 17:32:24,006 [INFO] ApiDbMcu:508 - Load IP Config File for TIM5
2026-02-19 17:32:24,010 [INFO] ApiDbMcu:508 - Load IP Config File for RCC
2026-02-19 17:32:24,012 [WARN] IPConfigManager:3747 - IP not found : TIM
2026-02-19 17:32:24,023 [WARN] CodeGenerator:4198 - IP not found : null
2026-02-19 17:32:24,064 [INFO] CodeEngine:263 - oldGeneratedFile, C:\Users\lthst\Desktop\aquaponics\Automated-Aquaponics-System\sec_convey\sec_convey_cart\Core\Inc\main.h_save
2026-02-19 17:32:24,183 [INFO] CodeEngine:287 - Generated code: C:\Users\lthst\Desktop\aquaponics\Automated-Aquaponics-System\sec_convey\sec_convey_cart\Core\Inc\main.h
2026-02-19 17:32:24,210 [INFO] CodeEngine:263 - oldGeneratedFile, C:\Users\lthst\Desktop\aquaponics\Automated-Aquaponics-System\sec_convey\sec_convey_cart\Core\Src\main.c_save
2026-02-19 17:32:24,386 [INFO] CodeEngine:287 - Generated code: C:\Users\lthst\Desktop\aquaponics\Automated-Aquaponics-System\sec_convey\sec_convey_cart\Core\Src\main.c
2026-02-19 17:32:24,827 [INFO] ProjectBuilder:3324 - Time for Copy HAL[1] : 215mS.
2026-02-19 17:32:24,836 [INFO] ProjectBuilder:4912 - Project Generator version: 4.6.0-B36
2026-02-19 17:32:24,923 [INFO] ConfigFileManager:1590 - The Die is : DIE421
2026-02-19 17:32:24,940 [INFO] ApiDbMcu:508 - Load IP Config File for FATFS
2026-02-19 17:32:24,957 [INFO] ApiDbMcu:508 - Load IP Config File for FREERTOS
2026-02-19 17:32:24,972 [INFO] ApiDbMcu:508 - Load IP Config File for LIBJPEG
2026-02-19 17:32:24,989 [INFO] ApiDbMcu:508 - Load IP Config File for MBEDTLS
2026-02-19 17:32:25,009 [INFO] ApiDbMcu:508 - Load IP Config File for USB_DEVICE
2026-02-19 17:32:25,026 [INFO] ApiDbMcu:508 - Load IP Config File for USB_HOST
2026-02-19 17:32:25,862 [INFO] LogOutputStream:77 - [STDOUT_REDIRECT] 
2026-02-19 17:32:27,954 [INFO] ProjectBuilder:5191 - Time for Generating toolchain IDE Files: 3117mS.
2026-02-19 17:32:27,955 [INFO] ProjectBuilder:3181 - Time for Copy CMSIS : 1mS.
2026-02-19 17:32:27,960 [INFO] ProjectBuilder:3181 - Time for Copy CMSIS : 0mS.
2026-02-19 17:42:37,453 [INFO] UtilMem:75 - End SaveConfig() Used Memory: 920158512 Bytes (1073741824)
2026-02-19 17:42:38,420 [INFO] UtilMem:75 - End SaveConfig() Used Memory: 976349336 Bytes (1073741824)
2026-02-19 17:42:38,690 [INFO] BlockDiagram:2775 - set Specific Code input for plugin: TIM1_8
2026-02-19 17:42:38,690 [INFO] BlockDiagram:2775 - set Specific Code input for plugin: TIM1_8
2026-02-19 17:42:38,690 [INFO] BlockDiagram:2775 - set Specific Code input for plugin: SYS
2026-02-19 17:42:38,690 [INFO] BlockDiagram:2775 - set Specific Code input for plugin: RCC
2026-02-19 17:42:38,691 [INFO] BlockDiagram:2775 - set Specific Code input for plugin: NVIC
2026-02-19 17:42:38,691 [INFO] BlockDiagram:2775 - set Specific Code input for plugin: GPIO
2026-02-19 17:42:38,693 [INFO] CodeGenerator:882 - code generatio: config db path: C:\ST\STM32CubeIDE_1.18.0\STM32CubeIDE\plugins\com.st.stm32cube.common.mx_6.14.0.202502271554\\db\
2026-02-19 17:42:38,799 [INFO] CodeEngine:263 - oldGeneratedFile, C:\Users\lthst\Desktop\aquaponics\Automated-Aquaponics-System\sec_convey\sec_convey_cart\MXTmpFiles\license.tmp_save
2026-02-19 17:42:38,961 [INFO] CodeEngine:287 - Generated code: C:\Users\lthst\Desktop\aquaponics\Automated-Aquaponics-System\sec_convey\sec_convey_cart\MXTmpFiles\license.tmp
2026-02-19 17:42:39,003 [INFO] CodeEngine:263 - oldGeneratedFile, C:\Users\lthst\Desktop\aquaponics\Automated-Aquaponics-System\sec_convey\sec_convey_cart\MXTmpFiles\gpio.tmp_save
2026-02-19 17:42:39,160 [INFO] CodeEngine:287 - Generated code: C:\Users\lthst\Desktop\aquaponics\Automated-Aquaponics-System\sec_convey\sec_convey_cart\MXTmpFiles\gpio.tmp
2026-02-19 17:42:39,329 [INFO] CodeEngine:263 - oldGeneratedFile, C:\Users\lthst\Desktop\aquaponics\Automated-Aquaponics-System\sec_convey\sec_convey_cart\Core\Src\stm32f4xx_it.c_save
2026-02-19 17:42:39,554 [INFO] CodeEngine:287 - Generated code: C:\Users\lthst\Desktop\aquaponics\Automated-Aquaponics-System\sec_convey\sec_convey_cart\Core\Src\stm32f4xx_it.c
2026-02-19 17:42:39,561 [INFO] CodeEngine:263 - oldGeneratedFile, C:\Users\lthst\Desktop\aquaponics\Automated-Aquaponics-System\sec_convey\sec_convey_cart\Core\Inc\stm32f4xx_it.h_save
2026-02-19 17:42:39,652 [INFO] CodeEngine:287 - Generated code: C:\Users\lthst\Desktop\aquaponics\Automated-Aquaponics-System\sec_convey\sec_convey_cart\Core\Inc\stm32f4xx_it.h
2026-02-19 17:42:39,689 [INFO] CodeEngine:263 - oldGeneratedFile, C:\Users\lthst\Desktop\aquaponics\Automated-Aquaponics-System\sec_convey\sec_convey_cart\Core\Src\stm32f4xx_hal_msp.c_save
2026-02-19 17:42:39,819 [INFO] CodeEngine:287 - Generated code: C:\Users\lthst\Desktop\aquaponics\Automated-Aquaponics-System\sec_convey\sec_convey_cart\Core\Src\stm32f4xx_hal_msp.c
2026-02-19 17:42:39,824 [INFO] CodeEngine:263 - oldGeneratedFile, C:\Users\lthst\Desktop\aquaponics\Automated-Aquaponics-System\sec_convey\sec_convey_cart\MXTmpFiles\system.tmp_save
2026-02-19 17:42:39,886 [INFO] CodeEngine:287 - Generated code: C:\Users\lthst\Desktop\aquaponics\Automated-Aquaponics-System\sec_convey\sec_convey_cart\MXTmpFiles\system.tmp
2026-02-19 17:42:39,937 [INFO] CodeEngine:319 - oldGeneratedFile, C:\Users\lthst\Desktop\aquaponics\Automated-Aquaponics-System\sec_convey\sec_convey_cart\Core\Inc\stm32f4xx_hal_conf.h_save
2026-02-19 17:42:40,050 [INFO] CodeEngine:343 - Generated code: C:\Users\lthst\Desktop\aquaponics\Automated-Aquaponics-System\sec_convey\sec_convey_cart\Core\Inc\stm32f4xx_hal_conf.h
2026-02-19 17:42:40,088 [WARN] IPConfigManager:3174 - Warning: the RefConfig PLL2P_FOR_MCO is not available in your config.xml file
2026-02-19 17:42:40,090 [WARN] IPConfigManager:3747 - IP not found : TIM
2026-02-19 17:42:40,091 [WARN] CodeGenerator:4198 - IP not found : null
2026-02-19 17:42:40,114 [INFO] CodeEngine:263 - oldGeneratedFile, C:\Users\lthst\Desktop\aquaponics\Automated-Aquaponics-System\sec_convey\sec_convey_cart\Core\Inc\main.h_save
2026-02-19 17:42:40,225 [INFO] CodeEngine:287 - Generated code: C:\Users\lthst\Desktop\aquaponics\Automated-Aquaponics-System\sec_convey\sec_convey_cart\Core\Inc\main.h
2026-02-19 17:42:40,249 [INFO] CodeEngine:263 - oldGeneratedFile, C:\Users\lthst\Desktop\aquaponics\Automated-Aquaponics-System\sec_convey\sec_convey_cart\Core\Src\main.c_save
2026-02-19 17:42:40,386 [INFO] CodeEngine:287 - Generated code: C:\Users\lthst\Desktop\aquaponics\Automated-Aquaponics-System\sec_convey\sec_convey_cart\Core\Src\main.c
2026-02-19 17:42:40,835 [INFO] ProjectBuilder:3324 - Time for Copy HAL[1] : 198mS.
2026-02-19 17:42:40,839 [INFO] ProjectBuilder:4912 - Project Generator version: 4.6.0-B36
2026-02-19 17:42:40,944 [INFO] ConfigFileManager:1590 - The Die is : DIE421
2026-02-19 17:42:41,947 [INFO] ProjectBuilder:5191 - Time for Generating toolchain IDE Files: 1108mS.
2026-02-19 17:42:41,948 [INFO] ProjectBuilder:3181 - Time for Copy CMSIS : 1mS.
2026-02-19 17:42:41,955 [INFO] ProjectBuilder:3181 - Time for Copy CMSIS : 0mS.
2026-02-19 17:55:50,405 [ERROR] ConfigurationRetriever:142 - IOException on connection: Connect timed out
2026-02-19 17:56:21,808 [ERROR] ConfigurationRetriever:142 - IOException on connection: Read timed out
2026-02-19 17:56:23,815 [ERROR] ConfigurationRetriever:142 - IOException on connection: Connect timed out
2026-02-19 17:56:25,818 [ERROR] ConfigurationRetriever:142 - IOException on connection: Connect timed out
2026-02-19 18:06:18,644 [ERROR] ConfigurationRetriever:142 - IOException on connection: sw-center.st.com
2026-02-19 18:06:18,644 [ERROR] ConfigurationRetriever:142 - IOException on connection: sw-center.st.com
2026-02-19 18:06:18,645 [ERROR] ConfigurationRetriever:142 - IOException on connection: sw-center.st.com
2026-02-19 18:31:22,528 [ERROR] ConfigurationRetriever:142 - IOException on connection: Connect timed out
2026-02-19 18:31:24,542 [ERROR] ConfigurationRetriever:142 - IOException on connection: Connect timed out
2026-02-19 18:31:26,558 [ERROR] ConfigurationRetriever:142 - IOException on connection: Connect timed out
2026-02-19 18:31:28,659 [ERROR] ConfigurationRetriever:142 - IOException on connection: Connect timed out
2026-02-19 18:31:30,668 [ERROR] ConfigurationRetriever:142 - IOException on connection: Connect timed out
2026-02-19 18:31:32,678 [ERROR] ConfigurationRetriever:142 - IOException on connection: Connect timed out
